<?xml version="1.0" encoding="utf-8"?>
<result>
<totalCnt>154</totalCnt>
<item>
<sn>1</sn>
<no>2739</no>
<ccmaName><![CDATA[국가무형문화재]]></ccmaName>
<crltsnoNm>1</crltsnoNm>
<ccbaMnm1><![CDATA[종묘제례악]]></ccbaMnm1>
<ccbaMnm2><![CDATA[宗廟祭禮樂]]></ccbaMnm2>
<ccbaCtcdNm><![CDATA[서울]]></ccbaCtcdNm>
<ccsiName><![CDATA[서울전역]]></ccsiName>
<ccbaAdmin><![CDATA[(사)국가무형문화재 종묘제례악보존회]]></ccbaAdmin>
<ccbaKdcd>17</ccbaKdcd>
<ccbaCtcd>11</ccbaCtcd>
<ccbaAsno>00010000</ccbaAsno>
<ccbaCncl>N</ccbaCncl>
<ccbaCpno>1271100010000</ccbaCpno>
<longitude>0</longitude>
<latitude>0</latitude>

</item>

<item>
<sn>2</sn>
<no>2788</no>
<ccmaName><![CDATA[국가무형문화재]]></ccmaName>
<crltsnoNm>2</crltsnoNm>
<ccbaMnm1><![CDATA[양주별산대놀이]]></ccbaMnm1>
<ccbaMnm2><![CDATA[楊州別山臺놀이]]></ccbaMnm2>
<ccbaCtcdNm><![CDATA[경기]]></ccbaCtcdNm>
<ccsiName><![CDATA[양주시]]></ccsiName>
<ccbaAdmin><![CDATA[(사)국가무형문화재 제2호 양주별산대놀이보존회]]></ccbaAdmin>
<ccbaKdcd>17</ccbaKdcd>
<ccbaCtcd>31</ccbaCtcd>
<ccbaAsno>00020000</ccbaAsno>
<ccbaCncl>N</ccbaCncl>
<ccbaCpno>1273100020000</ccbaCpno>
<longitude>127.031581662508</longitude>
<latitude>37.7862232315967</latitude>

</item>

<item>
<sn>3</sn>
<no>2740</no>
<ccmaName><![CDATA[국가무형문화재]]></ccmaName>
<crltsnoNm>3</crltsnoNm>
<ccbaMnm1><![CDATA[남사당놀이]]></ccbaMnm1>
<ccbaMnm2><![CDATA[男寺黨놀이]]></ccbaMnm2>
<ccbaCtcdNm><![CDATA[서울]]></ccbaCtcdNm>
<ccsiName><![CDATA[서울전역]]></ccsiName>
<ccbaAdmin><![CDATA[남사당놀이보존회]]></ccbaAdmin>
<ccbaKdcd>17</ccbaKdcd>
<ccbaCtcd>11</ccbaCtcd>
<ccbaAsno>00030000</ccbaAsno>
<ccbaCncl>N</ccbaCncl>
<ccbaCpno>1271100030000</ccbaCpno>
<longitude>126.797262783318</longitude>
<latitude>37.509335042978</latitude>

</item>

<item>
<sn>4</sn>
<no>2859</no>
<ccmaName><![CDATA[국가무형문화재]]></ccmaName>
<crltsnoNm>4</crltsnoNm>
<ccbaMnm1><![CDATA[갓일]]></ccbaMnm1>
<ccbaMnm2><![CDATA[]]></ccbaMnm2>
<ccbaCtcdNm><![CDATA[기타]]></ccbaCtcdNm>
<ccsiName><![CDATA[.]]></ccsiName>
<ccbaAdmin><![CDATA[]]></ccbaAdmin>
<ccbaKdcd>17</ccbaKdcd>
<ccbaCtcd>ZZ</ccbaCtcd>
<ccbaAsno>00040000</ccbaAsno>
<ccbaCncl>N</ccbaCncl>
<ccbaCpno>1279900040000</ccbaCpno>
<longitude>126.670577967495</longitude>
<latitude>33.4371933829539</latitude>

</item>

<item>
<sn>5</sn>
<no>2860</no>
<ccmaName><![CDATA[국가무형문화재]]></ccmaName>
<crltsnoNm>5</crltsnoNm>
<ccbaMnm1><![CDATA[판소리]]></ccbaMnm1>
<ccbaMnm2><![CDATA[]]></ccbaMnm2>
<ccbaCtcdNm><![CDATA[기타]]></ccbaCtcdNm>
<ccsiName><![CDATA[.]]></ccsiName>
<ccbaAdmin><![CDATA[]]></ccbaAdmin>
<ccbaKdcd>17</ccbaKdcd>
<ccbaCtcd>ZZ</ccbaCtcd>
<ccbaAsno>00050000</ccbaAsno>
<ccbaCncl>N</ccbaCncl>
<ccbaCpno>1279900050000</ccbaCpno>
<longitude>127.171059382486</longitude>
<latitude>36.4577849578159</latitude>

</item>

<item>
<sn>6</sn>
<no>2841</no>
<ccmaName><![CDATA[국가무형문화재]]></ccmaName>
<crltsnoNm>6</crltsnoNm>
<ccbaMnm1><![CDATA[통영오광대]]></ccbaMnm1>
<ccbaMnm2><![CDATA[統營五廣大]]></ccbaMnm2>
<ccbaCtcdNm><![CDATA[경남]]></ccbaCtcdNm>
<ccsiName><![CDATA[통영시]]></ccsiName>
<ccbaAdmin><![CDATA[(사)국가무형문화재 제6호 통영오광대보존회]]></ccbaAdmin>
<ccbaKdcd>17</ccbaKdcd>
<ccbaCtcd>38</ccbaCtcd>
<ccbaAsno>00060000</ccbaAsno>
<ccbaCncl>N</ccbaCncl>
<ccbaCpno>1273800060000</ccbaCpno>
<longitude>128.442287438969</longitude>
<latitude>34.8443297780365</latitude>

</item>

<item>
<sn>7</sn>
<no>2842</no>
<ccmaName><![CDATA[국가무형문화재]]></ccmaName>
<crltsnoNm>7</crltsnoNm>
<ccbaMnm1><![CDATA[고성오광대]]></ccbaMnm1>
<ccbaMnm2><![CDATA[固城五廣大]]></ccbaMnm2>
<ccbaCtcdNm><![CDATA[경남]]></ccbaCtcdNm>
<ccsiName><![CDATA[고성군]]></ccsiName>
<ccbaAdmin><![CDATA[(사)국가무형문화재 제7호 고성오광대보존회]]></ccbaAdmin>
<ccbaKdcd>17</ccbaKdcd>
<ccbaCtcd>38</ccbaCtcd>
<ccbaAsno>00070000</ccbaAsno>
<ccbaCncl>N</ccbaCncl>
<ccbaCpno>1273800070000</ccbaCpno>
<longitude>128.333820965338</longitude>
<latitude>34.9723214106982</latitude>

</item>

<item>
<sn>8</sn>
<no>2815</no>
<ccmaName><![CDATA[국가무형문화재]]></ccmaName>
<crltsnoNm>8</crltsnoNm>
<ccbaMnm1><![CDATA[강강술래]]></ccbaMnm1>
<ccbaMnm2><![CDATA[]]></ccbaMnm2>
<ccbaCtcdNm><![CDATA[전남]]></ccbaCtcdNm>
<ccsiName><![CDATA[진도군]]></ccsiName>
<ccbaAdmin><![CDATA[(사)국가무형문화재 강강술래보존회]]></ccbaAdmin>
<ccbaKdcd>17</ccbaKdcd>
<ccbaCtcd>36</ccbaCtcd>
<ccbaAsno>00080000</ccbaAsno>
<ccbaCncl>N</ccbaCncl>
<ccbaCpno>1273600080000</ccbaCpno>
<longitude>126.266682053748</longitude>
<latitude>34.4864642004849</latitude>

</item>

<item>
<sn>9</sn>
<no>2805</no>
<ccmaName><![CDATA[국가무형문화재]]></ccmaName>
<crltsnoNm>9</crltsnoNm>
<ccbaMnm1><![CDATA[은산별신제]]></ccbaMnm1>
<ccbaMnm2><![CDATA[恩山別神祭]]></ccbaMnm2>
<ccbaCtcdNm><![CDATA[충남]]></ccbaCtcdNm>
<ccsiName><![CDATA[부여군]]></ccsiName>
<ccbaAdmin><![CDATA[(사)국가무형문화재 은산별신제]]></ccbaAdmin>
<ccbaKdcd>17</ccbaKdcd>
<ccbaCtcd>34</ccbaCtcd>
<ccbaAsno>00090000</ccbaAsno>
<ccbaCncl>N</ccbaCncl>
<ccbaCpno>1273400090000</ccbaCpno>
<longitude>126.850882748993</longitude>
<latitude>36.3118127182957</latitude>

</item>

<item>
<sn>10</sn>
<no>2861</no>
<ccmaName><![CDATA[국가무형문화재]]></ccmaName>
<crltsnoNm>10</crltsnoNm>
<ccbaMnm1><![CDATA[나전장]]></ccbaMnm1>
<ccbaMnm2><![CDATA[螺鈿匠]]></ccbaMnm2>
<ccbaCtcdNm><![CDATA[강원]]></ccbaCtcdNm>
<ccsiName><![CDATA[원주시]]></ccsiName>
<ccbaAdmin><![CDATA[]]></ccbaAdmin>
<ccbaKdcd>17</ccbaKdcd>
<ccbaCtcd>32</ccbaCtcd>
<ccbaAsno>00100000</ccbaAsno>
<ccbaCncl>N</ccbaCncl>
<ccbaCpno>1279900100000</ccbaCpno>
<longitude>0</longitude>
<latitude>0</latitude>

</item>

<item>
<sn>11</sn>
<no>2843</no>
<ccmaName><![CDATA[국가무형문화재]]></ccmaName>
<crltsnoNm>11-1</crltsnoNm>
<ccbaMnm1><![CDATA[진주삼천포농악]]></ccbaMnm1>
<ccbaMnm2><![CDATA[晋州三千浦農樂]]></ccbaMnm2>
<ccbaCtcdNm><![CDATA[경남]]></ccbaCtcdNm>
<ccsiName><![CDATA[사천시]]></ccsiName>
<ccbaAdmin><![CDATA[(사)국가무형문화재 진주삼천포농악보존회]]></ccbaAdmin>
<ccbaKdcd>17</ccbaKdcd>
<ccbaCtcd>38</ccbaCtcd>
<ccbaAsno>00110100</ccbaAsno>
<ccbaCncl>N</ccbaCncl>
<ccbaCpno>1273800110100</ccbaCpno>
<longitude>128.064365007232</longitude>
<latitude>34.9671118307502</latitude>

</item>

<item>
<sn>12</sn>
<no>2789</no>
<ccmaName><![CDATA[국가무형문화재]]></ccmaName>
<crltsnoNm>11-2</crltsnoNm>
<ccbaMnm1><![CDATA[평택농악]]></ccbaMnm1>
<ccbaMnm2><![CDATA[平澤農樂]]></ccbaMnm2>
<ccbaCtcdNm><![CDATA[경기]]></ccbaCtcdNm>
<ccsiName><![CDATA[평택시]]></ccsiName>
<ccbaAdmin><![CDATA[(사)국가무형문화재 평택농악보존회]]></ccbaAdmin>
<ccbaKdcd>17</ccbaKdcd>
<ccbaCtcd>31</ccbaCtcd>
<ccbaAsno>00110200</ccbaAsno>
<ccbaCncl>N</ccbaCncl>
<ccbaCpno>1273100110200</ccbaCpno>
<longitude>127.085328501095</longitude>
<latitude>36.9715709487999</latitude>

</item>

<item>
<sn>13</sn>
<no>2809</no>
<ccmaName><![CDATA[국가무형문화재]]></ccmaName>
<crltsnoNm>11-3</crltsnoNm>
<ccbaMnm1><![CDATA[이리농악]]></ccbaMnm1>
<ccbaMnm2><![CDATA[裡里農樂]]></ccbaMnm2>
<ccbaCtcdNm><![CDATA[전북]]></ccbaCtcdNm>
<ccsiName><![CDATA[익산시]]></ccsiName>
<ccbaAdmin><![CDATA[(사)국가무형문화재 이리농악보존회]]></ccbaAdmin>
<ccbaKdcd>17</ccbaKdcd>
<ccbaCtcd>35</ccbaCtcd>
<ccbaAsno>00110300</ccbaAsno>
<ccbaCncl>N</ccbaCncl>
<ccbaCpno>1273500110300</ccbaCpno>
<longitude>126.941490565366</longitude>
<latitude>35.95508330324</latitude>

</item>

<item>
<sn>14</sn>
<no>2798</no>
<ccmaName><![CDATA[국가무형문화재]]></ccmaName>
<crltsnoNm>11-4</crltsnoNm>
<ccbaMnm1><![CDATA[강릉농악]]></ccbaMnm1>
<ccbaMnm2><![CDATA[江陵農樂]]></ccbaMnm2>
<ccbaCtcdNm><![CDATA[강원]]></ccbaCtcdNm>
<ccsiName><![CDATA[강릉시]]></ccsiName>
<ccbaAdmin><![CDATA[(사)국가무형문화재 강릉농악보존회]]></ccbaAdmin>
<ccbaKdcd>17</ccbaKdcd>
<ccbaCtcd>32</ccbaCtcd>
<ccbaAsno>00110400</ccbaAsno>
<ccbaCncl>N</ccbaCncl>
<ccbaCpno>1273200110400</ccbaCpno>
<longitude>128.895268286188</longitude>
<latitude>37.7716822309777</latitude>

</item>

<item>
<sn>15</sn>
<no>2810</no>
<ccmaName><![CDATA[국가무형문화재]]></ccmaName>
<crltsnoNm>11-5</crltsnoNm>
<ccbaMnm1><![CDATA[임실필봉농악]]></ccbaMnm1>
<ccbaMnm2><![CDATA[任實筆峰農樂]]></ccbaMnm2>
<ccbaCtcdNm><![CDATA[전북]]></ccbaCtcdNm>
<ccsiName><![CDATA[임실군]]></ccsiName>
<ccbaAdmin><![CDATA[(사)국가무형문화재 임실필봉농악보존회]]></ccbaAdmin>
<ccbaKdcd>17</ccbaKdcd>
<ccbaCtcd>35</ccbaCtcd>
<ccbaAsno>00110500</ccbaAsno>
<ccbaCncl>N</ccbaCncl>
<ccbaCpno>1273500110500</ccbaCpno>
<longitude>127.154786103156</longitude>
<latitude>35.5367172710959</latitude>

</item>

<item>
<sn>16</sn>
<no>2816</no>
<ccmaName><![CDATA[국가무형문화재]]></ccmaName>
<crltsnoNm>11-6</crltsnoNm>
<ccbaMnm1><![CDATA[구례잔수농악]]></ccbaMnm1>
<ccbaMnm2><![CDATA[求禮潺水農樂]]></ccbaMnm2>
<ccbaCtcdNm><![CDATA[전남]]></ccbaCtcdNm>
<ccsiName><![CDATA[구례군]]></ccsiName>
<ccbaAdmin><![CDATA[(사)국가무형문화재 구례잔수농악보존회]]></ccbaAdmin>
<ccbaKdcd>17</ccbaKdcd>
<ccbaCtcd>36</ccbaCtcd>
<ccbaAsno>00110600</ccbaAsno>
<ccbaCncl>N</ccbaCncl>
<ccbaCpno>1273600110600</ccbaCpno>
<longitude>0</longitude>
<latitude>0</latitude>

</item>

<item>
<sn>17</sn>
<no>19701</no>
<ccmaName><![CDATA[국가무형문화재]]></ccmaName>
<crltsnoNm>11-7</crltsnoNm>
<ccbaMnm1><![CDATA[김천금릉빗내농악]]></ccbaMnm1>
<ccbaMnm2><![CDATA[]]></ccbaMnm2>
<ccbaCtcdNm><![CDATA[경북]]></ccbaCtcdNm>
<ccsiName><![CDATA[김천시]]></ccsiName>
<ccbaAdmin><![CDATA[김천금릉빗내농악보존회]]></ccbaAdmin>
<ccbaKdcd>17</ccbaKdcd>
<ccbaCtcd>37</ccbaCtcd>
<ccbaAsno>00110700</ccbaAsno>
<ccbaCncl>N</ccbaCncl>
<ccbaCpno>1273700110700</ccbaCpno>
<longitude>0</longitude>
<latitude>0</latitude>

</item>

<item>
<sn>18</sn>
<no>19702</no>
<ccmaName><![CDATA[국가무형문화재]]></ccmaName>
<crltsnoNm>11-8</crltsnoNm>
<ccbaMnm1><![CDATA[남원농악]]></ccbaMnm1>
<ccbaMnm2><![CDATA[]]></ccbaMnm2>
<ccbaCtcdNm><![CDATA[전북]]></ccbaCtcdNm>
<ccsiName><![CDATA[남원시]]></ccsiName>
<ccbaAdmin><![CDATA[남원농악보존회]]></ccbaAdmin>
<ccbaKdcd>17</ccbaKdcd>
<ccbaCtcd>35</ccbaCtcd>
<ccbaAsno>00110800</ccbaAsno>
<ccbaCncl>N</ccbaCncl>
<ccbaCpno>1273500110800</ccbaCpno>
<longitude>0</longitude>
<latitude>0</latitude>

</item>

<item>
<sn>19</sn>
<no>2844</no>
<ccmaName><![CDATA[국가무형문화재]]></ccmaName>
<crltsnoNm>12</crltsnoNm>
<ccbaMnm1><![CDATA[진주검무]]></ccbaMnm1>
<ccbaMnm2><![CDATA[晋州劍舞]]></ccbaMnm2>
<ccbaCtcdNm><![CDATA[경남]]></ccbaCtcdNm>
<ccsiName><![CDATA[진주시]]></ccsiName>
<ccbaAdmin><![CDATA[(사)국가무형문화재 진주검무보존회]]></ccbaAdmin>
<ccbaKdcd>17</ccbaKdcd>
<ccbaCtcd>38</ccbaCtcd>
<ccbaAsno>00120000</ccbaAsno>
<ccbaCncl>N</ccbaCncl>
<ccbaCpno>1273800120000</ccbaCpno>
<longitude>128.038491220142</longitude>
<latitude>35.1743755393295</latitude>

</item>

<item>
<sn>20</sn>
<no>2799</no>
<ccmaName><![CDATA[국가무형문화재]]></ccmaName>
<crltsnoNm>13</crltsnoNm>
<ccbaMnm1><![CDATA[강릉단오제]]></ccbaMnm1>
<ccbaMnm2><![CDATA[江陵端午祭]]></ccbaMnm2>
<ccbaCtcdNm><![CDATA[강원]]></ccbaCtcdNm>
<ccsiName><![CDATA[강릉시]]></ccsiName>
<ccbaAdmin><![CDATA[(사)국가무형문화재 강릉단오제보존회]]></ccbaAdmin>
<ccbaKdcd>17</ccbaKdcd>
<ccbaCtcd>32</ccbaCtcd>
<ccbaAsno>00130000</ccbaAsno>
<ccbaCncl>N</ccbaCncl>
<ccbaCpno>1273200130000</ccbaCpno>
<longitude>128.894910883184</longitude>
<latitude>37.7483022163827</latitude>

</item>

<item>
<sn>21</sn>
<no>2806</no>
<ccmaName><![CDATA[국가무형문화재]]></ccmaName>
<crltsnoNm>14</crltsnoNm>
<ccbaMnm1><![CDATA[한산모시짜기]]></ccbaMnm1>
<ccbaMnm2><![CDATA[韓山모시짜기]]></ccbaMnm2>
<ccbaCtcdNm><![CDATA[충남]]></ccbaCtcdNm>
<ccsiName><![CDATA[서천군]]></ccsiName>
<ccbaAdmin><![CDATA[]]></ccbaAdmin>
<ccbaKdcd>17</ccbaKdcd>
<ccbaCtcd>34</ccbaCtcd>
<ccbaAsno>00140000</ccbaAsno>
<ccbaCncl>N</ccbaCncl>
<ccbaCpno>1273400140000</ccbaCpno>
<longitude>126.799570550845</longitude>
<latitude>36.0799631036676</latitude>

</item>

<item>
<sn>22</sn>
<no>2741</no>
<ccmaName><![CDATA[국가무형문화재]]></ccmaName>
<crltsnoNm>15</crltsnoNm>
<ccbaMnm1><![CDATA[북청사자놀음]]></ccbaMnm1>
<ccbaMnm2><![CDATA[北靑獅子놀음]]></ccbaMnm2>
<ccbaCtcdNm><![CDATA[서울]]></ccbaCtcdNm>
<ccsiName><![CDATA[서울전역]]></ccsiName>
<ccbaAdmin><![CDATA[(사)국가무형문화재 북청사자놀음보존회]]></ccbaAdmin>
<ccbaKdcd>17</ccbaKdcd>
<ccbaCtcd>11</ccbaCtcd>
<ccbaAsno>00150000</ccbaAsno>
<ccbaCncl>N</ccbaCncl>
<ccbaCpno>1271100150000</ccbaCpno>
<longitude>127.044648466316</longitude>
<latitude>37.5102294403293</latitude>

</item>

<item>
<sn>23</sn>
<no>2862</no>
<ccmaName><![CDATA[국가무형문화재]]></ccmaName>
<crltsnoNm>16</crltsnoNm>
<ccbaMnm1><![CDATA[거문고산조]]></ccbaMnm1>
<ccbaMnm2><![CDATA[거문고散調]]></ccbaMnm2>
<ccbaCtcdNm><![CDATA[서울]]></ccbaCtcdNm>
<ccsiName><![CDATA[서울전역]]></ccsiName>
<ccbaAdmin><![CDATA[]]></ccbaAdmin>
<ccbaKdcd>17</ccbaKdcd>
<ccbaCtcd>11</ccbaCtcd>
<ccbaAsno>00160000</ccbaAsno>
<ccbaCncl>N</ccbaCncl>
<ccbaCpno>1279900160000</ccbaCpno>
<longitude>0</longitude>
<latitude>0</latitude>

</item>

<item>
<sn>24</sn>
<no>2742</no>
<ccmaName><![CDATA[국가무형문화재]]></ccmaName>
<crltsnoNm>17</crltsnoNm>
<ccbaMnm1><![CDATA[봉산탈춤]]></ccbaMnm1>
<ccbaMnm2><![CDATA[鳳山탈춤]]></ccbaMnm2>
<ccbaCtcdNm><![CDATA[서울]]></ccbaCtcdNm>
<ccsiName><![CDATA[서울전역]]></ccsiName>
<ccbaAdmin><![CDATA[(사)국가무형문화재 봉산탈춤보존회]]></ccbaAdmin>
<ccbaKdcd>17</ccbaKdcd>
<ccbaCtcd>11</ccbaCtcd>
<ccbaAsno>00170000</ccbaAsno>
<ccbaCncl>N</ccbaCncl>
<ccbaCpno>1271100170000</ccbaCpno>
<longitude>127.044648466316</longitude>
<latitude>37.5102294403293</latitude>

</item>

<item>
<sn>25</sn>
<no>2778</no>
<ccmaName><![CDATA[국가무형문화재]]></ccmaName>
<crltsnoNm>18</crltsnoNm>
<ccbaMnm1><![CDATA[동래야류]]></ccbaMnm1>
<ccbaMnm2><![CDATA[東萊野遊]]></ccbaMnm2>
<ccbaCtcdNm><![CDATA[부산]]></ccbaCtcdNm>
<ccsiName><![CDATA[동래구]]></ccsiName>
<ccbaAdmin><![CDATA[(사)국가무형문화재 동래야류보존회]]></ccbaAdmin>
<ccbaKdcd>17</ccbaKdcd>
<ccbaCtcd>21</ccbaCtcd>
<ccbaAsno>00180000</ccbaAsno>
<ccbaCncl>N</ccbaCncl>
<ccbaCpno>1272100180000</ccbaCpno>
<longitude>129.078472846537</longitude>
<latitude>35.2246376383103</latitude>

</item>

<item>
<sn>26</sn>
<no>2743</no>
<ccmaName><![CDATA[국가무형문화재]]></ccmaName>
<crltsnoNm>19</crltsnoNm>
<ccbaMnm1><![CDATA[선소리산타령]]></ccbaMnm1>
<ccbaMnm2><![CDATA[선소리山打令]]></ccbaMnm2>
<ccbaCtcdNm><![CDATA[서울]]></ccbaCtcdNm>
<ccsiName><![CDATA[서울전역]]></ccsiName>
<ccbaAdmin><![CDATA[(사)국가무형문화재 선소리산타령보존회]]></ccbaAdmin>
<ccbaKdcd>17</ccbaKdcd>
<ccbaCtcd>11</ccbaCtcd>
<ccbaAsno>00190000</ccbaAsno>
<ccbaCncl>N</ccbaCncl>
<ccbaCpno>1271100190000</ccbaCpno>
<longitude>127.044648466316</longitude>
<latitude>37.5102294403293</latitude>

</item>

<item>
<sn>27</sn>
<no>2744</no>
<ccmaName><![CDATA[국가무형문화재]]></ccmaName>
<crltsnoNm>20</crltsnoNm>
<ccbaMnm1><![CDATA[대금정악]]></ccbaMnm1>
<ccbaMnm2><![CDATA[大笒正樂]]></ccbaMnm2>
<ccbaCtcdNm><![CDATA[서울]]></ccbaCtcdNm>
<ccsiName><![CDATA[은평구]]></ccsiName>
<ccbaAdmin><![CDATA[]]></ccbaAdmin>
<ccbaKdcd>17</ccbaKdcd>
<ccbaCtcd>11</ccbaCtcd>
<ccbaAsno>00200000</ccbaAsno>
<ccbaCncl>N</ccbaCncl>
<ccbaCpno>1271100200000</ccbaCpno>
<longitude>0</longitude>
<latitude>0</latitude>

</item>

<item>
<sn>28</sn>
<no>2845</no>
<ccmaName><![CDATA[국가무형문화재]]></ccmaName>
<crltsnoNm>21</crltsnoNm>
<ccbaMnm1><![CDATA[승전무]]></ccbaMnm1>
<ccbaMnm2><![CDATA[勝戰舞]]></ccbaMnm2>
<ccbaCtcdNm><![CDATA[경남]]></ccbaCtcdNm>
<ccsiName><![CDATA[통영시]]></ccsiName>
<ccbaAdmin><![CDATA[(사)국가무형문화재 승전무보존회]]></ccbaAdmin>
<ccbaKdcd>17</ccbaKdcd>
<ccbaCtcd>38</ccbaCtcd>
<ccbaAsno>00210000</ccbaAsno>
<ccbaCncl>N</ccbaCncl>
<ccbaCpno>1273800210000</ccbaCpno>
<longitude>128.442287438969</longitude>
<latitude>34.8443297780365</latitude>

</item>

<item>
<sn>29</sn>
<no>2863</no>
<ccmaName><![CDATA[국가무형문화재]]></ccmaName>
<crltsnoNm>22</crltsnoNm>
<ccbaMnm1><![CDATA[매듭장]]></ccbaMnm1>
<ccbaMnm2><![CDATA[매듭匠]]></ccbaMnm2>
<ccbaCtcdNm><![CDATA[경기]]></ccbaCtcdNm>
<ccsiName><![CDATA[성남시]]></ccsiName>
<ccbaAdmin><![CDATA[]]></ccbaAdmin>
<ccbaKdcd>17</ccbaKdcd>
<ccbaCtcd>31</ccbaCtcd>
<ccbaAsno>00220000</ccbaAsno>
<ccbaCncl>N</ccbaCncl>
<ccbaCpno>1279900220000</ccbaCpno>
<longitude>0</longitude>
<latitude>0</latitude>

</item>

<item>
<sn>30</sn>
<no>2864</no>
<ccmaName><![CDATA[국가무형문화재]]></ccmaName>
<crltsnoNm>23</crltsnoNm>
<ccbaMnm1><![CDATA[가야금산조 및 병창]]></ccbaMnm1>
<ccbaMnm2><![CDATA[伽倻琴散調 및 倂唱]]></ccbaMnm2>
<ccbaCtcdNm><![CDATA[기타]]></ccbaCtcdNm>
<ccsiName><![CDATA[.]]></ccsiName>
<ccbaAdmin><![CDATA[]]></ccbaAdmin>
<ccbaKdcd>17</ccbaKdcd>
<ccbaCtcd>ZZ</ccbaCtcd>
<ccbaAsno>00230000</ccbaAsno>
<ccbaCncl>N</ccbaCncl>
<ccbaCpno>1279900230000</ccbaCpno>
<longitude>0</longitude>
<latitude>0</latitude>

</item>

<item>
<sn>31</sn>
<no>2832</no>
<ccmaName><![CDATA[국가무형문화재]]></ccmaName>
<crltsnoNm>24</crltsnoNm>
<ccbaMnm1><![CDATA[안동차전놀이]]></ccbaMnm1>
<ccbaMnm2><![CDATA[安東車戰놀이]]></ccbaMnm2>
<ccbaCtcdNm><![CDATA[경북]]></ccbaCtcdNm>
<ccsiName><![CDATA[안동시]]></ccsiName>
<ccbaAdmin><![CDATA[(사)국가무형문화재 안동차전놀이보존회]]></ccbaAdmin>
<ccbaKdcd>17</ccbaKdcd>
<ccbaCtcd>37</ccbaCtcd>
<ccbaAsno>00240000</ccbaAsno>
<ccbaCncl>N</ccbaCncl>
<ccbaCpno>1273700240000</ccbaCpno>
<longitude>128.731772272019</longitude>
<latitude>36.5603094646496</latitude>

</item>

<item>
<sn>32</sn>
<no>2846</no>
<ccmaName><![CDATA[국가무형문화재]]></ccmaName>
<crltsnoNm>25</crltsnoNm>
<ccbaMnm1><![CDATA[영산쇠머리대기]]></ccbaMnm1>
<ccbaMnm2><![CDATA[靈山쇠머리대기]]></ccbaMnm2>
<ccbaCtcdNm><![CDATA[경남]]></ccbaCtcdNm>
<ccsiName><![CDATA[창녕군]]></ccsiName>
<ccbaAdmin><![CDATA[(사)국가무형문화재 제25호 영산쇠머리대기보존회]]></ccbaAdmin>
<ccbaKdcd>17</ccbaKdcd>
<ccbaCtcd>38</ccbaCtcd>
<ccbaAsno>00250000</ccbaAsno>
<ccbaCncl>N</ccbaCncl>
<ccbaCpno>1273800250000</ccbaCpno>
<longitude>128.528926107512</longitude>
<latitude>35.4509243571994</latitude>

</item>

<item>
<sn>33</sn>
<no>2847</no>
<ccmaName><![CDATA[국가무형문화재]]></ccmaName>
<crltsnoNm>26</crltsnoNm>
<ccbaMnm1><![CDATA[영산줄다리기]]></ccbaMnm1>
<ccbaMnm2><![CDATA[靈山줄다리기]]></ccbaMnm2>
<ccbaCtcdNm><![CDATA[경남]]></ccbaCtcdNm>
<ccsiName><![CDATA[창녕군]]></ccsiName>
<ccbaAdmin><![CDATA[(사)국가무형문화재 영산줄다리기보존회]]></ccbaAdmin>
<ccbaKdcd>17</ccbaKdcd>
<ccbaCtcd>38</ccbaCtcd>
<ccbaAsno>00260000</ccbaAsno>
<ccbaCncl>N</ccbaCncl>
<ccbaCpno>1273800260000</ccbaCpno>
<longitude>128.528926107512</longitude>
<latitude>35.4509243571994</latitude>

</item>

<item>
<sn>34</sn>
<no>2865</no>
<ccmaName><![CDATA[국가무형문화재]]></ccmaName>
<crltsnoNm>27</crltsnoNm>
<ccbaMnm1><![CDATA[승무]]></ccbaMnm1>
<ccbaMnm2><![CDATA[僧舞]]></ccbaMnm2>
<ccbaCtcdNm><![CDATA[기타]]></ccbaCtcdNm>
<ccsiName><![CDATA[.]]></ccsiName>
<ccbaAdmin><![CDATA[]]></ccbaAdmin>
<ccbaKdcd>17</ccbaKdcd>
<ccbaCtcd>ZZ</ccbaCtcd>
<ccbaAsno>00270000</ccbaAsno>
<ccbaCncl>N</ccbaCncl>
<ccbaCpno>1279900270000</ccbaCpno>
<longitude>0</longitude>
<latitude>0</latitude>

</item>

<item>
<sn>35</sn>
<no>2817</no>
<ccmaName><![CDATA[국가무형문화재]]></ccmaName>
<crltsnoNm>28</crltsnoNm>
<ccbaMnm1><![CDATA[나주의 샛골나이]]></ccbaMnm1>
<ccbaMnm2><![CDATA[羅州의 샛골나이]]></ccbaMnm2>
<ccbaCtcdNm><![CDATA[전남]]></ccbaCtcdNm>
<ccsiName><![CDATA[나주시]]></ccsiName>
<ccbaAdmin><![CDATA[]]></ccbaAdmin>
<ccbaKdcd>17</ccbaKdcd>
<ccbaCtcd>36</ccbaCtcd>
<ccbaAsno>00280000</ccbaAsno>
<ccbaCncl>N</ccbaCncl>
<ccbaCpno>1273600280000</ccbaCpno>
<longitude>0</longitude>
<latitude>0</latitude>

</item>

<item>
<sn>36</sn>
<no>2866</no>
<ccmaName><![CDATA[국가무형문화재]]></ccmaName>
<crltsnoNm>29</crltsnoNm>
<ccbaMnm1><![CDATA[서도소리]]></ccbaMnm1>
<ccbaMnm2><![CDATA[西道소리]]></ccbaMnm2>
<ccbaCtcdNm><![CDATA[기타]]></ccbaCtcdNm>
<ccsiName><![CDATA[.]]></ccsiName>
<ccbaAdmin><![CDATA[]]></ccbaAdmin>
<ccbaKdcd>17</ccbaKdcd>
<ccbaCtcd>ZZ</ccbaCtcd>
<ccbaAsno>00290000</ccbaAsno>
<ccbaCncl>N</ccbaCncl>
<ccbaCpno>1279900290000</ccbaCpno>
<longitude>0</longitude>
<latitude>0</latitude>

</item>

<item>
<sn>37</sn>
<no>2867</no>
<ccmaName><![CDATA[국가무형문화재]]></ccmaName>
<crltsnoNm>30</crltsnoNm>
<ccbaMnm1><![CDATA[가곡]]></ccbaMnm1>
<ccbaMnm2><![CDATA[歌曲]]></ccbaMnm2>
<ccbaCtcdNm><![CDATA[기타]]></ccbaCtcdNm>
<ccsiName><![CDATA[.]]></ccsiName>
<ccbaAdmin><![CDATA[]]></ccbaAdmin>
<ccbaKdcd>17</ccbaKdcd>
<ccbaCtcd>ZZ</ccbaCtcd>
<ccbaAsno>00300000</ccbaAsno>
<ccbaCncl>N</ccbaCncl>
<ccbaCpno>1279900300000</ccbaCpno>
<longitude>128.566396402519</longitude>
<latitude>35.2224214939371</latitude>

</item>

<item>
<sn>38</sn>
<no>2818</no>
<ccmaName><![CDATA[국가무형문화재]]></ccmaName>
<crltsnoNm>31</crltsnoNm>
<ccbaMnm1><![CDATA[낙죽장]]></ccbaMnm1>
<ccbaMnm2><![CDATA[烙竹匠]]></ccbaMnm2>
<ccbaCtcdNm><![CDATA[전남]]></ccbaCtcdNm>
<ccsiName><![CDATA[보성군]]></ccsiName>
<ccbaAdmin><![CDATA[]]></ccbaAdmin>
<ccbaKdcd>17</ccbaKdcd>
<ccbaCtcd>36</ccbaCtcd>
<ccbaAsno>00310000</ccbaAsno>
<ccbaCncl>N</ccbaCncl>
<ccbaCpno>1273600310000</ccbaCpno>
<longitude>126.976710216369</longitude>
<latitude>35.3096540163054</latitude>

</item>

<item>
<sn>39</sn>
<no>2819</no>
<ccmaName><![CDATA[국가무형문화재]]></ccmaName>
<crltsnoNm>32</crltsnoNm>
<ccbaMnm1><![CDATA[곡성의 돌실나이]]></ccbaMnm1>
<ccbaMnm2><![CDATA[谷城의 돌실나이]]></ccbaMnm2>
<ccbaCtcdNm><![CDATA[전남]]></ccbaCtcdNm>
<ccsiName><![CDATA[곡성군]]></ccsiName>
<ccbaAdmin><![CDATA[]]></ccbaAdmin>
<ccbaKdcd>17</ccbaKdcd>
<ccbaCtcd>36</ccbaCtcd>
<ccbaAsno>00320000</ccbaAsno>
<ccbaCncl>Y</ccbaCncl>
<ccbaCpno>1273600320000</ccbaCpno>
<longitude>127.238868866716</longitude>
<latitude>35.1345885113657</latitude>

</item>

<item>
<sn>40</sn>
<no>2787</no>
<ccmaName><![CDATA[국가무형문화재]]></ccmaName>
<crltsnoNm>33</crltsnoNm>
<ccbaMnm1><![CDATA[광주 칠석 고싸움놀이]]></ccbaMnm1>
<ccbaMnm2><![CDATA[光州 漆石 고싸움놀이]]></ccbaMnm2>
<ccbaCtcdNm><![CDATA[광주]]></ccbaCtcdNm>
<ccsiName><![CDATA[남구]]></ccsiName>
<ccbaAdmin><![CDATA[(사)국가무형문화재 제33호 광주칠석고싸움놀이보존회]]></ccbaAdmin>
<ccbaKdcd>17</ccbaKdcd>
<ccbaCtcd>24</ccbaCtcd>
<ccbaAsno>00330000</ccbaAsno>
<ccbaCncl>N</ccbaCncl>
<ccbaCpno>1272400330000</ccbaCpno>
<longitude>126.835804593225</longitude>
<latitude>35.0692609194805</latitude>

</item>

<item>
<sn>41</sn>
<no>2745</no>
<ccmaName><![CDATA[국가무형문화재]]></ccmaName>
<crltsnoNm>34</crltsnoNm>
<ccbaMnm1><![CDATA[강령탈춤]]></ccbaMnm1>
<ccbaMnm2><![CDATA[康翎탈춤]]></ccbaMnm2>
<ccbaCtcdNm><![CDATA[서울]]></ccbaCtcdNm>
<ccsiName><![CDATA[서울전역]]></ccsiName>
<ccbaAdmin><![CDATA[(사)국가무형문화재 강령탈춤보존회]]></ccbaAdmin>
<ccbaKdcd>17</ccbaKdcd>
<ccbaCtcd>11</ccbaCtcd>
<ccbaAsno>00340000</ccbaAsno>
<ccbaCncl>N</ccbaCncl>
<ccbaCpno>1271100340000</ccbaCpno>
<longitude>127.044648466316</longitude>
<latitude>37.5102294403293</latitude>

</item>

<item>
<sn>42</sn>
<no>2746</no>
<ccmaName><![CDATA[국가무형문화재]]></ccmaName>
<crltsnoNm>35</crltsnoNm>
<ccbaMnm1><![CDATA[조각장]]></ccbaMnm1>
<ccbaMnm2><![CDATA[彫刻匠]]></ccbaMnm2>
<ccbaCtcdNm><![CDATA[기타]]></ccbaCtcdNm>
<ccsiName><![CDATA[.]]></ccsiName>
<ccbaAdmin><![CDATA[]]></ccbaAdmin>
<ccbaKdcd>17</ccbaKdcd>
<ccbaCtcd>ZZ</ccbaCtcd>
<ccbaAsno>00350000</ccbaAsno>
<ccbaCncl>N</ccbaCncl>
<ccbaCpno>1271100350000</ccbaCpno>
<longitude>0</longitude>
<latitude>0</latitude>

</item>

<item>
<sn>43</sn>
<no>2747</no>
<ccmaName><![CDATA[국가무형문화재]]></ccmaName>
<crltsnoNm>36</crltsnoNm>
<ccbaMnm1><![CDATA[판소리심청가]]></ccbaMnm1>
<ccbaMnm2><![CDATA[판소리沈淸歌]]></ccbaMnm2>
<ccbaCtcdNm><![CDATA[서울]]></ccbaCtcdNm>
<ccsiName><![CDATA[서울전역]]></ccsiName>
<ccbaAdmin><![CDATA[]]></ccbaAdmin>
<ccbaKdcd>17</ccbaKdcd>
<ccbaCtcd>11</ccbaCtcd>
<ccbaAsno>00360000</ccbaAsno>
<ccbaCncl>Y</ccbaCncl>
<ccbaCpno>1271100360000</ccbaCpno>
<longitude>0</longitude>
<latitude>0</latitude>

</item>

<item>
<sn>44</sn>
<no>2748</no>
<ccmaName><![CDATA[국가무형문화재]]></ccmaName>
<crltsnoNm>37</crltsnoNm>
<ccbaMnm1><![CDATA[화장]]></ccbaMnm1>
<ccbaMnm2><![CDATA[靴匠]]></ccbaMnm2>
<ccbaCtcdNm><![CDATA[서울]]></ccbaCtcdNm>
<ccsiName><![CDATA[서울전역]]></ccsiName>
<ccbaAdmin><![CDATA[]]></ccbaAdmin>
<ccbaKdcd>17</ccbaKdcd>
<ccbaCtcd>11</ccbaCtcd>
<ccbaAsno>00370000</ccbaAsno>
<ccbaCncl>Y</ccbaCncl>
<ccbaCpno>1271100370000</ccbaCpno>
<longitude>0</longitude>
<latitude>0</latitude>

</item>

<item>
<sn>45</sn>
<no>2749</no>
<ccmaName><![CDATA[국가무형문화재]]></ccmaName>
<crltsnoNm>38</crltsnoNm>
<ccbaMnm1><![CDATA[조선왕조궁중음식]]></ccbaMnm1>
<ccbaMnm2><![CDATA[朝鮮王朝宮中飮食]]></ccbaMnm2>
<ccbaCtcdNm><![CDATA[서울]]></ccbaCtcdNm>
<ccsiName><![CDATA[서울전역]]></ccsiName>
<ccbaAdmin><![CDATA[]]></ccbaAdmin>
<ccbaKdcd>17</ccbaKdcd>
<ccbaCtcd>11</ccbaCtcd>
<ccbaAsno>00380000</ccbaAsno>
<ccbaCncl>N</ccbaCncl>
<ccbaCpno>1271100380000</ccbaCpno>
<longitude>0</longitude>
<latitude>0</latitude>

</item>

<item>
<sn>46</sn>
<no>2750</no>
<ccmaName><![CDATA[국가무형문화재]]></ccmaName>
<crltsnoNm>39</crltsnoNm>
<ccbaMnm1><![CDATA[처용무]]></ccbaMnm1>
<ccbaMnm2><![CDATA[處容舞]]></ccbaMnm2>
<ccbaCtcdNm><![CDATA[서울]]></ccbaCtcdNm>
<ccsiName><![CDATA[서울전역]]></ccsiName>
<ccbaAdmin><![CDATA[(사)국가무형문화재 처용무보존회]]></ccbaAdmin>
<ccbaKdcd>17</ccbaKdcd>
<ccbaCtcd>11</ccbaCtcd>
<ccbaAsno>00390000</ccbaAsno>
<ccbaCncl>N</ccbaCncl>
<ccbaCpno>1271100390000</ccbaCpno>
<longitude>0</longitude>
<latitude>0</latitude>

</item>

<item>
<sn>47</sn>
<no>2751</no>
<ccmaName><![CDATA[국가무형문화재]]></ccmaName>
<crltsnoNm>40</crltsnoNm>
<ccbaMnm1><![CDATA[학연화대합설무]]></ccbaMnm1>
<ccbaMnm2><![CDATA[鶴蓮花臺合設舞]]></ccbaMnm2>
<ccbaCtcdNm><![CDATA[서울]]></ccbaCtcdNm>
<ccsiName><![CDATA[서울전역]]></ccsiName>
<ccbaAdmin><![CDATA[(사)국가무형문화재 학연화대합설무보존회]]></ccbaAdmin>
<ccbaKdcd>17</ccbaKdcd>
<ccbaCtcd>11</ccbaCtcd>
<ccbaAsno>00400000</ccbaAsno>
<ccbaCncl>N</ccbaCncl>
<ccbaCpno>1271100400000</ccbaCpno>
<longitude>127.044648466316</longitude>
<latitude>37.5102294403293</latitude>

</item>

<item>
<sn>48</sn>
<no>2752</no>
<ccmaName><![CDATA[국가무형문화재]]></ccmaName>
<crltsnoNm>41</crltsnoNm>
<ccbaMnm1><![CDATA[가사]]></ccbaMnm1>
<ccbaMnm2><![CDATA[歌詞]]></ccbaMnm2>
<ccbaCtcdNm><![CDATA[서울]]></ccbaCtcdNm>
<ccsiName><![CDATA[서울전역]]></ccsiName>
<ccbaAdmin><![CDATA[]]></ccbaAdmin>
<ccbaKdcd>17</ccbaKdcd>
<ccbaCtcd>11</ccbaCtcd>
<ccbaAsno>00410000</ccbaAsno>
<ccbaCncl>N</ccbaCncl>
<ccbaCpno>1271100410000</ccbaCpno>
<longitude>0</longitude>
<latitude>0</latitude>

</item>

<item>
<sn>49</sn>
<no>2753</no>
<ccmaName><![CDATA[국가무형문화재]]></ccmaName>
<crltsnoNm>42</crltsnoNm>
<ccbaMnm1><![CDATA[악기장]]></ccbaMnm1>
<ccbaMnm2><![CDATA[樂器匠]]></ccbaMnm2>
<ccbaCtcdNm><![CDATA[기타]]></ccbaCtcdNm>
<ccsiName><![CDATA[.]]></ccsiName>
<ccbaAdmin><![CDATA[]]></ccbaAdmin>
<ccbaKdcd>17</ccbaKdcd>
<ccbaCtcd>ZZ</ccbaCtcd>
<ccbaAsno>00420000</ccbaAsno>
<ccbaCncl>N</ccbaCncl>
<ccbaCpno>1271100420000</ccbaCpno>
<longitude>0</longitude>
<latitude>0</latitude>

</item>

<item>
<sn>50</sn>
<no>2779</no>
<ccmaName><![CDATA[국가무형문화재]]></ccmaName>
<crltsnoNm>43</crltsnoNm>
<ccbaMnm1><![CDATA[수영야류]]></ccbaMnm1>
<ccbaMnm2><![CDATA[水營野遊]]></ccbaMnm2>
<ccbaCtcdNm><![CDATA[부산]]></ccbaCtcdNm>
<ccsiName><![CDATA[수영구]]></ccsiName>
<ccbaAdmin><![CDATA[(사)국가무형문화재 수영야류보존회]]></ccbaAdmin>
<ccbaKdcd>17</ccbaKdcd>
<ccbaCtcd>21</ccbaCtcd>
<ccbaAsno>00430000</ccbaAsno>
<ccbaCncl>N</ccbaCncl>
<ccbaCpno>1272100430000</ccbaCpno>
<longitude>129.113966243743</longitude>
<latitude>35.1712174442295</latitude>

</item>

<item>
<sn>51</sn>
<no>2833</no>
<ccmaName><![CDATA[국가무형문화재]]></ccmaName>
<crltsnoNm>44</crltsnoNm>
<ccbaMnm1><![CDATA[경산자인단오제]]></ccbaMnm1>
<ccbaMnm2><![CDATA[慶山慈仁端午祭]]></ccbaMnm2>
<ccbaCtcdNm><![CDATA[경북]]></ccbaCtcdNm>
<ccsiName><![CDATA[경산시]]></ccsiName>
<ccbaAdmin><![CDATA[(사)국가무형문화재 경산자인단오제보존회]]></ccbaAdmin>
<ccbaKdcd>17</ccbaKdcd>
<ccbaCtcd>37</ccbaCtcd>
<ccbaAsno>00440000</ccbaAsno>
<ccbaCncl>N</ccbaCncl>
<ccbaCpno>1273700440000</ccbaCpno>
<longitude>128.818802232187</longitude>
<latitude>35.8177589382115</latitude>

</item>

<item>
<sn>52</sn>
<no>2868</no>
<ccmaName><![CDATA[국가무형문화재]]></ccmaName>
<crltsnoNm>45</crltsnoNm>
<ccbaMnm1><![CDATA[대금산조]]></ccbaMnm1>
<ccbaMnm2><![CDATA[大笒散調]]></ccbaMnm2>
<ccbaCtcdNm><![CDATA[기타]]></ccbaCtcdNm>
<ccsiName><![CDATA[.]]></ccsiName>
<ccbaAdmin><![CDATA[]]></ccbaAdmin>
<ccbaKdcd>17</ccbaKdcd>
<ccbaCtcd>ZZ</ccbaCtcd>
<ccbaAsno>00450000</ccbaAsno>
<ccbaCncl>N</ccbaCncl>
<ccbaCpno>1279900450000</ccbaCpno>
<longitude>0</longitude>
<latitude>0</latitude>

</item>

<item>
<sn>53</sn>
<no>2754</no>
<ccmaName><![CDATA[국가무형문화재]]></ccmaName>
<crltsnoNm>46</crltsnoNm>
<ccbaMnm1><![CDATA[피리정악 및 대취타]]></ccbaMnm1>
<ccbaMnm2><![CDATA[피리正樂 및 大吹打]]></ccbaMnm2>
<ccbaCtcdNm><![CDATA[서울]]></ccbaCtcdNm>
<ccsiName><![CDATA[서울전역]]></ccsiName>
<ccbaAdmin><![CDATA[(사)국가무형문화재 피리정악및대취타보존회]]></ccbaAdmin>
<ccbaKdcd>17</ccbaKdcd>
<ccbaCtcd>11</ccbaCtcd>
<ccbaAsno>00460000</ccbaAsno>
<ccbaCncl>N</ccbaCncl>
<ccbaCpno>1271100460000</ccbaCpno>
<longitude>0</longitude>
<latitude>0</latitude>

</item>

<item>
<sn>54</sn>
<no>2790</no>
<ccmaName><![CDATA[국가무형문화재]]></ccmaName>
<crltsnoNm>47</crltsnoNm>
<ccbaMnm1><![CDATA[궁시장]]></ccbaMnm1>
<ccbaMnm2><![CDATA[弓矢匠]]></ccbaMnm2>
<ccbaCtcdNm><![CDATA[기타]]></ccbaCtcdNm>
<ccsiName><![CDATA[.]]></ccsiName>
<ccbaAdmin><![CDATA[]]></ccbaAdmin>
<ccbaKdcd>17</ccbaKdcd>
<ccbaCtcd>ZZ</ccbaCtcd>
<ccbaAsno>00470000</ccbaAsno>
<ccbaCncl>N</ccbaCncl>
<ccbaCpno>1273100470000</ccbaCpno>
<longitude>127.044648466316</longitude>
<latitude>37.5102294403293</latitude>

</item>

<item>
<sn>55</sn>
<no>2755</no>
<ccmaName><![CDATA[국가무형문화재]]></ccmaName>
<crltsnoNm>48</crltsnoNm>
<ccbaMnm1><![CDATA[단청장]]></ccbaMnm1>
<ccbaMnm2><![CDATA[丹靑匠]]></ccbaMnm2>
<ccbaCtcdNm><![CDATA[경남]]></ccbaCtcdNm>
<ccsiName><![CDATA[양산시]]></ccsiName>
<ccbaAdmin><![CDATA[]]></ccbaAdmin>
<ccbaKdcd>17</ccbaKdcd>
<ccbaCtcd>38</ccbaCtcd>
<ccbaAsno>00480000</ccbaAsno>
<ccbaCncl>N</ccbaCncl>
<ccbaCpno>1271100480000</ccbaCpno>
<longitude>0</longitude>
<latitude>0</latitude>

</item>

<item>
<sn>56</sn>
<no>2756</no>
<ccmaName><![CDATA[국가무형문화재]]></ccmaName>
<crltsnoNm>49</crltsnoNm>
<ccbaMnm1><![CDATA[송파산대놀이]]></ccbaMnm1>
<ccbaMnm2><![CDATA[松坡山臺놀이]]></ccbaMnm2>
<ccbaCtcdNm><![CDATA[서울]]></ccbaCtcdNm>
<ccsiName><![CDATA[송파구]]></ccsiName>
<ccbaAdmin><![CDATA[(사)국가무형문화재 제49호 송파산대놀이보존회]]></ccbaAdmin>
<ccbaKdcd>17</ccbaKdcd>
<ccbaCtcd>11</ccbaCtcd>
<ccbaAsno>00490000</ccbaAsno>
<ccbaCncl>N</ccbaCncl>
<ccbaCpno>1271100490000</ccbaCpno>
<longitude>127.098024939024</longitude>
<latitude>37.5095662016777</latitude>

</item>

<item>
<sn>57</sn>
<no>2757</no>
<ccmaName><![CDATA[국가무형문화재]]></ccmaName>
<crltsnoNm>50</crltsnoNm>
<ccbaMnm1><![CDATA[영산재]]></ccbaMnm1>
<ccbaMnm2><![CDATA[靈山齋]]></ccbaMnm2>
<ccbaCtcdNm><![CDATA[서울]]></ccbaCtcdNm>
<ccsiName><![CDATA[서대문구]]></ccsiName>
<ccbaAdmin><![CDATA[(사)국가무형문화재 영산재보존회]]></ccbaAdmin>
<ccbaKdcd>17</ccbaKdcd>
<ccbaCtcd>11</ccbaCtcd>
<ccbaAsno>00500000</ccbaAsno>
<ccbaCncl>N</ccbaCncl>
<ccbaCpno>1271100500000</ccbaCpno>
<longitude>0</longitude>
<latitude>0</latitude>

</item>

<item>
<sn>58</sn>
<no>2820</no>
<ccmaName><![CDATA[국가무형문화재]]></ccmaName>
<crltsnoNm>51</crltsnoNm>
<ccbaMnm1><![CDATA[남도들노래]]></ccbaMnm1>
<ccbaMnm2><![CDATA[南道들노래]]></ccbaMnm2>
<ccbaCtcdNm><![CDATA[전남]]></ccbaCtcdNm>
<ccsiName><![CDATA[진도군]]></ccsiName>
<ccbaAdmin><![CDATA[(사)국가무형문화재 남도들노래보존회]]></ccbaAdmin>
<ccbaKdcd>17</ccbaKdcd>
<ccbaCtcd>36</ccbaCtcd>
<ccbaAsno>00510000</ccbaAsno>
<ccbaCncl>N</ccbaCncl>
<ccbaCpno>1273600510000</ccbaCpno>
<longitude>126.162464484629</longitude>
<latitude>34.4245652527766</latitude>

</item>

<item>
<sn>59</sn>
<no>2758</no>
<ccmaName><![CDATA[국가무형문화재]]></ccmaName>
<crltsnoNm>52</crltsnoNm>
<ccbaMnm1><![CDATA[시나위]]></ccbaMnm1>
<ccbaMnm2><![CDATA[시나위]]></ccbaMnm2>
<ccbaCtcdNm><![CDATA[서울]]></ccbaCtcdNm>
<ccsiName><![CDATA[서울전역]]></ccsiName>
<ccbaAdmin><![CDATA[]]></ccbaAdmin>
<ccbaKdcd>17</ccbaKdcd>
<ccbaCtcd>11</ccbaCtcd>
<ccbaAsno>00520000</ccbaAsno>
<ccbaCncl>Y</ccbaCncl>
<ccbaCpno>1271100520000</ccbaCpno>
<longitude>0</longitude>
<latitude>0</latitude>

</item>

<item>
<sn>60</sn>
<no>2821</no>
<ccmaName><![CDATA[국가무형문화재]]></ccmaName>
<crltsnoNm>53</crltsnoNm>
<ccbaMnm1><![CDATA[채상장]]></ccbaMnm1>
<ccbaMnm2><![CDATA[彩箱匠]]></ccbaMnm2>
<ccbaCtcdNm><![CDATA[전남]]></ccbaCtcdNm>
<ccsiName><![CDATA[담양군]]></ccsiName>
<ccbaAdmin><![CDATA[]]></ccbaAdmin>
<ccbaKdcd>17</ccbaKdcd>
<ccbaCtcd>36</ccbaCtcd>
<ccbaAsno>00530000</ccbaAsno>
<ccbaCncl>N</ccbaCncl>
<ccbaCpno>1273600530000</ccbaCpno>
<longitude>126.97824928128</longitude>
<latitude>35.3208246749282</latitude>

</item>

<item>
<sn>61</sn>
<no>2869</no>
<ccmaName><![CDATA[국가무형문화재]]></ccmaName>
<crltsnoNm>54</crltsnoNm>
<ccbaMnm1><![CDATA[끊음질]]></ccbaMnm1>
<ccbaMnm2><![CDATA[끊음질]]></ccbaMnm2>
<ccbaCtcdNm><![CDATA[기타]]></ccbaCtcdNm>
<ccsiName><![CDATA[.]]></ccsiName>
<ccbaAdmin><![CDATA[]]></ccbaAdmin>
<ccbaKdcd>17</ccbaKdcd>
<ccbaCtcd>ZZ</ccbaCtcd>
<ccbaAsno>00540000</ccbaAsno>
<ccbaCncl>Y</ccbaCncl>
<ccbaCpno>1279900540000</ccbaCpno>
<longitude>0</longitude>
<latitude>0</latitude>

</item>

<item>
<sn>62</sn>
<no>2822</no>
<ccmaName><![CDATA[국가무형문화재]]></ccmaName>
<crltsnoNm>55</crltsnoNm>
<ccbaMnm1><![CDATA[소목장]]></ccbaMnm1>
<ccbaMnm2><![CDATA[小木匠]]></ccbaMnm2>
<ccbaCtcdNm><![CDATA[기타]]></ccbaCtcdNm>
<ccsiName><![CDATA[.]]></ccsiName>
<ccbaAdmin><![CDATA[]]></ccbaAdmin>
<ccbaKdcd>17</ccbaKdcd>
<ccbaCtcd>ZZ</ccbaCtcd>
<ccbaAsno>00550000</ccbaAsno>
<ccbaCncl>N</ccbaCncl>
<ccbaCpno>1273600550000</ccbaCpno>
<longitude>0</longitude>
<latitude>0</latitude>

</item>

<item>
<sn>63</sn>
<no>2759</no>
<ccmaName><![CDATA[국가무형문화재]]></ccmaName>
<crltsnoNm>56</crltsnoNm>
<ccbaMnm1><![CDATA[종묘제례]]></ccbaMnm1>
<ccbaMnm2><![CDATA[宗廟祭禮]]></ccbaMnm2>
<ccbaCtcdNm><![CDATA[서울]]></ccbaCtcdNm>
<ccsiName><![CDATA[종로구]]></ccsiName>
<ccbaAdmin><![CDATA[(사)국가무형문화재 종묘제례보존회]]></ccbaAdmin>
<ccbaKdcd>17</ccbaKdcd>
<ccbaCtcd>11</ccbaCtcd>
<ccbaAsno>00560000</ccbaAsno>
<ccbaCncl>N</ccbaCncl>
<ccbaCpno>1271100560000</ccbaCpno>
<longitude>0</longitude>
<latitude>0</latitude>

</item>

<item>
<sn>64</sn>
<no>2870</no>
<ccmaName><![CDATA[국가무형문화재]]></ccmaName>
<crltsnoNm>57</crltsnoNm>
<ccbaMnm1><![CDATA[경기민요]]></ccbaMnm1>
<ccbaMnm2><![CDATA[京畿民謠]]></ccbaMnm2>
<ccbaCtcdNm><![CDATA[경기]]></ccbaCtcdNm>
<ccsiName><![CDATA[경기전역]]></ccsiName>
<ccbaAdmin><![CDATA[]]></ccbaAdmin>
<ccbaKdcd>17</ccbaKdcd>
<ccbaCtcd>31</ccbaCtcd>
<ccbaAsno>00570000</ccbaAsno>
<ccbaCncl>N</ccbaCncl>
<ccbaCpno>1279900570000</ccbaCpno>
<longitude>0</longitude>
<latitude>0</latitude>

</item>

<item>
<sn>65</sn>
<no>2791</no>
<ccmaName><![CDATA[국가무형문화재]]></ccmaName>
<crltsnoNm>58</crltsnoNm>
<ccbaMnm1><![CDATA[줄타기]]></ccbaMnm1>
<ccbaMnm2><![CDATA[]]></ccbaMnm2>
<ccbaCtcdNm><![CDATA[경기]]></ccbaCtcdNm>
<ccsiName><![CDATA[과천시]]></ccsiName>
<ccbaAdmin><![CDATA[]]></ccbaAdmin>
<ccbaKdcd>17</ccbaKdcd>
<ccbaCtcd>31</ccbaCtcd>
<ccbaAsno>00580000</ccbaAsno>
<ccbaCncl>N</ccbaCncl>
<ccbaCpno>1273100580000</ccbaCpno>
<longitude>0</longitude>
<latitude>0</latitude>

</item>

<item>
<sn>66</sn>
<no>2760</no>
<ccmaName><![CDATA[국가무형문화재]]></ccmaName>
<crltsnoNm>59</crltsnoNm>
<ccbaMnm1><![CDATA[판소리고법]]></ccbaMnm1>
<ccbaMnm2><![CDATA[판소리鼓法]]></ccbaMnm2>
<ccbaCtcdNm><![CDATA[서울]]></ccbaCtcdNm>
<ccsiName><![CDATA[서울전역]]></ccsiName>
<ccbaAdmin><![CDATA[]]></ccbaAdmin>
<ccbaKdcd>17</ccbaKdcd>
<ccbaCtcd>11</ccbaCtcd>
<ccbaAsno>00590000</ccbaAsno>
<ccbaCncl>Y</ccbaCncl>
<ccbaCpno>1271100590000</ccbaCpno>
<longitude>0</longitude>
<latitude>0</latitude>

</item>

<item>
<sn>67</sn>
<no>2823</no>
<ccmaName><![CDATA[국가무형문화재]]></ccmaName>
<crltsnoNm>60</crltsnoNm>
<ccbaMnm1><![CDATA[장도장]]></ccbaMnm1>
<ccbaMnm2><![CDATA[粧刀匠]]></ccbaMnm2>
<ccbaCtcdNm><![CDATA[전남]]></ccbaCtcdNm>
<ccsiName><![CDATA[전남전역]]></ccsiName>
<ccbaAdmin><![CDATA[]]></ccbaAdmin>
<ccbaKdcd>17</ccbaKdcd>
<ccbaCtcd>36</ccbaCtcd>
<ccbaAsno>00600000</ccbaAsno>
<ccbaCncl>N</ccbaCncl>
<ccbaCpno>1273600600000</ccbaCpno>
<longitude>127.580639395362</longitude>
<latitude>34.9771432998839</latitude>

</item>

<item>
<sn>68</sn>
<no>2782</no>
<ccmaName><![CDATA[국가무형문화재]]></ccmaName>
<crltsnoNm>61</crltsnoNm>
<ccbaMnm1><![CDATA[은율탈춤]]></ccbaMnm1>
<ccbaMnm2><![CDATA[殷栗탈춤]]></ccbaMnm2>
<ccbaCtcdNm><![CDATA[인천]]></ccbaCtcdNm>
<ccsiName><![CDATA[미추홀구]]></ccsiName>
<ccbaAdmin><![CDATA[(사)국가무형문화재 은율탈춤보존회]]></ccbaAdmin>
<ccbaKdcd>17</ccbaKdcd>
<ccbaCtcd>23</ccbaCtcd>
<ccbaAsno>00610000</ccbaAsno>
<ccbaCncl>N</ccbaCncl>
<ccbaCpno>1272300610000</ccbaCpno>
<longitude>126.66213161478</longitude>
<latitude>37.4610144374647</latitude>

</item>

<item>
<sn>69</sn>
<no>2780</no>
<ccmaName><![CDATA[국가무형문화재]]></ccmaName>
<crltsnoNm>62</crltsnoNm>
<ccbaMnm1><![CDATA[좌수영어방놀이]]></ccbaMnm1>
<ccbaMnm2><![CDATA[左水營漁坊놀이]]></ccbaMnm2>
<ccbaCtcdNm><![CDATA[부산]]></ccbaCtcdNm>
<ccsiName><![CDATA[수영구]]></ccsiName>
<ccbaAdmin><![CDATA[(사)국가무형문화재 좌수영어방놀이보존회]]></ccbaAdmin>
<ccbaKdcd>17</ccbaKdcd>
<ccbaCtcd>21</ccbaCtcd>
<ccbaAsno>00620000</ccbaAsno>
<ccbaCncl>N</ccbaCncl>
<ccbaCpno>1272100620000</ccbaCpno>
<longitude>129.113966243743</longitude>
<latitude>35.1712174442295</latitude>

</item>

<item>
<sn>70</sn>
<no>2871</no>
<ccmaName><![CDATA[국가무형문화재]]></ccmaName>
<crltsnoNm>63</crltsnoNm>
<ccbaMnm1><![CDATA[북메우기]]></ccbaMnm1>
<ccbaMnm2><![CDATA[북메우기]]></ccbaMnm2>
<ccbaCtcdNm><![CDATA[기타]]></ccbaCtcdNm>
<ccsiName><![CDATA[.]]></ccsiName>
<ccbaAdmin><![CDATA[]]></ccbaAdmin>
<ccbaKdcd>17</ccbaKdcd>
<ccbaCtcd>ZZ</ccbaCtcd>
<ccbaAsno>00630000</ccbaAsno>
<ccbaCncl>Y</ccbaCncl>
<ccbaCpno>1279900630000</ccbaCpno>
<longitude>0</longitude>
<latitude>0</latitude>

</item>

<item>
<sn>71</sn>
<no>2872</no>
<ccmaName><![CDATA[국가무형문화재]]></ccmaName>
<crltsnoNm>64</crltsnoNm>
<ccbaMnm1><![CDATA[두석장]]></ccbaMnm1>
<ccbaMnm2><![CDATA[豆錫匠]]></ccbaMnm2>
<ccbaCtcdNm><![CDATA[기타]]></ccbaCtcdNm>
<ccsiName><![CDATA[.]]></ccsiName>
<ccbaAdmin><![CDATA[]]></ccbaAdmin>
<ccbaKdcd>17</ccbaKdcd>
<ccbaCtcd>ZZ</ccbaCtcd>
<ccbaAsno>00640000</ccbaAsno>
<ccbaCncl>N</ccbaCncl>
<ccbaCpno>1279900640000</ccbaCpno>
<longitude>0</longitude>
<latitude>0</latitude>

</item>

<item>
<sn>72</sn>
<no>2811</no>
<ccmaName><![CDATA[국가무형문화재]]></ccmaName>
<crltsnoNm>65</crltsnoNm>
<ccbaMnm1><![CDATA[백동연죽장]]></ccbaMnm1>
<ccbaMnm2><![CDATA[白銅煙竹匠]]></ccbaMnm2>
<ccbaCtcdNm><![CDATA[전북]]></ccbaCtcdNm>
<ccsiName><![CDATA[남원시]]></ccsiName>
<ccbaAdmin><![CDATA[]]></ccbaAdmin>
<ccbaKdcd>17</ccbaKdcd>
<ccbaCtcd>35</ccbaCtcd>
<ccbaAsno>00650000</ccbaAsno>
<ccbaCncl>N</ccbaCncl>
<ccbaCpno>1273500650000</ccbaCpno>
<longitude>127.387986944235</longitude>
<latitude>35.4027305553525</latitude>

</item>

<item>
<sn>73</sn>
<no>2855</no>
<ccmaName><![CDATA[국가무형문화재]]></ccmaName>
<crltsnoNm>66</crltsnoNm>
<ccbaMnm1><![CDATA[망건장]]></ccbaMnm1>
<ccbaMnm2><![CDATA[網巾匠]]></ccbaMnm2>
<ccbaCtcdNm><![CDATA[제주]]></ccbaCtcdNm>
<ccsiName><![CDATA[제주시]]></ccsiName>
<ccbaAdmin><![CDATA[]]></ccbaAdmin>
<ccbaKdcd>17</ccbaKdcd>
<ccbaCtcd>50</ccbaCtcd>
<ccbaAsno>00660000</ccbaAsno>
<ccbaCncl>N</ccbaCncl>
<ccbaCpno>1273900660000</ccbaCpno>
<longitude>0</longitude>
<latitude>0</latitude>

</item>

<item>
<sn>74</sn>
<no>2856</no>
<ccmaName><![CDATA[국가무형문화재]]></ccmaName>
<crltsnoNm>67</crltsnoNm>
<ccbaMnm1><![CDATA[탕건장]]></ccbaMnm1>
<ccbaMnm2><![CDATA[宕巾匠]]></ccbaMnm2>
<ccbaCtcdNm><![CDATA[제주]]></ccbaCtcdNm>
<ccsiName><![CDATA[제주시]]></ccsiName>
<ccbaAdmin><![CDATA[]]></ccbaAdmin>
<ccbaKdcd>17</ccbaKdcd>
<ccbaCtcd>50</ccbaCtcd>
<ccbaAsno>00670000</ccbaAsno>
<ccbaCncl>N</ccbaCncl>
<ccbaCpno>1273900670000</ccbaCpno>
<longitude>0</longitude>
<latitude>0</latitude>

</item>

<item>
<sn>75</sn>
<no>2848</no>
<ccmaName><![CDATA[국가무형문화재]]></ccmaName>
<crltsnoNm>68</crltsnoNm>
<ccbaMnm1><![CDATA[밀양백중놀이]]></ccbaMnm1>
<ccbaMnm2><![CDATA[密陽百中놀이]]></ccbaMnm2>
<ccbaCtcdNm><![CDATA[경남]]></ccbaCtcdNm>
<ccsiName><![CDATA[밀양시]]></ccsiName>
<ccbaAdmin><![CDATA[(사)국가무형문화재 제68호 밀양백중놀이보존회]]></ccbaAdmin>
<ccbaKdcd>17</ccbaKdcd>
<ccbaCtcd>38</ccbaCtcd>
<ccbaAsno>00680000</ccbaAsno>
<ccbaCncl>N</ccbaCncl>
<ccbaCpno>1273800680000</ccbaCpno>
<longitude>128.753078669914</longitude>
<latitude>35.4968506196214</latitude>

</item>

<item>
<sn>76</sn>
<no>2834</no>
<ccmaName><![CDATA[국가무형문화재]]></ccmaName>
<crltsnoNm>69</crltsnoNm>
<ccbaMnm1><![CDATA[하회별신굿탈놀이]]></ccbaMnm1>
<ccbaMnm2><![CDATA[河回別神굿탈놀이]]></ccbaMnm2>
<ccbaCtcdNm><![CDATA[경북]]></ccbaCtcdNm>
<ccsiName><![CDATA[안동시]]></ccsiName>
<ccbaAdmin><![CDATA[(사)국가무형문화재 하회별신굿탈놀이보존회]]></ccbaAdmin>
<ccbaKdcd>17</ccbaKdcd>
<ccbaCtcd>37</ccbaCtcd>
<ccbaAsno>00690000</ccbaAsno>
<ccbaCncl>N</ccbaCncl>
<ccbaCpno>1273700690000</ccbaCpno>
<longitude>128.524463834898</longitude>
<latitude>36.5410893063388</latitude>

</item>

<item>
<sn>77</sn>
<no>2792</no>
<ccmaName><![CDATA[국가무형문화재]]></ccmaName>
<crltsnoNm>70</crltsnoNm>
<ccbaMnm1><![CDATA[양주소놀이굿]]></ccbaMnm1>
<ccbaMnm2><![CDATA[楊州소놀이굿]]></ccbaMnm2>
<ccbaCtcdNm><![CDATA[경기]]></ccbaCtcdNm>
<ccsiName><![CDATA[양주시]]></ccsiName>
<ccbaAdmin><![CDATA[(사)국가무형문화재 양주소놀이굿보존회]]></ccbaAdmin>
<ccbaKdcd>17</ccbaKdcd>
<ccbaCtcd>31</ccbaCtcd>
<ccbaAsno>00700000</ccbaAsno>
<ccbaCncl>N</ccbaCncl>
<ccbaCpno>1273100700000</ccbaCpno>
<longitude>127.000391908548</longitude>
<latitude>37.7914750836608</latitude>

</item>

<item>
<sn>78</sn>
<no>2857</no>
<ccmaName><![CDATA[국가무형문화재]]></ccmaName>
<crltsnoNm>71</crltsnoNm>
<ccbaMnm1><![CDATA[제주칠머리당영등굿]]></ccbaMnm1>
<ccbaMnm2><![CDATA[濟州칠머리당영등굿]]></ccbaMnm2>
<ccbaCtcdNm><![CDATA[제주]]></ccbaCtcdNm>
<ccsiName><![CDATA[제주시]]></ccsiName>
<ccbaAdmin><![CDATA[(사)국가무형문화재 제주칠머리당영등굿보존회]]></ccbaAdmin>
<ccbaKdcd>17</ccbaKdcd>
<ccbaCtcd>50</ccbaCtcd>
<ccbaAsno>00710000</ccbaAsno>
<ccbaCncl>N</ccbaCncl>
<ccbaCpno>1273900710000</ccbaCpno>
<longitude>0</longitude>
<latitude>0</latitude>

</item>

<item>
<sn>79</sn>
<no>2824</no>
<ccmaName><![CDATA[국가무형문화재]]></ccmaName>
<crltsnoNm>72</crltsnoNm>
<ccbaMnm1><![CDATA[진도씻김굿]]></ccbaMnm1>
<ccbaMnm2><![CDATA[珍島씻김굿]]></ccbaMnm2>
<ccbaCtcdNm><![CDATA[전남]]></ccbaCtcdNm>
<ccsiName><![CDATA[진도군]]></ccsiName>
<ccbaAdmin><![CDATA[(사)국가무형문화재 진도씻김굿보존회]]></ccbaAdmin>
<ccbaKdcd>17</ccbaKdcd>
<ccbaCtcd>36</ccbaCtcd>
<ccbaAsno>00720000</ccbaAsno>
<ccbaCncl>N</ccbaCncl>
<ccbaCpno>1273600720000</ccbaCpno>
<longitude>126.266682053748</longitude>
<latitude>34.4864642004849</latitude>

</item>

<item>
<sn>80</sn>
<no>2849</no>
<ccmaName><![CDATA[국가무형문화재]]></ccmaName>
<crltsnoNm>73</crltsnoNm>
<ccbaMnm1><![CDATA[가산오광대]]></ccbaMnm1>
<ccbaMnm2><![CDATA[駕山五廣大]]></ccbaMnm2>
<ccbaCtcdNm><![CDATA[경남]]></ccbaCtcdNm>
<ccsiName><![CDATA[사천시]]></ccsiName>
<ccbaAdmin><![CDATA[(사)국가무형문화재 가산오광대보존회]]></ccbaAdmin>
<ccbaKdcd>17</ccbaKdcd>
<ccbaCtcd>38</ccbaCtcd>
<ccbaAsno>00730000</ccbaAsno>
<ccbaCncl>N</ccbaCncl>
<ccbaCpno>1273800730000</ccbaCpno>
<longitude>128.040297199694</longitude>
<latitude>35.0846071459264</latitude>

</item>

<item>
<sn>81</sn>
<no>2873</no>
<ccmaName><![CDATA[국가무형문화재]]></ccmaName>
<crltsnoNm>74</crltsnoNm>
<ccbaMnm1><![CDATA[대목장]]></ccbaMnm1>
<ccbaMnm2><![CDATA[大木匠]]></ccbaMnm2>
<ccbaCtcdNm><![CDATA[기타]]></ccbaCtcdNm>
<ccsiName><![CDATA[.]]></ccsiName>
<ccbaAdmin><![CDATA[]]></ccbaAdmin>
<ccbaKdcd>17</ccbaKdcd>
<ccbaCtcd>ZZ</ccbaCtcd>
<ccbaAsno>00740000</ccbaAsno>
<ccbaCncl>N</ccbaCncl>
<ccbaCpno>1279900740000</ccbaCpno>
<longitude>0</longitude>
<latitude>0</latitude>

</item>

<item>
<sn>82</sn>
<no>2807</no>
<ccmaName><![CDATA[국가무형문화재]]></ccmaName>
<crltsnoNm>75</crltsnoNm>
<ccbaMnm1><![CDATA[기지시줄다리기]]></ccbaMnm1>
<ccbaMnm2><![CDATA[機池市줄다리기]]></ccbaMnm2>
<ccbaCtcdNm><![CDATA[충남]]></ccbaCtcdNm>
<ccsiName><![CDATA[당진시]]></ccsiName>
<ccbaAdmin><![CDATA[(사)국가무형문화재 기지시줄다리기보존회]]></ccbaAdmin>
<ccbaKdcd>17</ccbaKdcd>
<ccbaCtcd>34</ccbaCtcd>
<ccbaAsno>00750000</ccbaAsno>
<ccbaCncl>N</ccbaCncl>
<ccbaCpno>1273400750000</ccbaCpno>
<longitude>126.694780600822</longitude>
<latitude>36.8961635272388</latitude>

</item>

<item>
<sn>83</sn>
<no>2802</no>
<ccmaName><![CDATA[국가무형문화재]]></ccmaName>
<crltsnoNm>76</crltsnoNm>
<ccbaMnm1><![CDATA[택견]]></ccbaMnm1>
<ccbaMnm2><![CDATA[]]></ccbaMnm2>
<ccbaCtcdNm><![CDATA[충북]]></ccbaCtcdNm>
<ccsiName><![CDATA[충주시]]></ccsiName>
<ccbaAdmin><![CDATA[(사)국가무형문화재 택견보존회]]></ccbaAdmin>
<ccbaKdcd>17</ccbaKdcd>
<ccbaCtcd>33</ccbaCtcd>
<ccbaAsno>00760000</ccbaAsno>
<ccbaCncl>N</ccbaCncl>
<ccbaCpno>1273300760000</ccbaCpno>
<longitude>127.92565941963</longitude>
<latitude>36.9650150644863</latitude>

</item>

<item>
<sn>84</sn>
<no>2874</no>
<ccmaName><![CDATA[국가무형문화재]]></ccmaName>
<crltsnoNm>77</crltsnoNm>
<ccbaMnm1><![CDATA[유기장]]></ccbaMnm1>
<ccbaMnm2><![CDATA[鍮器匠]]></ccbaMnm2>
<ccbaCtcdNm><![CDATA[기타]]></ccbaCtcdNm>
<ccsiName><![CDATA[.]]></ccsiName>
<ccbaAdmin><![CDATA[]]></ccbaAdmin>
<ccbaKdcd>17</ccbaKdcd>
<ccbaCtcd>ZZ</ccbaCtcd>
<ccbaAsno>00770000</ccbaAsno>
<ccbaCncl>N</ccbaCncl>
<ccbaCpno>1279900770000</ccbaCpno>
<longitude>0</longitude>
<latitude>0</latitude>

</item>

<item>
<sn>85</sn>
<no>2761</no>
<ccmaName><![CDATA[국가무형문화재]]></ccmaName>
<crltsnoNm>78</crltsnoNm>
<ccbaMnm1><![CDATA[입사장]]></ccbaMnm1>
<ccbaMnm2><![CDATA[入絲匠]]></ccbaMnm2>
<ccbaCtcdNm><![CDATA[서울]]></ccbaCtcdNm>
<ccsiName><![CDATA[강남구]]></ccsiName>
<ccbaAdmin><![CDATA[]]></ccbaAdmin>
<ccbaKdcd>17</ccbaKdcd>
<ccbaCtcd>11</ccbaCtcd>
<ccbaAsno>00780000</ccbaAsno>
<ccbaCncl>N</ccbaCncl>
<ccbaCpno>1271100780000</ccbaCpno>
<longitude>127.044648466316</longitude>
<latitude>37.5102294403293</latitude>

</item>

<item>
<sn>86</sn>
<no>2762</no>
<ccmaName><![CDATA[국가무형문화재]]></ccmaName>
<crltsnoNm>79</crltsnoNm>
<ccbaMnm1><![CDATA[발탈]]></ccbaMnm1>
<ccbaMnm2><![CDATA[]]></ccbaMnm2>
<ccbaCtcdNm><![CDATA[기타]]></ccbaCtcdNm>
<ccsiName><![CDATA[.]]></ccsiName>
<ccbaAdmin><![CDATA[]]></ccbaAdmin>
<ccbaKdcd>17</ccbaKdcd>
<ccbaCtcd>ZZ</ccbaCtcd>
<ccbaAsno>00790000</ccbaAsno>
<ccbaCncl>N</ccbaCncl>
<ccbaCpno>1271100790000</ccbaCpno>
<longitude>0</longitude>
<latitude>0</latitude>

</item>

<item>
<sn>87</sn>
<no>2875</no>
<ccmaName><![CDATA[국가무형문화재]]></ccmaName>
<crltsnoNm>80</crltsnoNm>
<ccbaMnm1><![CDATA[자수장]]></ccbaMnm1>
<ccbaMnm2><![CDATA[刺繡匠]]></ccbaMnm2>
<ccbaCtcdNm><![CDATA[부산]]></ccbaCtcdNm>
<ccsiName><![CDATA[부산전역]]></ccsiName>
<ccbaAdmin><![CDATA[]]></ccbaAdmin>
<ccbaKdcd>17</ccbaKdcd>
<ccbaCtcd>21</ccbaCtcd>
<ccbaAsno>00800000</ccbaAsno>
<ccbaCncl>N</ccbaCncl>
<ccbaCpno>1279900800000</ccbaCpno>
<longitude>0</longitude>
<latitude>0</latitude>

</item>

<item>
<sn>88</sn>
<no>2825</no>
<ccmaName><![CDATA[국가무형문화재]]></ccmaName>
<crltsnoNm>81</crltsnoNm>
<ccbaMnm1><![CDATA[진도다시래기]]></ccbaMnm1>
<ccbaMnm2><![CDATA[珍島다시래기]]></ccbaMnm2>
<ccbaCtcdNm><![CDATA[전남]]></ccbaCtcdNm>
<ccsiName><![CDATA[진도군]]></ccsiName>
<ccbaAdmin><![CDATA[(사)국가무형문화재 진도다시래기보존회]]></ccbaAdmin>
<ccbaKdcd>17</ccbaKdcd>
<ccbaCtcd>36</ccbaCtcd>
<ccbaAsno>00810000</ccbaAsno>
<ccbaCncl>N</ccbaCncl>
<ccbaCpno>1273600810000</ccbaCpno>
<longitude>126.266682053748</longitude>
<latitude>34.4864642004849</latitude>

</item>

<item>
<sn>89</sn>
<no>2781</no>
<ccmaName><![CDATA[국가무형문화재]]></ccmaName>
<crltsnoNm>82-1</crltsnoNm>
<ccbaMnm1><![CDATA[동해안별신굿]]></ccbaMnm1>
<ccbaMnm2><![CDATA[東海岸別神굿]]></ccbaMnm2>
<ccbaCtcdNm><![CDATA[부산]]></ccbaCtcdNm>
<ccsiName><![CDATA[기장군]]></ccsiName>
<ccbaAdmin><![CDATA[(사)국가무형문화재 동해안별신굿보존회]]></ccbaAdmin>
<ccbaKdcd>17</ccbaKdcd>
<ccbaCtcd>21</ccbaCtcd>
<ccbaAsno>00820100</ccbaAsno>
<ccbaCncl>N</ccbaCncl>
<ccbaCpno>1272100820100</ccbaCpno>
<longitude>0</longitude>
<latitude>0</latitude>

</item>

<item>
<sn>90</sn>
<no>2783</no>
<ccmaName><![CDATA[국가무형문화재]]></ccmaName>
<crltsnoNm>82-2</crltsnoNm>
<ccbaMnm1><![CDATA[서해안배연신굿 및 대동굿]]></ccbaMnm1>
<ccbaMnm2><![CDATA[西海岸배연신굿 및 大同굿]]></ccbaMnm2>
<ccbaCtcdNm><![CDATA[인천]]></ccbaCtcdNm>
<ccsiName><![CDATA[인천전역]]></ccsiName>
<ccbaAdmin><![CDATA[(사)국가무형문화재 서해안배연신굿및대동굿보존회]]></ccbaAdmin>
<ccbaKdcd>17</ccbaKdcd>
<ccbaCtcd>23</ccbaCtcd>
<ccbaAsno>00820200</ccbaAsno>
<ccbaCncl>N</ccbaCncl>
<ccbaCpno>1272300820200</ccbaCpno>
<longitude>0</longitude>
<latitude>0</latitude>

</item>

<item>
<sn>91</sn>
<no>2812</no>
<ccmaName><![CDATA[국가무형문화재]]></ccmaName>
<crltsnoNm>82-3</crltsnoNm>
<ccbaMnm1><![CDATA[위도띠뱃놀이]]></ccbaMnm1>
<ccbaMnm2><![CDATA[蝟島띠뱃놀이]]></ccbaMnm2>
<ccbaCtcdNm><![CDATA[전북]]></ccbaCtcdNm>
<ccsiName><![CDATA[부안군]]></ccsiName>
<ccbaAdmin><![CDATA[(사)국가무형문화재 위도띠뱃놀이보존회]]></ccbaAdmin>
<ccbaKdcd>17</ccbaKdcd>
<ccbaCtcd>35</ccbaCtcd>
<ccbaAsno>00820300</ccbaAsno>
<ccbaCncl>N</ccbaCncl>
<ccbaCpno>1273500820300</ccbaCpno>
<longitude>126.266090010453</longitude>
<latitude>35.5791010085254</latitude>

</item>

<item>
<sn>92</sn>
<no>2850</no>
<ccmaName><![CDATA[국가무형문화재]]></ccmaName>
<crltsnoNm>82-4</crltsnoNm>
<ccbaMnm1><![CDATA[남해안별신굿]]></ccbaMnm1>
<ccbaMnm2><![CDATA[南海岸別神굿]]></ccbaMnm2>
<ccbaCtcdNm><![CDATA[경남]]></ccbaCtcdNm>
<ccsiName><![CDATA[통영시]]></ccsiName>
<ccbaAdmin><![CDATA[(사)국가무형문화재 남해안별신굿보존회]]></ccbaAdmin>
<ccbaKdcd>17</ccbaKdcd>
<ccbaCtcd>38</ccbaCtcd>
<ccbaAsno>00820400</ccbaAsno>
<ccbaCncl>N</ccbaCncl>
<ccbaCpno>1273800820400</ccbaCpno>
<longitude>128.442287438969</longitude>
<latitude>34.8443297780365</latitude>

</item>

<item>
<sn>93</sn>
<no>2826</no>
<ccmaName><![CDATA[국가무형문화재]]></ccmaName>
<crltsnoNm>83-1</crltsnoNm>
<ccbaMnm1><![CDATA[구례향제줄풍류]]></ccbaMnm1>
<ccbaMnm2><![CDATA[求禮鄕制줄風流]]></ccbaMnm2>
<ccbaCtcdNm><![CDATA[전남]]></ccbaCtcdNm>
<ccsiName><![CDATA[구례군]]></ccsiName>
<ccbaAdmin><![CDATA[구례향제줄풍류보존회]]></ccbaAdmin>
<ccbaKdcd>17</ccbaKdcd>
<ccbaCtcd>36</ccbaCtcd>
<ccbaAsno>00830100</ccbaAsno>
<ccbaCncl>N</ccbaCncl>
<ccbaCpno>1273600830100</ccbaCpno>
<longitude>127.462755822942</longitude>
<latitude>35.2084269548788</latitude>

</item>

<item>
<sn>94</sn>
<no>2813</no>
<ccmaName><![CDATA[국가무형문화재]]></ccmaName>
<crltsnoNm>83-2</crltsnoNm>
<ccbaMnm1><![CDATA[이리향제줄풍류]]></ccbaMnm1>
<ccbaMnm2><![CDATA[裡里鄕制줄風流]]></ccbaMnm2>
<ccbaCtcdNm><![CDATA[전북]]></ccbaCtcdNm>
<ccsiName><![CDATA[익산시]]></ccsiName>
<ccbaAdmin><![CDATA[(사)국가무형문화재 이리향제줄풍류보존회]]></ccbaAdmin>
<ccbaKdcd>17</ccbaKdcd>
<ccbaCtcd>35</ccbaCtcd>
<ccbaAsno>00830200</ccbaAsno>
<ccbaCncl>N</ccbaCncl>
<ccbaCpno>1273500830200</ccbaCpno>
<longitude>126.961270988565</longitude>
<latitude>35.95983311561</latitude>

</item>

<item>
<sn>95</sn>
<no>2851</no>
<ccmaName><![CDATA[국가무형문화재]]></ccmaName>
<crltsnoNm>84-1</crltsnoNm>
<ccbaMnm1><![CDATA[고성농요]]></ccbaMnm1>
<ccbaMnm2><![CDATA[固城農謠]]></ccbaMnm2>
<ccbaCtcdNm><![CDATA[경남]]></ccbaCtcdNm>
<ccsiName><![CDATA[고성군]]></ccsiName>
<ccbaAdmin><![CDATA[(사)국가무형문화재 고성농요보존회]]></ccbaAdmin>
<ccbaKdcd>17</ccbaKdcd>
<ccbaCtcd>38</ccbaCtcd>
<ccbaAsno>00840100</ccbaAsno>
<ccbaCncl>N</ccbaCncl>
<ccbaCpno>1273800840100</ccbaCpno>
<longitude>128.189592024673</longitude>
<latitude>34.9983969167525</latitude>

</item>

<item>
<sn>96</sn>
<no>2835</no>
<ccmaName><![CDATA[국가무형문화재]]></ccmaName>
<crltsnoNm>84-2</crltsnoNm>
<ccbaMnm1><![CDATA[예천통명농요]]></ccbaMnm1>
<ccbaMnm2><![CDATA[醴泉通明農謠]]></ccbaMnm2>
<ccbaCtcdNm><![CDATA[경북]]></ccbaCtcdNm>
<ccsiName><![CDATA[예천군]]></ccsiName>
<ccbaAdmin><![CDATA[(사)국가무형문화재 예천통명농요보존회]]></ccbaAdmin>
<ccbaKdcd>17</ccbaKdcd>
<ccbaCtcd>37</ccbaCtcd>
<ccbaAsno>00840200</ccbaAsno>
<ccbaCncl>N</ccbaCncl>
<ccbaCpno>1273700840200</ccbaCpno>
<longitude>128.475245757932</longitude>
<latitude>36.6598970218732</latitude>

</item>

<item>
<sn>97</sn>
<no>2763</no>
<ccmaName><![CDATA[국가무형문화재]]></ccmaName>
<crltsnoNm>85</crltsnoNm>
<ccbaMnm1><![CDATA[석전대제]]></ccbaMnm1>
<ccbaMnm2><![CDATA[釋奠大祭]]></ccbaMnm2>
<ccbaCtcdNm><![CDATA[서울]]></ccbaCtcdNm>
<ccsiName><![CDATA[종로구]]></ccsiName>
<ccbaAdmin><![CDATA[(사)국가무형문화재 석전대제보존회]]></ccbaAdmin>
<ccbaKdcd>17</ccbaKdcd>
<ccbaCtcd>11</ccbaCtcd>
<ccbaAsno>00850000</ccbaAsno>
<ccbaCncl>N</ccbaCncl>
<ccbaCpno>1271100850000</ccbaCpno>
<longitude>0</longitude>
<latitude>0</latitude>

</item>

<item>
<sn>98</sn>
<no>2764</no>
<ccmaName><![CDATA[국가무형문화재]]></ccmaName>
<crltsnoNm>86-1</crltsnoNm>
<ccbaMnm1><![CDATA[문배주]]></ccbaMnm1>
<ccbaMnm2><![CDATA[문배酒]]></ccbaMnm2>
<ccbaCtcdNm><![CDATA[경기]]></ccbaCtcdNm>
<ccsiName><![CDATA[김포시]]></ccsiName>
<ccbaAdmin><![CDATA[]]></ccbaAdmin>
<ccbaKdcd>17</ccbaKdcd>
<ccbaCtcd>31</ccbaCtcd>
<ccbaAsno>00860100</ccbaAsno>
<ccbaCncl>N</ccbaCncl>
<ccbaCpno>1271100860100</ccbaCpno>
<longitude>0</longitude>
<latitude>0</latitude>

</item>

<item>
<sn>99</sn>
<no>2808</no>
<ccmaName><![CDATA[국가무형문화재]]></ccmaName>
<crltsnoNm>86-2</crltsnoNm>
<ccbaMnm1><![CDATA[면천두견주]]></ccbaMnm1>
<ccbaMnm2><![CDATA[沔川杜鵑酒]]></ccbaMnm2>
<ccbaCtcdNm><![CDATA[충남]]></ccbaCtcdNm>
<ccsiName><![CDATA[당진시]]></ccsiName>
<ccbaAdmin><![CDATA[(사)국가무형문화재 제82-2호 면천두견주보존회]]></ccbaAdmin>
<ccbaKdcd>17</ccbaKdcd>
<ccbaCtcd>34</ccbaCtcd>
<ccbaAsno>00860200</ccbaAsno>
<ccbaCncl>N</ccbaCncl>
<ccbaCpno>1273400860200</ccbaCpno>
<longitude>0</longitude>
<latitude>0</latitude>

</item>

<item>
<sn>100</sn>
<no>2836</no>
<ccmaName><![CDATA[국가무형문화재]]></ccmaName>
<crltsnoNm>86-3</crltsnoNm>
<ccbaMnm1><![CDATA[경주교동법주]]></ccbaMnm1>
<ccbaMnm2><![CDATA[慶州校洞法酒]]></ccbaMnm2>
<ccbaCtcdNm><![CDATA[경북]]></ccbaCtcdNm>
<ccsiName><![CDATA[경주시]]></ccsiName>
<ccbaAdmin><![CDATA[]]></ccbaAdmin>
<ccbaKdcd>17</ccbaKdcd>
<ccbaCtcd>37</ccbaCtcd>
<ccbaAsno>00860300</ccbaAsno>
<ccbaCncl>N</ccbaCncl>
<ccbaCpno>1273700860300</ccbaCpno>
<longitude>0</longitude>
<latitude>0</latitude>

</item>

<item>
<sn>101</sn>
<no>2837</no>
<ccmaName><![CDATA[국가무형문화재]]></ccmaName>
<crltsnoNm>87</crltsnoNm>
<ccbaMnm1><![CDATA[명주짜기]]></ccbaMnm1>
<ccbaMnm2><![CDATA[明紬짜기]]></ccbaMnm2>
<ccbaCtcdNm><![CDATA[경북]]></ccbaCtcdNm>
<ccsiName><![CDATA[경주시]]></ccsiName>
<ccbaAdmin><![CDATA[(사)국가무형문화재 두산손명주연구회]]></ccbaAdmin>
<ccbaKdcd>17</ccbaKdcd>
<ccbaCtcd>37</ccbaCtcd>
<ccbaAsno>00870000</ccbaAsno>
<ccbaCncl>N</ccbaCncl>
<ccbaCpno>1273700870000</ccbaCpno>
<longitude>0</longitude>
<latitude>0</latitude>

</item>

<item>
<sn>102</sn>
<no>2876</no>
<ccmaName><![CDATA[국가무형문화재]]></ccmaName>
<crltsnoNm>88</crltsnoNm>
<ccbaMnm1><![CDATA[바디장]]></ccbaMnm1>
<ccbaMnm2><![CDATA[바디匠]]></ccbaMnm2>
<ccbaCtcdNm><![CDATA[기타]]></ccbaCtcdNm>
<ccsiName><![CDATA[.]]></ccsiName>
<ccbaAdmin><![CDATA[]]></ccbaAdmin>
<ccbaKdcd>17</ccbaKdcd>
<ccbaCtcd>ZZ</ccbaCtcd>
<ccbaAsno>00880000</ccbaAsno>
<ccbaCncl>N</ccbaCncl>
<ccbaCpno>1279900880000</ccbaCpno>
<longitude>0</longitude>
<latitude>0</latitude>

</item>

<item>
<sn>103</sn>
<no>2765</no>
<ccmaName><![CDATA[국가무형문화재]]></ccmaName>
<crltsnoNm>89</crltsnoNm>
<ccbaMnm1><![CDATA[침선장]]></ccbaMnm1>
<ccbaMnm2><![CDATA[針線匠]]></ccbaMnm2>
<ccbaCtcdNm><![CDATA[서울]]></ccbaCtcdNm>
<ccsiName><![CDATA[강동구]]></ccsiName>
<ccbaAdmin><![CDATA[]]></ccbaAdmin>
<ccbaKdcd>17</ccbaKdcd>
<ccbaCtcd>11</ccbaCtcd>
<ccbaAsno>00890000</ccbaAsno>
<ccbaCncl>N</ccbaCncl>
<ccbaCpno>1271100890000</ccbaCpno>
<longitude>127.044648466316</longitude>
<latitude>37.5102294403293</latitude>

</item>

<item>
<sn>104</sn>
<no>2784</no>
<ccmaName><![CDATA[국가무형문화재]]></ccmaName>
<crltsnoNm>90</crltsnoNm>
<ccbaMnm1><![CDATA[황해도평산소놀음굿]]></ccbaMnm1>
<ccbaMnm2><![CDATA[黃海道平山소놀음굿]]></ccbaMnm2>
<ccbaCtcdNm><![CDATA[인천]]></ccbaCtcdNm>
<ccsiName><![CDATA[인천전역]]></ccsiName>
<ccbaAdmin><![CDATA[(사)국가무형문화재 황해도평산소놀음굿보존회]]></ccbaAdmin>
<ccbaKdcd>17</ccbaKdcd>
<ccbaCtcd>23</ccbaCtcd>
<ccbaAsno>00900000</ccbaAsno>
<ccbaCncl>N</ccbaCncl>
<ccbaCpno>1272300900000</ccbaCpno>
<longitude>0</longitude>
<latitude>0</latitude>

</item>

<item>
<sn>105</sn>
<no>2827</no>
<ccmaName><![CDATA[국가무형문화재]]></ccmaName>
<crltsnoNm>91</crltsnoNm>
<ccbaMnm1><![CDATA[제와장]]></ccbaMnm1>
<ccbaMnm2><![CDATA[製瓦匠]]></ccbaMnm2>
<ccbaCtcdNm><![CDATA[전남]]></ccbaCtcdNm>
<ccsiName><![CDATA[장흥군]]></ccsiName>
<ccbaAdmin><![CDATA[]]></ccbaAdmin>
<ccbaKdcd>17</ccbaKdcd>
<ccbaCtcd>36</ccbaCtcd>
<ccbaAsno>00910000</ccbaAsno>
<ccbaCncl>N</ccbaCncl>
<ccbaCpno>1273600910000</ccbaCpno>
<longitude>0</longitude>
<latitude>0</latitude>

</item>

<item>
<sn>106</sn>
<no>2766</no>
<ccmaName><![CDATA[국가무형문화재]]></ccmaName>
<crltsnoNm>92</crltsnoNm>
<ccbaMnm1><![CDATA[태평무]]></ccbaMnm1>
<ccbaMnm2><![CDATA[太平舞]]></ccbaMnm2>
<ccbaCtcdNm><![CDATA[기타]]></ccbaCtcdNm>
<ccsiName><![CDATA[.]]></ccsiName>
<ccbaAdmin><![CDATA[]]></ccbaAdmin>
<ccbaKdcd>17</ccbaKdcd>
<ccbaCtcd>ZZ</ccbaCtcd>
<ccbaAsno>00920000</ccbaAsno>
<ccbaCncl>N</ccbaCncl>
<ccbaCpno>1271100920000</ccbaCpno>
<longitude>0</longitude>
<latitude>0</latitude>

</item>

<item>
<sn>107</sn>
<no>2838</no>
<ccmaName><![CDATA[국가무형문화재]]></ccmaName>
<crltsnoNm>93</crltsnoNm>
<ccbaMnm1><![CDATA[전통장]]></ccbaMnm1>
<ccbaMnm2><![CDATA[箭筒匠]]></ccbaMnm2>
<ccbaCtcdNm><![CDATA[경북]]></ccbaCtcdNm>
<ccsiName><![CDATA[경주시]]></ccsiName>
<ccbaAdmin><![CDATA[]]></ccbaAdmin>
<ccbaKdcd>17</ccbaKdcd>
<ccbaCtcd>37</ccbaCtcd>
<ccbaAsno>00930000</ccbaAsno>
<ccbaCncl>N</ccbaCncl>
<ccbaCpno>1273700930000</ccbaCpno>
<longitude>0</longitude>
<latitude>0</latitude>

</item>

<item>
<sn>108</sn>
<no>2767</no>
<ccmaName><![CDATA[국가무형문화재]]></ccmaName>
<crltsnoNm>94</crltsnoNm>
<ccbaMnm1><![CDATA[벼루장]]></ccbaMnm1>
<ccbaMnm2><![CDATA[벼루匠]]></ccbaMnm2>
<ccbaCtcdNm><![CDATA[서울]]></ccbaCtcdNm>
<ccsiName><![CDATA[서울전역]]></ccsiName>
<ccbaAdmin><![CDATA[]]></ccbaAdmin>
<ccbaKdcd>17</ccbaKdcd>
<ccbaCtcd>11</ccbaCtcd>
<ccbaAsno>00940000</ccbaAsno>
<ccbaCncl>Y</ccbaCncl>
<ccbaCpno>1271100940000</ccbaCpno>
<longitude>0</longitude>
<latitude>0</latitude>

</item>

<item>
<sn>109</sn>
<no>2858</no>
<ccmaName><![CDATA[국가무형문화재]]></ccmaName>
<crltsnoNm>95</crltsnoNm>
<ccbaMnm1><![CDATA[제주민요]]></ccbaMnm1>
<ccbaMnm2><![CDATA[濟州民謠]]></ccbaMnm2>
<ccbaCtcdNm><![CDATA[제주]]></ccbaCtcdNm>
<ccsiName><![CDATA[서귀포시]]></ccsiName>
<ccbaAdmin><![CDATA[(사)국가무형문화재 제주민요 보존회]]></ccbaAdmin>
<ccbaKdcd>17</ccbaKdcd>
<ccbaCtcd>50</ccbaCtcd>
<ccbaAsno>00950000</ccbaAsno>
<ccbaCncl>N</ccbaCncl>
<ccbaCpno>1273900950000</ccbaCpno>
<longitude>0</longitude>
<latitude>0</latitude>

</item>

<item>
<sn>110</sn>
<no>2828</no>
<ccmaName><![CDATA[국가무형문화재]]></ccmaName>
<crltsnoNm>96</crltsnoNm>
<ccbaMnm1><![CDATA[옹기장]]></ccbaMnm1>
<ccbaMnm2><![CDATA[甕器匠]]></ccbaMnm2>
<ccbaCtcdNm><![CDATA[기타]]></ccbaCtcdNm>
<ccsiName><![CDATA[.]]></ccsiName>
<ccbaAdmin><![CDATA[]]></ccbaAdmin>
<ccbaKdcd>17</ccbaKdcd>
<ccbaCtcd>ZZ</ccbaCtcd>
<ccbaAsno>00960000</ccbaAsno>
<ccbaCncl>N</ccbaCncl>
<ccbaCpno>1273600960000</ccbaCpno>
<longitude>0</longitude>
<latitude>0</latitude>

</item>

<item>
<sn>111</sn>
<no>2768</no>
<ccmaName><![CDATA[국가무형문화재]]></ccmaName>
<crltsnoNm>97</crltsnoNm>
<ccbaMnm1><![CDATA[살풀이춤]]></ccbaMnm1>
<ccbaMnm2><![CDATA[]]></ccbaMnm2>
<ccbaCtcdNm><![CDATA[기타]]></ccbaCtcdNm>
<ccsiName><![CDATA[.]]></ccsiName>
<ccbaAdmin><![CDATA[]]></ccbaAdmin>
<ccbaKdcd>17</ccbaKdcd>
<ccbaCtcd>ZZ</ccbaCtcd>
<ccbaAsno>00970000</ccbaAsno>
<ccbaCncl>N</ccbaCncl>
<ccbaCpno>1271100970000</ccbaCpno>
<longitude>0</longitude>
<latitude>0</latitude>

</item>

<item>
<sn>112</sn>
<no>2793</no>
<ccmaName><![CDATA[국가무형문화재]]></ccmaName>
<crltsnoNm>98</crltsnoNm>
<ccbaMnm1><![CDATA[경기도도당굿]]></ccbaMnm1>
<ccbaMnm2><![CDATA[京畿道都堂굿]]></ccbaMnm2>
<ccbaCtcdNm><![CDATA[경기]]></ccbaCtcdNm>
<ccsiName><![CDATA[경기전역]]></ccsiName>
<ccbaAdmin><![CDATA[경기도도당굿보존회]]></ccbaAdmin>
<ccbaKdcd>17</ccbaKdcd>
<ccbaCtcd>31</ccbaCtcd>
<ccbaAsno>00980000</ccbaAsno>
<ccbaCncl>N</ccbaCncl>
<ccbaCpno>1273100980000</ccbaCpno>
<longitude>0</longitude>
<latitude>0</latitude>

</item>

<item>
<sn>113</sn>
<no>2769</no>
<ccmaName><![CDATA[국가무형문화재]]></ccmaName>
<crltsnoNm>99</crltsnoNm>
<ccbaMnm1><![CDATA[소반장]]></ccbaMnm1>
<ccbaMnm2><![CDATA[小盤匠]]></ccbaMnm2>
<ccbaCtcdNm><![CDATA[기타]]></ccbaCtcdNm>
<ccsiName><![CDATA[.]]></ccsiName>
<ccbaAdmin><![CDATA[]]></ccbaAdmin>
<ccbaKdcd>17</ccbaKdcd>
<ccbaCtcd>ZZ</ccbaCtcd>
<ccbaAsno>00990000</ccbaAsno>
<ccbaCncl>N</ccbaCncl>
<ccbaCpno>1271100990000</ccbaCpno>
<longitude>0</longitude>
<latitude>0</latitude>

</item>

<item>
<sn>114</sn>
<no>2829</no>
<ccmaName><![CDATA[국가무형문화재]]></ccmaName>
<crltsnoNm>100</crltsnoNm>
<ccbaMnm1><![CDATA[옥장]]></ccbaMnm1>
<ccbaMnm2><![CDATA[玉匠]]></ccbaMnm2>
<ccbaCtcdNm><![CDATA[전남]]></ccbaCtcdNm>
<ccsiName><![CDATA[목포시]]></ccsiName>
<ccbaAdmin><![CDATA[]]></ccbaAdmin>
<ccbaKdcd>17</ccbaKdcd>
<ccbaCtcd>36</ccbaCtcd>
<ccbaAsno>01000000</ccbaAsno>
<ccbaCncl>N</ccbaCncl>
<ccbaCpno>1273601000000</ccbaCpno>
<longitude>126.415725235691</longitude>
<latitude>34.7925113280328</latitude>

</item>

<item>
<sn>115</sn>
<no>2803</no>
<ccmaName><![CDATA[국가무형문화재]]></ccmaName>
<crltsnoNm>101</crltsnoNm>
<ccbaMnm1><![CDATA[금속활자장]]></ccbaMnm1>
<ccbaMnm2><![CDATA[金屬活字匠]]></ccbaMnm2>
<ccbaCtcdNm><![CDATA[충북]]></ccbaCtcdNm>
<ccsiName><![CDATA[괴산군]]></ccsiName>
<ccbaAdmin><![CDATA[]]></ccbaAdmin>
<ccbaKdcd>17</ccbaKdcd>
<ccbaCtcd>33</ccbaCtcd>
<ccbaAsno>01010000</ccbaAsno>
<ccbaCncl>N</ccbaCncl>
<ccbaCpno>1273301010000</ccbaCpno>
<longitude>127.492239902633</longitude>
<latitude>36.6394802100071</latitude>

</item>

<item>
<sn>116</sn>
<no>2794</no>
<ccmaName><![CDATA[국가무형문화재]]></ccmaName>
<crltsnoNm>102</crltsnoNm>
<ccbaMnm1><![CDATA[배첩장]]></ccbaMnm1>
<ccbaMnm2><![CDATA[褙貼匠]]></ccbaMnm2>
<ccbaCtcdNm><![CDATA[기타]]></ccbaCtcdNm>
<ccsiName><![CDATA[.]]></ccsiName>
<ccbaAdmin><![CDATA[]]></ccbaAdmin>
<ccbaKdcd>17</ccbaKdcd>
<ccbaCtcd>ZZ</ccbaCtcd>
<ccbaAsno>01020000</ccbaAsno>
<ccbaCncl>N</ccbaCncl>
<ccbaCpno>1273101020000</ccbaCpno>
<longitude>0</longitude>
<latitude>0</latitude>

</item>

<item>
<sn>117</sn>
<no>2785</no>
<ccmaName><![CDATA[국가무형문화재]]></ccmaName>
<crltsnoNm>103</crltsnoNm>
<ccbaMnm1><![CDATA[완초장]]></ccbaMnm1>
<ccbaMnm2><![CDATA[莞草匠]]></ccbaMnm2>
<ccbaCtcdNm><![CDATA[인천]]></ccbaCtcdNm>
<ccsiName><![CDATA[강화군]]></ccsiName>
<ccbaAdmin><![CDATA[]]></ccbaAdmin>
<ccbaKdcd>17</ccbaKdcd>
<ccbaCtcd>23</ccbaCtcd>
<ccbaAsno>01030000</ccbaAsno>
<ccbaCncl>N</ccbaCncl>
<ccbaCpno>1272301030000</ccbaCpno>
<longitude>0</longitude>
<latitude>0</latitude>

</item>

<item>
<sn>118</sn>
<no>2770</no>
<ccmaName><![CDATA[국가무형문화재]]></ccmaName>
<crltsnoNm>104</crltsnoNm>
<ccbaMnm1><![CDATA[서울 새남굿]]></ccbaMnm1>
<ccbaMnm2><![CDATA[]]></ccbaMnm2>
<ccbaCtcdNm><![CDATA[서울]]></ccbaCtcdNm>
<ccsiName><![CDATA[서울전역]]></ccsiName>
<ccbaAdmin><![CDATA[(사)국가무형문화재 서울새남굿보존회]]></ccbaAdmin>
<ccbaKdcd>17</ccbaKdcd>
<ccbaCtcd>11</ccbaCtcd>
<ccbaAsno>01040000</ccbaAsno>
<ccbaCncl>N</ccbaCncl>
<ccbaCpno>1271101040000</ccbaCpno>
<longitude>127.044648466316</longitude>
<latitude>37.5102294403293</latitude>

</item>

<item>
<sn>119</sn>
<no>2839</no>
<ccmaName><![CDATA[국가무형문화재]]></ccmaName>
<crltsnoNm>105</crltsnoNm>
<ccbaMnm1><![CDATA[사기장]]></ccbaMnm1>
<ccbaMnm2><![CDATA[沙器匠]]></ccbaMnm2>
<ccbaCtcdNm><![CDATA[경북]]></ccbaCtcdNm>
<ccsiName><![CDATA[문경시]]></ccsiName>
<ccbaAdmin><![CDATA[]]></ccbaAdmin>
<ccbaKdcd>17</ccbaKdcd>
<ccbaCtcd>37</ccbaCtcd>
<ccbaAsno>01050000</ccbaAsno>
<ccbaCncl>N</ccbaCncl>
<ccbaCpno>1273701050000</ccbaCpno>
<longitude>0</longitude>
<latitude>0</latitude>

</item>

<item>
<sn>120</sn>
<no>2771</no>
<ccmaName><![CDATA[국가무형문화재]]></ccmaName>
<crltsnoNm>106</crltsnoNm>
<ccbaMnm1><![CDATA[각자장]]></ccbaMnm1>
<ccbaMnm2><![CDATA[刻字匠]]></ccbaMnm2>
<ccbaCtcdNm><![CDATA[서울]]></ccbaCtcdNm>
<ccsiName><![CDATA[서초구]]></ccsiName>
<ccbaAdmin><![CDATA[]]></ccbaAdmin>
<ccbaKdcd>17</ccbaKdcd>
<ccbaCtcd>11</ccbaCtcd>
<ccbaAsno>01060000</ccbaAsno>
<ccbaCncl>N</ccbaCncl>
<ccbaCpno>1271101060000</ccbaCpno>
<longitude>127.044648466316</longitude>
<latitude>37.5102294403293</latitude>

</item>

<item>
<sn>121</sn>
<no>2840</no>
<ccmaName><![CDATA[국가무형문화재]]></ccmaName>
<crltsnoNm>107</crltsnoNm>
<ccbaMnm1><![CDATA[누비장]]></ccbaMnm1>
<ccbaMnm2><![CDATA[縷緋匠]]></ccbaMnm2>
<ccbaCtcdNm><![CDATA[경북]]></ccbaCtcdNm>
<ccsiName><![CDATA[경주시]]></ccsiName>
<ccbaAdmin><![CDATA[]]></ccbaAdmin>
<ccbaKdcd>17</ccbaKdcd>
<ccbaCtcd>37</ccbaCtcd>
<ccbaAsno>01070000</ccbaAsno>
<ccbaCncl>N</ccbaCncl>
<ccbaCpno>1273701070000</ccbaCpno>
<longitude>0</longitude>
<latitude>0</latitude>

</item>

<item>
<sn>122</sn>
<no>2877</no>
<ccmaName><![CDATA[국가무형문화재]]></ccmaName>
<crltsnoNm>108</crltsnoNm>
<ccbaMnm1><![CDATA[목조각장]]></ccbaMnm1>
<ccbaMnm2><![CDATA[木彫刻匠]]></ccbaMnm2>
<ccbaCtcdNm><![CDATA[기타]]></ccbaCtcdNm>
<ccsiName><![CDATA[.]]></ccsiName>
<ccbaAdmin><![CDATA[]]></ccbaAdmin>
<ccbaKdcd>17</ccbaKdcd>
<ccbaCtcd>ZZ</ccbaCtcd>
<ccbaAsno>01080000</ccbaAsno>
<ccbaCncl>N</ccbaCncl>
<ccbaCpno>1279901080000</ccbaCpno>
<longitude>127.832037048852</longitude>
<latitude>35.4923590344189</latitude>

</item>

<item>
<sn>123</sn>
<no>2786</no>
<ccmaName><![CDATA[국가무형문화재]]></ccmaName>
<crltsnoNm>109</crltsnoNm>
<ccbaMnm1><![CDATA[화각장]]></ccbaMnm1>
<ccbaMnm2><![CDATA[華角匠]]></ccbaMnm2>
<ccbaCtcdNm><![CDATA[인천]]></ccbaCtcdNm>
<ccsiName><![CDATA[남동구]]></ccsiName>
<ccbaAdmin><![CDATA[]]></ccbaAdmin>
<ccbaKdcd>17</ccbaKdcd>
<ccbaCtcd>23</ccbaCtcd>
<ccbaAsno>01090000</ccbaAsno>
<ccbaCncl>N</ccbaCncl>
<ccbaCpno>1272301090000</ccbaCpno>
<longitude>127.044648466316</longitude>
<latitude>37.5102294403293</latitude>

</item>

<item>
<sn>124</sn>
<no>2814</no>
<ccmaName><![CDATA[국가무형문화재]]></ccmaName>
<crltsnoNm>110</crltsnoNm>
<ccbaMnm1><![CDATA[윤도장]]></ccbaMnm1>
<ccbaMnm2><![CDATA[輪圖匠]]></ccbaMnm2>
<ccbaCtcdNm><![CDATA[전북]]></ccbaCtcdNm>
<ccsiName><![CDATA[고창군]]></ccsiName>
<ccbaAdmin><![CDATA[]]></ccbaAdmin>
<ccbaKdcd>17</ccbaKdcd>
<ccbaCtcd>35</ccbaCtcd>
<ccbaAsno>01100000</ccbaAsno>
<ccbaCncl>N</ccbaCncl>
<ccbaCpno>1273501100000</ccbaCpno>
<longitude>126.759262036382</longitude>
<latitude>35.5254914860037</latitude>

</item>

<item>
<sn>125</sn>
<no>2772</no>
<ccmaName><![CDATA[국가무형문화재]]></ccmaName>
<crltsnoNm>111</crltsnoNm>
<ccbaMnm1><![CDATA[사직대제]]></ccbaMnm1>
<ccbaMnm2><![CDATA[社稷大祭]]></ccbaMnm2>
<ccbaCtcdNm><![CDATA[서울]]></ccbaCtcdNm>
<ccsiName><![CDATA[종로구]]></ccsiName>
<ccbaAdmin><![CDATA[(사)국가무형문화재 사직대제보존회]]></ccbaAdmin>
<ccbaKdcd>17</ccbaKdcd>
<ccbaCtcd>11</ccbaCtcd>
<ccbaAsno>01110000</ccbaAsno>
<ccbaCncl>N</ccbaCncl>
<ccbaCpno>1271101110000</ccbaCpno>
<longitude>0</longitude>
<latitude>0</latitude>

</item>

<item>
<sn>126</sn>
<no>2804</no>
<ccmaName><![CDATA[국가무형문화재]]></ccmaName>
<crltsnoNm>112</crltsnoNm>
<ccbaMnm1><![CDATA[주철장]]></ccbaMnm1>
<ccbaMnm2><![CDATA[鑄鐵匠]]></ccbaMnm2>
<ccbaCtcdNm><![CDATA[충북]]></ccbaCtcdNm>
<ccsiName><![CDATA[진천군]]></ccsiName>
<ccbaAdmin><![CDATA[]]></ccbaAdmin>
<ccbaKdcd>17</ccbaKdcd>
<ccbaCtcd>33</ccbaCtcd>
<ccbaAsno>01120000</ccbaAsno>
<ccbaCncl>N</ccbaCncl>
<ccbaCpno>1273301120000</ccbaCpno>
<longitude>0</longitude>
<latitude>0</latitude>

</item>

<item>
<sn>127</sn>
<no>2773</no>
<ccmaName><![CDATA[국가무형문화재]]></ccmaName>
<crltsnoNm>113</crltsnoNm>
<ccbaMnm1><![CDATA[칠장]]></ccbaMnm1>
<ccbaMnm2><![CDATA[漆匠]]></ccbaMnm2>
<ccbaCtcdNm><![CDATA[서울]]></ccbaCtcdNm>
<ccsiName><![CDATA[서울전역]]></ccsiName>
<ccbaAdmin><![CDATA[]]></ccbaAdmin>
<ccbaKdcd>17</ccbaKdcd>
<ccbaCtcd>11</ccbaCtcd>
<ccbaAsno>01130000</ccbaAsno>
<ccbaCncl>N</ccbaCncl>
<ccbaCpno>1271101130000</ccbaCpno>
<longitude>0</longitude>
<latitude>0</latitude>

</item>

<item>
<sn>128</sn>
<no>2852</no>
<ccmaName><![CDATA[국가무형문화재]]></ccmaName>
<crltsnoNm>114</crltsnoNm>
<ccbaMnm1><![CDATA[염장]]></ccbaMnm1>
<ccbaMnm2><![CDATA[簾匠]]></ccbaMnm2>
<ccbaCtcdNm><![CDATA[경남]]></ccbaCtcdNm>
<ccsiName><![CDATA[통영시]]></ccsiName>
<ccbaAdmin><![CDATA[]]></ccbaAdmin>
<ccbaKdcd>17</ccbaKdcd>
<ccbaCtcd>38</ccbaCtcd>
<ccbaAsno>01140000</ccbaAsno>
<ccbaCncl>N</ccbaCncl>
<ccbaCpno>1273801140000</ccbaCpno>
<longitude>0</longitude>
<latitude>0</latitude>

</item>

<item>
<sn>129</sn>
<no>2830</no>
<ccmaName><![CDATA[국가무형문화재]]></ccmaName>
<crltsnoNm>115</crltsnoNm>
<ccbaMnm1><![CDATA[염색장]]></ccbaMnm1>
<ccbaMnm2><![CDATA[染色匠]]></ccbaMnm2>
<ccbaCtcdNm><![CDATA[전남]]></ccbaCtcdNm>
<ccsiName><![CDATA[나주시]]></ccsiName>
<ccbaAdmin><![CDATA[]]></ccbaAdmin>
<ccbaKdcd>17</ccbaKdcd>
<ccbaCtcd>36</ccbaCtcd>
<ccbaAsno>01150000</ccbaAsno>
<ccbaCncl>N</ccbaCncl>
<ccbaCpno>1273601150000</ccbaCpno>
<longitude>126.634122547912</longitude>
<latitude>34.9973772545523</latitude>

</item>

<item>
<sn>130</sn>
<no>2774</no>
<ccmaName><![CDATA[국가무형문화재]]></ccmaName>
<crltsnoNm>116</crltsnoNm>
<ccbaMnm1><![CDATA[화혜장]]></ccbaMnm1>
<ccbaMnm2><![CDATA[靴鞋匠]]></ccbaMnm2>
<ccbaCtcdNm><![CDATA[서울]]></ccbaCtcdNm>
<ccsiName><![CDATA[송파구]]></ccsiName>
<ccbaAdmin><![CDATA[]]></ccbaAdmin>
<ccbaKdcd>17</ccbaKdcd>
<ccbaCtcd>11</ccbaCtcd>
<ccbaAsno>01160000</ccbaAsno>
<ccbaCncl>N</ccbaCncl>
<ccbaCpno>1271101160000</ccbaCpno>
<longitude>0</longitude>
<latitude>0</latitude>

</item>

<item>
<sn>131</sn>
<no>2795</no>
<ccmaName><![CDATA[국가무형문화재]]></ccmaName>
<crltsnoNm>117</crltsnoNm>
<ccbaMnm1><![CDATA[한지장]]></ccbaMnm1>
<ccbaMnm2><![CDATA[韓紙匠]]></ccbaMnm2>
<ccbaCtcdNm><![CDATA[전북]]></ccbaCtcdNm>
<ccsiName><![CDATA[전북전역]]></ccsiName>
<ccbaAdmin><![CDATA[]]></ccbaAdmin>
<ccbaKdcd>17</ccbaKdcd>
<ccbaCtcd>35</ccbaCtcd>
<ccbaAsno>01170000</ccbaAsno>
<ccbaCncl>N</ccbaCncl>
<ccbaCpno>1273101170000</ccbaCpno>
<longitude>0</longitude>
<latitude>0</latitude>

</item>

<item>
<sn>132</sn>
<no>2878</no>
<ccmaName><![CDATA[국가무형문화재]]></ccmaName>
<crltsnoNm>118</crltsnoNm>
<ccbaMnm1><![CDATA[불화장]]></ccbaMnm1>
<ccbaMnm2><![CDATA[佛畵匠]]></ccbaMnm2>
<ccbaCtcdNm><![CDATA[경기]]></ccbaCtcdNm>
<ccsiName><![CDATA[고양시]]></ccsiName>
<ccbaAdmin><![CDATA[]]></ccbaAdmin>
<ccbaKdcd>17</ccbaKdcd>
<ccbaCtcd>31</ccbaCtcd>
<ccbaAsno>01180000</ccbaAsno>
<ccbaCncl>N</ccbaCncl>
<ccbaCpno>1279901180000</ccbaCpno>
<longitude>0</longitude>
<latitude>0</latitude>

</item>

<item>
<sn>133</sn>
<no>2796</no>
<ccmaName><![CDATA[국가무형문화재]]></ccmaName>
<crltsnoNm>119</crltsnoNm>
<ccbaMnm1><![CDATA[금박장]]></ccbaMnm1>
<ccbaMnm2><![CDATA[金箔匠]]></ccbaMnm2>
<ccbaCtcdNm><![CDATA[서울]]></ccbaCtcdNm>
<ccsiName><![CDATA[종로구]]></ccsiName>
<ccbaAdmin><![CDATA[]]></ccbaAdmin>
<ccbaKdcd>17</ccbaKdcd>
<ccbaCtcd>11</ccbaCtcd>
<ccbaAsno>01190000</ccbaAsno>
<ccbaCncl>N</ccbaCncl>
<ccbaCpno>1273101190000</ccbaCpno>
<longitude>0</longitude>
<latitude>0</latitude>

</item>

<item>
<sn>134</sn>
<no>2797</no>
<ccmaName><![CDATA[국가무형문화재]]></ccmaName>
<crltsnoNm>120</crltsnoNm>
<ccbaMnm1><![CDATA[석장]]></ccbaMnm1>
<ccbaMnm2><![CDATA[石匠]]></ccbaMnm2>
<ccbaCtcdNm><![CDATA[경기]]></ccbaCtcdNm>
<ccsiName><![CDATA[경기전역]]></ccsiName>
<ccbaAdmin><![CDATA[]]></ccbaAdmin>
<ccbaKdcd>17</ccbaKdcd>
<ccbaCtcd>31</ccbaCtcd>
<ccbaAsno>01200000</ccbaAsno>
<ccbaCncl>N</ccbaCncl>
<ccbaCpno>1273101200000</ccbaCpno>
<longitude>0</longitude>
<latitude>0</latitude>

</item>

<item>
<sn>135</sn>
<no>2775</no>
<ccmaName><![CDATA[국가무형문화재]]></ccmaName>
<crltsnoNm>121</crltsnoNm>
<ccbaMnm1><![CDATA[번와장]]></ccbaMnm1>
<ccbaMnm2><![CDATA[翻瓦匠]]></ccbaMnm2>
<ccbaCtcdNm><![CDATA[서울]]></ccbaCtcdNm>
<ccsiName><![CDATA[성북구]]></ccsiName>
<ccbaAdmin><![CDATA[]]></ccbaAdmin>
<ccbaKdcd>17</ccbaKdcd>
<ccbaCtcd>11</ccbaCtcd>
<ccbaAsno>01210000</ccbaAsno>
<ccbaCncl>N</ccbaCncl>
<ccbaCpno>1271101210000</ccbaCpno>
<longitude>0</longitude>
<latitude>0</latitude>

</item>

<item>
<sn>136</sn>
<no>2776</no>
<ccmaName><![CDATA[국가무형문화재]]></ccmaName>
<crltsnoNm>122</crltsnoNm>
<ccbaMnm1><![CDATA[연등회]]></ccbaMnm1>
<ccbaMnm2><![CDATA[燃燈會]]></ccbaMnm2>
<ccbaCtcdNm><![CDATA[서울]]></ccbaCtcdNm>
<ccsiName><![CDATA[종로구]]></ccsiName>
<ccbaAdmin><![CDATA[연등회보존위원회]]></ccbaAdmin>
<ccbaKdcd>17</ccbaKdcd>
<ccbaCtcd>11</ccbaCtcd>
<ccbaAsno>01220000</ccbaAsno>
<ccbaCncl>N</ccbaCncl>
<ccbaCpno>1271101220000</ccbaCpno>
<longitude>0</longitude>
<latitude>0</latitude>

</item>

<item>
<sn>137</sn>
<no>2831</no>
<ccmaName><![CDATA[국가무형문화재]]></ccmaName>
<crltsnoNm>123</crltsnoNm>
<ccbaMnm1><![CDATA[법성포단오제]]></ccbaMnm1>
<ccbaMnm2><![CDATA[法聖浦端午祭]]></ccbaMnm2>
<ccbaCtcdNm><![CDATA[전남]]></ccbaCtcdNm>
<ccsiName><![CDATA[영광군]]></ccsiName>
<ccbaAdmin><![CDATA[(사)국가무형문화재 법성포단오제 보존회]]></ccbaAdmin>
<ccbaKdcd>17</ccbaKdcd>
<ccbaCtcd>36</ccbaCtcd>
<ccbaAsno>01230000</ccbaAsno>
<ccbaCncl>N</ccbaCncl>
<ccbaCpno>1273601230000</ccbaCpno>
<longitude>0</longitude>
<latitude>0</latitude>

</item>

<item>
<sn>138</sn>
<no>2853</no>
<ccmaName><![CDATA[국가무형문화재]]></ccmaName>
<crltsnoNm>124</crltsnoNm>
<ccbaMnm1><![CDATA[궁중채화]]></ccbaMnm1>
<ccbaMnm2><![CDATA[宮中綵花]]></ccbaMnm2>
<ccbaCtcdNm><![CDATA[경남]]></ccbaCtcdNm>
<ccsiName><![CDATA[양산시]]></ccsiName>
<ccbaAdmin><![CDATA[]]></ccbaAdmin>
<ccbaKdcd>17</ccbaKdcd>
<ccbaCtcd>38</ccbaCtcd>
<ccbaAsno>01240000</ccbaAsno>
<ccbaCncl>N</ccbaCncl>
<ccbaCpno>1273801240000</ccbaCpno>
<longitude>0</longitude>
<latitude>0</latitude>

</item>

<item>
<sn>139</sn>
<no>2800</no>
<ccmaName><![CDATA[국가무형문화재]]></ccmaName>
<crltsnoNm>125</crltsnoNm>
<ccbaMnm1><![CDATA[삼화사 수륙재]]></ccbaMnm1>
<ccbaMnm2><![CDATA[三和寺 水陸齋]]></ccbaMnm2>
<ccbaCtcdNm><![CDATA[강원]]></ccbaCtcdNm>
<ccsiName><![CDATA[동해시]]></ccsiName>
<ccbaAdmin><![CDATA[삼화사 국행수륙대재보존회]]></ccbaAdmin>
<ccbaKdcd>17</ccbaKdcd>
<ccbaCtcd>32</ccbaCtcd>
<ccbaAsno>01250000</ccbaAsno>
<ccbaCncl>N</ccbaCncl>
<ccbaCpno>1273201250000</ccbaCpno>
<longitude>0</longitude>
<latitude>0</latitude>

</item>

<item>
<sn>140</sn>
<no>2801</no>
<ccmaName><![CDATA[국가무형문화재]]></ccmaName>
<crltsnoNm>126</crltsnoNm>
<ccbaMnm1><![CDATA[진관사 수륙재]]></ccbaMnm1>
<ccbaMnm2><![CDATA[津寬寺 水陸齋]]></ccbaMnm2>
<ccbaCtcdNm><![CDATA[서울]]></ccbaCtcdNm>
<ccsiName><![CDATA[은평구]]></ccsiName>
<ccbaAdmin><![CDATA[(사)국가무형문화재 진관사수륙재보존회]]></ccbaAdmin>
<ccbaKdcd>17</ccbaKdcd>
<ccbaCtcd>11</ccbaCtcd>
<ccbaAsno>01260000</ccbaAsno>
<ccbaCncl>N</ccbaCncl>
<ccbaCpno>1273201260000</ccbaCpno>
<longitude>0</longitude>
<latitude>0</latitude>

</item>

<item>
<sn>141</sn>
<no>2854</no>
<ccmaName><![CDATA[국가무형문화재]]></ccmaName>
<crltsnoNm>127</crltsnoNm>
<ccbaMnm1><![CDATA[아랫녘 수륙재]]></ccbaMnm1>
<ccbaMnm2><![CDATA[아랫녘 水陸齋]]></ccbaMnm2>
<ccbaCtcdNm><![CDATA[경남]]></ccbaCtcdNm>
<ccsiName><![CDATA[창원시]]></ccsiName>
<ccbaAdmin><![CDATA[(사)국가무형문화재 아랫녘수륙재보존회]]></ccbaAdmin>
<ccbaKdcd>17</ccbaKdcd>
<ccbaCtcd>38</ccbaCtcd>
<ccbaAsno>01270000</ccbaAsno>
<ccbaCncl>N</ccbaCncl>
<ccbaCpno>1273801270000</ccbaCpno>
<longitude>0</longitude>
<latitude>0</latitude>

</item>

<item>
<sn>142</sn>
<no>16539</no>
<ccmaName><![CDATA[국가무형문화재]]></ccmaName>
<crltsnoNm>128</crltsnoNm>
<ccbaMnm1><![CDATA[선자장]]></ccbaMnm1>
<ccbaMnm2><![CDATA[扇子匠]]></ccbaMnm2>
<ccbaCtcdNm><![CDATA[전북]]></ccbaCtcdNm>
<ccsiName><![CDATA[전주시]]></ccsiName>
<ccbaAdmin><![CDATA[]]></ccbaAdmin>
<ccbaKdcd>17</ccbaKdcd>
<ccbaCtcd>35</ccbaCtcd>
<ccbaAsno>01280000</ccbaAsno>
<ccbaCncl>N</ccbaCncl>
<ccbaCpno>1273501280000</ccbaCpno>
<longitude>0</longitude>
<latitude>0</latitude>

</item>

<item>
<sn>143</sn>
<no>16632</no>
<ccmaName><![CDATA[국가무형문화재]]></ccmaName>
<crltsnoNm>129</crltsnoNm>
<ccbaMnm1><![CDATA[아리랑]]></ccbaMnm1>
<ccbaMnm2><![CDATA[]]></ccbaMnm2>
<ccbaCtcdNm><![CDATA[기타]]></ccbaCtcdNm>
<ccsiName><![CDATA[.]]></ccsiName>
<ccbaAdmin><![CDATA[]]></ccbaAdmin>
<ccbaKdcd>17</ccbaKdcd>
<ccbaCtcd>ZZ</ccbaCtcd>
<ccbaAsno>01290000</ccbaAsno>
<ccbaCncl>N</ccbaCncl>
<ccbaCpno>127ZZ01290000</ccbaCpno>
<longitude>0</longitude>
<latitude>0</latitude>

</item>

<item>
<sn>144</sn>
<no>16792</no>
<ccmaName><![CDATA[국가무형문화재]]></ccmaName>
<crltsnoNm>130</crltsnoNm>
<ccbaMnm1><![CDATA[제다]]></ccbaMnm1>
<ccbaMnm2><![CDATA[製茶]]></ccbaMnm2>
<ccbaCtcdNm><![CDATA[기타]]></ccbaCtcdNm>
<ccsiName><![CDATA[.]]></ccsiName>
<ccbaAdmin><![CDATA[]]></ccbaAdmin>
<ccbaKdcd>17</ccbaKdcd>
<ccbaCtcd>ZZ</ccbaCtcd>
<ccbaAsno>01300000</ccbaAsno>
<ccbaCncl>N</ccbaCncl>
<ccbaCpno>127ZZ01300000</ccbaCpno>
<longitude>0</longitude>
<latitude>0</latitude>

</item>

<item>
<sn>145</sn>
<no>17037</no>
<ccmaName><![CDATA[국가무형문화재]]></ccmaName>
<crltsnoNm>131</crltsnoNm>
<ccbaMnm1><![CDATA[씨름]]></ccbaMnm1>
<ccbaMnm2><![CDATA[씨름]]></ccbaMnm2>
<ccbaCtcdNm><![CDATA[기타]]></ccbaCtcdNm>
<ccsiName><![CDATA[.]]></ccsiName>
<ccbaAdmin><![CDATA[]]></ccbaAdmin>
<ccbaKdcd>17</ccbaKdcd>
<ccbaCtcd>ZZ</ccbaCtcd>
<ccbaAsno>01310000</ccbaAsno>
<ccbaCncl>N</ccbaCncl>
<ccbaCpno>127ZZ01310000</ccbaCpno>
<longitude>0</longitude>
<latitude>0</latitude>

</item>

<item>
<sn>146</sn>
<no>17128</no>
<ccmaName><![CDATA[국가무형문화재]]></ccmaName>
<crltsnoNm>132</crltsnoNm>
<ccbaMnm1><![CDATA[해녀]]></ccbaMnm1>
<ccbaMnm2><![CDATA[海女]]></ccbaMnm2>
<ccbaCtcdNm><![CDATA[기타]]></ccbaCtcdNm>
<ccsiName><![CDATA[.]]></ccsiName>
<ccbaAdmin><![CDATA[]]></ccbaAdmin>
<ccbaKdcd>17</ccbaKdcd>
<ccbaCtcd>ZZ</ccbaCtcd>
<ccbaAsno>01320000</ccbaAsno>
<ccbaCncl>N</ccbaCncl>
<ccbaCpno>127ZZ01320000</ccbaCpno>
<longitude>0</longitude>
<latitude>0</latitude>

</item>

<item>
<sn>147</sn>
<no>17249</no>
<ccmaName><![CDATA[국가무형문화재]]></ccmaName>
<crltsnoNm>133</crltsnoNm>
<ccbaMnm1><![CDATA[김치 담그기]]></ccbaMnm1>
<ccbaMnm2><![CDATA[]]></ccbaMnm2>
<ccbaCtcdNm><![CDATA[기타]]></ccbaCtcdNm>
<ccsiName><![CDATA[.]]></ccsiName>
<ccbaAdmin><![CDATA[]]></ccbaAdmin>
<ccbaKdcd>17</ccbaKdcd>
<ccbaCtcd>ZZ</ccbaCtcd>
<ccbaAsno>01330000</ccbaAsno>
<ccbaCncl>N</ccbaCncl>
<ccbaCpno>127ZZ01330000</ccbaCpno>
<longitude>0</longitude>
<latitude>0</latitude>

</item>

<item>
<sn>148</sn>
<no>17391</no>
<ccmaName><![CDATA[국가무형문화재]]></ccmaName>
<crltsnoNm>134</crltsnoNm>
<ccbaMnm1><![CDATA[제염]]></ccbaMnm1>
<ccbaMnm2><![CDATA[製鹽]]></ccbaMnm2>
<ccbaCtcdNm><![CDATA[기타]]></ccbaCtcdNm>
<ccsiName><![CDATA[.]]></ccsiName>
<ccbaAdmin><![CDATA[]]></ccbaAdmin>
<ccbaKdcd>17</ccbaKdcd>
<ccbaCtcd>ZZ</ccbaCtcd>
<ccbaAsno>01340000</ccbaAsno>
<ccbaCncl>N</ccbaCncl>
<ccbaCpno>127ZZ01340000</ccbaCpno>
<longitude>0</longitude>
<latitude>0</latitude>

</item>

<item>
<sn>149</sn>
<no>17392</no>
<ccmaName><![CDATA[국가무형문화재]]></ccmaName>
<crltsnoNm>135</crltsnoNm>
<ccbaMnm1><![CDATA[온돌문화]]></ccbaMnm1>
<ccbaMnm2><![CDATA[溫突文化]]></ccbaMnm2>
<ccbaCtcdNm><![CDATA[기타]]></ccbaCtcdNm>
<ccsiName><![CDATA[.]]></ccsiName>
<ccbaAdmin><![CDATA[]]></ccbaAdmin>
<ccbaKdcd>17</ccbaKdcd>
<ccbaCtcd>ZZ</ccbaCtcd>
<ccbaAsno>01350000</ccbaAsno>
<ccbaCncl>N</ccbaCncl>
<ccbaCpno>127ZZ01350000</ccbaCpno>
<longitude>0</longitude>
<latitude>0</latitude>

</item>

<item>
<sn>150</sn>
<no>18108</no>
<ccmaName><![CDATA[국가무형문화재]]></ccmaName>
<crltsnoNm>136</crltsnoNm>
<ccbaMnm1><![CDATA[낙화장]]></ccbaMnm1>
<ccbaMnm2><![CDATA[烙畵匠]]></ccbaMnm2>
<ccbaCtcdNm><![CDATA[충북]]></ccbaCtcdNm>
<ccsiName><![CDATA[보은군]]></ccsiName>
<ccbaAdmin><![CDATA[]]></ccbaAdmin>
<ccbaKdcd>17</ccbaKdcd>
<ccbaCtcd>33</ccbaCtcd>
<ccbaAsno>01360000</ccbaAsno>
<ccbaCncl>N</ccbaCncl>
<ccbaCpno>1273301360000</ccbaCpno>
<longitude>0</longitude>
<latitude>0</latitude>

</item>

<item>
<sn>151</sn>
<no>18111</no>
<ccmaName><![CDATA[국가무형문화재]]></ccmaName>
<crltsnoNm>137</crltsnoNm>
<ccbaMnm1><![CDATA[장 담그기]]></ccbaMnm1>
<ccbaMnm2><![CDATA[醬 담그기]]></ccbaMnm2>
<ccbaCtcdNm><![CDATA[기타]]></ccbaCtcdNm>
<ccsiName><![CDATA[.]]></ccsiName>
<ccbaAdmin><![CDATA[]]></ccbaAdmin>
<ccbaKdcd>17</ccbaKdcd>
<ccbaCtcd>ZZ</ccbaCtcd>
<ccbaAsno>01370000</ccbaAsno>
<ccbaCncl>N</ccbaCncl>
<ccbaCpno>127ZZ01370000</ccbaCpno>
<longitude>0</longitude>
<latitude>0</latitude>

</item>

<item>
<sn>152</sn>
<no>18192</no>
<ccmaName><![CDATA[국가무형문화재]]></ccmaName>
<crltsnoNm>138-1</crltsnoNm>
<ccbaMnm1><![CDATA[전통어로방식-어살]]></ccbaMnm1>
<ccbaMnm2><![CDATA[]]></ccbaMnm2>
<ccbaCtcdNm><![CDATA[기타]]></ccbaCtcdNm>
<ccsiName><![CDATA[.]]></ccsiName>
<ccbaAdmin><![CDATA[]]></ccbaAdmin>
<ccbaKdcd>17</ccbaKdcd>
<ccbaCtcd>ZZ</ccbaCtcd>
<ccbaAsno>01380100</ccbaAsno>
<ccbaCncl>N</ccbaCncl>
<ccbaCpno>127ZZ01380100</ccbaCpno>
<longitude>0</longitude>
<latitude>0</latitude>

</item>

<item>
<sn>153</sn>
<no>18208</no>
<ccmaName><![CDATA[국가무형문화재]]></ccmaName>
<crltsnoNm>139</crltsnoNm>
<ccbaMnm1><![CDATA[불복장작법]]></ccbaMnm1>
<ccbaMnm2><![CDATA[佛腹藏作法]]></ccbaMnm2>
<ccbaCtcdNm><![CDATA[서울]]></ccbaCtcdNm>
<ccsiName><![CDATA[서울전역]]></ccsiName>
<ccbaAdmin><![CDATA[(사)국가무형문화재 제139호 불복장작법보존회]]></ccbaAdmin>
<ccbaKdcd>17</ccbaKdcd>
<ccbaCtcd>11</ccbaCtcd>
<ccbaAsno>01390000</ccbaAsno>
<ccbaCncl>N</ccbaCncl>
<ccbaCpno>1271101390000</ccbaCpno>
<longitude>0</longitude>
<latitude>0</latitude>

</item>

<item>
<sn>154</sn>
<no>19813</no>
<ccmaName><![CDATA[국가무형문화재]]></ccmaName>
<crltsnoNm>140</crltsnoNm>
<ccbaMnm1><![CDATA[삼베짜기]]></ccbaMnm1>
<ccbaMnm2><![CDATA[]]></ccbaMnm2>
<ccbaCtcdNm><![CDATA[경북]]></ccbaCtcdNm>
<ccsiName><![CDATA[안동시]]></ccsiName>
<ccbaAdmin><![CDATA[(사)국가무형문화재 안동포짜기마을보존회]]></ccbaAdmin>
<ccbaKdcd>17</ccbaKdcd>
<ccbaCtcd>37</ccbaCtcd>
<ccbaAsno>01400000</ccbaAsno>
<ccbaCncl>N</ccbaCncl>
<ccbaCpno>1273701400000</ccbaCpno>
<longitude>0</longitude>
<latitude>0</latitude>

</item>
	
</result>