<?xml version="1.0" encoding="utf-8"?>







<result>	
<ccbaKdcd>17</ccbaKdcd>
<ccbaAsno>00010000</ccbaAsno>
<ccbaCtcd>11</ccbaCtcd>
<ccbaCpno>1271100010000</ccbaCpno>
<longitude>0</longitude>
<latitude>0</latitude>
<item>	
		<ccmaName><![CDATA[국가무형문화재]]></ccmaName>
		<crltsnoNm>1</crltsnoNm>
		<ccbaMnm1><![CDATA[종묘제례악]]></ccbaMnm1>
		<ccbaMnm2><![CDATA[宗廟祭禮樂]]></ccbaMnm2>
		<gcodeName><![CDATA[무형문화재]]></gcodeName>
		<bcodeName><![CDATA[전통 공연·예술]]></bcodeName>
		<mcodeName><![CDATA[음악]]></mcodeName>
		<scodeName><![CDATA[]]></scodeName>
		<ccbaQuan><![CDATA[]]></ccbaQuan>
		<ccbaAsdt><![CDATA[19641207]]></ccbaAsdt>
		<ccbaCtcdNm><![CDATA[서울특별시 ]]></ccbaCtcdNm>
		<ccsiName><![CDATA[]]></ccsiName>
		<ccbaLcad>
			
	             
	                 
	                 
	                     <![CDATA[서울특별시]]>
	                 
	             
	         
	         
		</ccbaLcad>
		<ccceName><![CDATA[]]></ccceName>
		<ccbaPoss>
                <![CDATA[]]>
        </ccbaPoss>
		<ccbaAdmin>
               <![CDATA[(사)국가무형문화재 종묘제례악보존회]]>
		</ccbaAdmin>
		<ccbaCncl><![CDATA[N]]></ccbaCncl>
		<ccbaCndt><![CDATA[]]></ccbaCndt>
		<imageUrl>1623117.jpg</imageUrl>
		<content><![CDATA[종묘제례악은 조선시대 역대 왕과 왕비의 신위를 모신 사당(종묘)에서 제사(종묘제례)를 지낼 때 무용과 노래와 악기를 사용하여 연주하는 음악을 가리키며, ‘종묘악’이라고도 한다.
 종묘제례의식의 각 절차마다 보태평과 정대업이라는 음악을 중심으로 조상의 공덕을 찬양하는 내용의 종묘악장이라는 노래를 부른다. 종묘제례악이 연주되는 동안, 문무인 보태평지무(선왕들의 문덕을 칭송)와 무무인 정대업지무(선왕들의 무공을 찬양)가 곁들여진다.
 종묘제례악은 본래 세종 29년(1447) 궁중회례연에 사용하기 위해 창작하였으며 세조 10년(1464) 제사에 적합하게 고친 후 지금까지 전승되고 있다. 매년 5월 첫째 일요일에 봉행하는 종묘대제에서 보태평 11곡과 정대업 11곡이 연주되고 있다. 
 종묘제례악은 조선시대의 기악연주와 노래·춤이 어우러진 궁중음악의 정수로서 우리의 문화적 전통과 특성이 잘 나타나 있으면서도 외국에서는 볼 수 없는 독특한 멋과 아름다움을 지니고 있다. 
 국가무형문화재 제1호 종묘제례악은 현재 유네스코 인류무형문화유산 대표목록으로 등재되어 있다.]]></content>
</item>	
</result>
