<?xml version="1.0" encoding="utf-8"?>







<result>	
<ccbaKdcd>17</ccbaKdcd>
<ccbaAsno>00380000</ccbaAsno>
<ccbaCtcd>11</ccbaCtcd>
<ccbaCpno>1271100380000</ccbaCpno>
<longitude>0</longitude>
<latitude>0</latitude>
<item>	
		<ccmaName><![CDATA[국가무형문화재]]></ccmaName>
		<crltsnoNm>38</crltsnoNm>
		<ccbaMnm1><![CDATA[조선왕조궁중음식]]></ccbaMnm1>
		<ccbaMnm2><![CDATA[朝鮮王朝宮中飮食]]></ccbaMnm2>
		<gcodeName><![CDATA[무형문화재]]></gcodeName>
		<bcodeName><![CDATA[전통 생활관습]]></bcodeName>
		<mcodeName><![CDATA[식생활]]></mcodeName>
		<scodeName><![CDATA[]]></scodeName>
		<ccbaQuan><![CDATA[]]></ccbaQuan>
		<ccbaAsdt><![CDATA[19701230]]></ccbaAsdt>
		<ccbaCtcdNm><![CDATA[서울특별시 ]]></ccbaCtcdNm>
		<ccsiName><![CDATA[]]></ccsiName>
		<ccbaLcad>
			
	             
	                 
	                 
	                     <![CDATA[서울특별시]]>
	                 
	             
	         
	         
		</ccbaLcad>
		<ccceName><![CDATA[]]></ccceName>
		<ccbaPoss>
                <![CDATA[]]>
        </ccbaPoss>
		<ccbaAdmin>
               <![CDATA[]]>
		</ccbaAdmin>
		<ccbaCncl><![CDATA[N]]></ccbaCncl>
		<ccbaCndt><![CDATA[]]></ccbaCndt>
		<imageUrl>1623184.jpg</imageUrl>
		<content><![CDATA[조선왕조 궁중음식은 고려왕조의 전통을 이어 온 조선시대 궁궐에서 차리던 음식으로 전통적인 한국음식을 대표한다.
궁중에서의 일상식은 아침과 저녁의 수라상(임금이 드시는 진지상)과 이른 아침의 초조반상(初朝飯床), 점심의 낮것상의 네 차례 식사로 나뉜다. 탕약을 드시지 않는 날에는 이른 아침(7시이전)에 죽과 마른찬을 차린 초조반상을 마련한다. 아침과 저녁의 수라상은 12가지 반찬이 올라가는 12첩 반상차림으로, 원반과 곁반, 전골상의 3상으로 구성되어 있다. 밥은 흰쌀밥과 팥밥 두가지와 육류, 채소류, 해물류의 다양한 재료로 여러 가지 조리법을 고르게 활용하여 반찬을 마련하고, 김치류와 장류 등을 차린다. 점심상이나 간단한 손님상은 국수 등의 면상으로 차린다. 왕과 왕비의 생신, 회갑, 세자책봉 등 왕족의 경사 때와 외국사신을 맞이할 때에는 연회식을 차린다. 
조선왕조 궁중음식의 주식류은 수라, 죽, 응이, 면, 만두류가 있다. 반찬류에는 탕, 조치, 찜, 선, 전골, 볶음, 구이, 적, 전유화, 편육, 숙채, 생채류, 겨자채, 구절판, 전복초, 홍합초, 장라조리개, 육포, 족편, 육회, 어회, 숙회, 쌈, 어채, 김치류, 장류가 있다. 병과류에는 각색편, 각색단자, 두텁떡, 화전, 인절미, 약식, 주악, 각색정과, 다식, 과편, 약과, 강정, 숙실과(밤, 대추, 율란, 조란, 강란)이 있다. 화채류에는 청면, 화면, 오미자화채, 식혜, 수정과, 배숙, 수단이 있다.
궁중의 식생활은 『경국대전』,『조선왕조실록』, 각종 『진연의궤』,『진작의궤』,『궁중음식발기』등에 기록해 놓은 그릇, 조리기구, 상차림 구성법, 음식이름과 음식의 재료 등을 통해 상세하게 알 수 있다.]]></content>
</item>	
</result>
