<?xml version="1.0" encoding="utf-8"?>







<result>	
<ccbaKdcd>17</ccbaKdcd>
<ccbaAsno>00490000</ccbaAsno>
<ccbaCtcd>11</ccbaCtcd>
<ccbaCpno>1271100490000</ccbaCpno>
<longitude>127.098024939024</longitude>
<latitude>37.5095662016777</latitude>
<item>	
		<ccmaName><![CDATA[국가무형문화재]]></ccmaName>
		<crltsnoNm>49</crltsnoNm>
		<ccbaMnm1><![CDATA[송파산대놀이]]></ccbaMnm1>
		<ccbaMnm2><![CDATA[松坡山臺놀이]]></ccbaMnm2>
		<gcodeName><![CDATA[무형문화재]]></gcodeName>
		<bcodeName><![CDATA[전통 공연·예술]]></bcodeName>
		<mcodeName><![CDATA[연희]]></mcodeName>
		<scodeName><![CDATA[]]></scodeName>
		<ccbaQuan><![CDATA[]]></ccbaQuan>
		<ccbaAsdt><![CDATA[19731111]]></ccbaAsdt>
		<ccbaCtcdNm><![CDATA[서울특별시 ]]></ccbaCtcdNm>
		<ccsiName><![CDATA[송파구]]></ccsiName>
		<ccbaLcad>
			
	             
	                 
	                 
	                     <![CDATA[서울특별시 송파구]]>
	                 
	             
	         
	         
		</ccbaLcad>
		<ccceName><![CDATA[]]></ccceName>
		<ccbaPoss>
                <![CDATA[]]>
        </ccbaPoss>
		<ccbaAdmin>
               <![CDATA[(사)국가무형문화재 제49호 송파산대놀이보존회]]>
		</ccbaAdmin>
		<ccbaCncl><![CDATA[N]]></ccbaCncl>
		<ccbaCndt><![CDATA[]]></ccbaCndt>
		<imageUrl>1623244.jpg</imageUrl>
		<content><![CDATA[산대놀이란 중부지방의 탈춤을 가리키는 말이다. 송파산대놀이는 서울·경기 지방에서 즐겼던 산대도감극(山臺都監劇)의 한 갈래로 춤과 무언극, 덕담과 익살이 어우러진 민중의 놀이이다. 이 놀이는 매년 정월 대보름과 단오·백중·추석에 명절놀이로 공연되었다.
 송파마을은 경기일원의 상업근거지였는데 약 200년전 송파장이 가장 번성하던 때에 산대놀이가 성행하여 오늘날까지 전하는 놀이형태로 완성되었다고 한다. 송파산대놀이는 전체 7과장으로 구성되어 있으며, 놀이에 앞서 가면과 의상을 갖추고 음악을 울리면서 공연장소까지 행렬하는 길놀이를 하고, 가면을 배열해 놓고 고사를 지낸다. 놀이내용의 구성이나 과장·춤·탈 등이 양주별산대놀이와 거의 비슷하지만 몇 개의 탈과 춤, 배역이 옛 형태를 지닌 것이 특징이다. 즉 양주별산대놀이에서는 이미 사라진 화장무 춤사위가 남아 있고, 해산어멈·신할미·무당의 탈이 남아 있어 이들 탈들이 맡은 역이 따로 있다. 바가지, 소나무껍질, 종이 등으로 만든 탈 33개가 사용되며, 놀이형태는 다른 탈춤과 마찬가지로 춤이 주가 되고 재담과 동작이 곁들여진다.]]></content>
</item>	
</result>
