<?xml version="1.0" encoding="utf-8"?>







<result>	
<ccbaKdcd>17</ccbaKdcd>
<ccbaAsno>00390000</ccbaAsno>
<ccbaCtcd>11</ccbaCtcd>
<ccbaCpno>1271100390000</ccbaCpno>
<longitude>0</longitude>
<latitude>0</latitude>
<item>	
		<ccmaName><![CDATA[국가무형문화재]]></ccmaName>
		<crltsnoNm>39</crltsnoNm>
		<ccbaMnm1><![CDATA[처용무]]></ccbaMnm1>
		<ccbaMnm2><![CDATA[處容舞]]></ccbaMnm2>
		<gcodeName><![CDATA[무형문화재]]></gcodeName>
		<bcodeName><![CDATA[전통 공연·예술]]></bcodeName>
		<mcodeName><![CDATA[춤]]></mcodeName>
		<scodeName><![CDATA[]]></scodeName>
		<ccbaQuan><![CDATA[]]></ccbaQuan>
		<ccbaAsdt><![CDATA[19710108]]></ccbaAsdt>
		<ccbaCtcdNm><![CDATA[서울특별시 ]]></ccbaCtcdNm>
		<ccsiName><![CDATA[]]></ccsiName>
		<ccbaLcad>
			
	             
	                 
	                 
	                     <![CDATA[서울특별시]]>
	                 
	             
	         
	         
		</ccbaLcad>
		<ccceName><![CDATA[]]></ccceName>
		<ccbaPoss>
                <![CDATA[]]>
        </ccbaPoss>
		<ccbaAdmin>
               <![CDATA[(사)국가무형문화재 처용무보존회]]>
		</ccbaAdmin>
		<ccbaCncl><![CDATA[N]]></ccbaCncl>
		<ccbaCndt><![CDATA[]]></ccbaCndt>
		<imageUrl>1623194.jpg</imageUrl>
		<content><![CDATA[처용무는 처용가면을 쓰고 추는 궁중무용이다. 처용무의 기원은 정확히 알 수 없지만,  통일신라 헌강왕(재위 875∼886) 때 처용이 아내를 범하려던 역신(疫神 : 전염병을 옮기는 신) 앞에서 자신이 지은 노래를 부르며 춤을 춰서 귀신을 물리쳤다는 설화를 바탕으로 하고 있다.
처용무는 5명이 동서남북과 중앙의 다섯 방향을 상징하는 옷을 입고 추는데, 동쪽은 파란색, 서쪽은 흰색, 남쪽은 붉은색, 북쪽은 검은색, 중앙은 노란색이다. 춤의 내용은 음양오행설의 기본정신을 기초로 하여 악운을 쫓는 의미가 담겨 있다. 춤사위는 화려하고 현란하며, 당당하고 활기찬 움직임 속에서 씩씩하고 호탕한 모습을 엿볼 수 있고, 가면과도 조화를 이루고 있다. 통일신라에서 고려후기까지는 한 사람이 춤을 추었으나 조선 세종(재위 1418∼1450) 때에 이르러 지금과 같은 다섯 사람으로 구성되었고, 성종(재위 1469∼1494) 때에는 더욱 발전하여 궁중의식에 사용하게 되었다. 그 후 조선 후기까지 노래의 가사나 음악을 바꾸어가면서 전승되어 왔다. 
처용무는 가면과 의상·음악·춤이 어우러진 수준높은 무용예술로, 우리 조상들의 덕망있는 모습을 바탕으로  춤사위나 반주음악, 노래에 많은 변화를 겪으면서도 꿋꿋하게 그 맥을 유지하고 있다.]]></content>
</item>	
</result>
