<?xml version="1.0" encoding="utf-8"?>







<result>	
<ccbaKdcd>17</ccbaKdcd>
<ccbaAsno>00500000</ccbaAsno>
<ccbaCtcd>11</ccbaCtcd>
<ccbaCpno>1271100500000</ccbaCpno>
<longitude>0</longitude>
<latitude>0</latitude>
<item>	
		<ccmaName><![CDATA[국가무형문화재]]></ccmaName>
		<crltsnoNm>50</crltsnoNm>
		<ccbaMnm1><![CDATA[영산재]]></ccbaMnm1>
		<ccbaMnm2><![CDATA[靈山齋]]></ccbaMnm2>
		<gcodeName><![CDATA[무형문화재]]></gcodeName>
		<bcodeName><![CDATA[의례·의식]]></bcodeName>
		<mcodeName><![CDATA[종교의례]]></mcodeName>
		<scodeName><![CDATA[]]></scodeName>
		<ccbaQuan><![CDATA[]]></ccbaQuan>
		<ccbaAsdt><![CDATA[19731105]]></ccbaAsdt>
		<ccbaCtcdNm><![CDATA[서울특별시 ]]></ccbaCtcdNm>
		<ccsiName><![CDATA[서대문구]]></ccsiName>
		<ccbaLcad>
			
	             
	                 
	                 
	                     <![CDATA[서울특별시 서대문구]]>
	                 
	             
	         
	         
		</ccbaLcad>
		<ccceName><![CDATA[]]></ccceName>
		<ccbaPoss>
                <![CDATA[]]>
        </ccbaPoss>
		<ccbaAdmin>
               <![CDATA[(사)국가무형문화재 영산재보존회]]>
		</ccbaAdmin>
		<ccbaCncl><![CDATA[N]]></ccbaCncl>
		<ccbaCndt><![CDATA[]]></ccbaCndt>
		<imageUrl>1623255.jpg</imageUrl>
		<content><![CDATA[영산재는 49재(사람이 죽은지 49일째 되는 날에 지내는 제사)의 한 형태로, 영혼이 불교를 믿고 의지함으로써 극락왕생하게 하는 의식이다. 석가가 영취산에서 행한 설법회상인 영산회상을 오늘날에 재현한다는 상징적인 의미를 지니고 있다. 영산재는 불교 천도의례 중 대표적인 제사로 ‘영산작법’이라고도 한다. 기원은 분명하지 않으나, 이능화의 『조선불교통사』에 의하면 조선 전기에 이미 행해지고 있었다.
 영산재는 제단이 만들어지는 곳을 상징화하기 위해 야외에 영산회상도를 내다 거는 것으로 시작한다. 신앙의 대상을 절 밖에서 모셔오는 행렬의식을 하는데, 이때 부처의 공덕을 찬양하기 위해 해금, 북, 장구, 거문고 등의 각종 악기가 연주되고, 바라춤·나비춤·법고춤 등을 춘다. 신앙의 대상을 옮긴 후에는 여러 가지 예를 갖추어 소망을 기원하며 영혼에게 제사를 지낸다. 마지막으로 신앙의 대상을 돌려보내는 봉송의례를 하는데 제단이 세워진 곳에서 모든 대중이 열을 지어 돌면서 독경 등을 행한다. 예전에는 사흘 낮과 밤에 걸쳐 이루어졌으나 근래에는 규모가 축소되어 하루동안 이루어진다.
 영산재는 전통문화의 하나로, 살아있는 사람과 죽은 사람 모두 부처님의 참진리를 깨달아 번뇌와 괴로움에서 벗어날 수 있는 경지에 이르게 하고 공연이 아닌 대중이 참여하는 장엄한 불교의식으로서 가치가 있다.]]></content>
</item>	
</result>
