<?xml version="1.0" encoding="utf-8"?>







<result>	
<ccbaKdcd>17</ccbaKdcd>
<ccbaAsno>01190000</ccbaAsno>
<ccbaCtcd>11</ccbaCtcd>
<ccbaCpno>1273101190000</ccbaCpno>
<longitude>0</longitude>
<latitude>0</latitude>
<item>	
		<ccmaName><![CDATA[국가무형문화재]]></ccmaName>
		<crltsnoNm>119</crltsnoNm>
		<ccbaMnm1><![CDATA[금박장]]></ccbaMnm1>
		<ccbaMnm2><![CDATA[金箔匠]]></ccbaMnm2>
		<gcodeName><![CDATA[무형문화재]]></gcodeName>
		<bcodeName><![CDATA[전통기술]]></bcodeName>
		<mcodeName><![CDATA[공예]]></mcodeName>
		<scodeName><![CDATA[]]></scodeName>
		<ccbaQuan><![CDATA[]]></ccbaQuan>
		<ccbaAsdt><![CDATA[20061116]]></ccbaAsdt>
		<ccbaCtcdNm><![CDATA[서울특별시 ]]></ccbaCtcdNm>
		<ccsiName><![CDATA[종로구]]></ccsiName>
		<ccbaLcad>
			
	         
	             <![CDATA[서울특별시  종로구]]>
	         
		</ccbaLcad>
		<ccceName><![CDATA[]]></ccceName>
		<ccbaPoss>
                <![CDATA[]]>
        </ccbaPoss>
		<ccbaAdmin>
               <![CDATA[]]>
		</ccbaAdmin>
		<ccbaCncl><![CDATA[N]]></ccbaCncl>
		<ccbaCndt><![CDATA[]]></ccbaCndt>
		<imageUrl>1623621.jpg</imageUrl>
		<content><![CDATA['금박장(金箔匠)'이란 직물 위에 얇은 금박을 이용해 다양한 문양을 찍어내는 장인으로, 오늘날에는 여성의 혼례복 등에서 볼 수 있다. 금박장식은 조선시대에는 왕실에서 제한적으로 사용되었으며 보관상의 문제로 현전하는 유물이 많지 않으나 순조(純祖)의 3녀 덕온공주(1822~1844)가 혼례 때 입었던 것이라고 전하는 원삼에는 '수(壽)'와 '복(福)'자가 금박 장식되어 있다.(중요민속문화재 제211호 덕온공주의복)
금박장식은 접착제를 바른 문양판을 문양을 넣고자 하는 위치에 찍고 접착제가 완전히 마르기 전에 금박지를 붙인 다음 문양 밖에 있는 금박지를 다시 떼어내는 방법으로 제작된다. 금박장 기술은 옷의 구성에 어울리는 문양을 선별 · 배치하는 안목을 바탕으로 문양판을 조각하는 목공예 기술과 주재료인 아교와 금박지의 물성을 이해하고, 활용할 수 있는 오랜 제작경험을 바탕으로 완성되는 기술이다. 
 '금박(金箔)'은 금 조각[金片]을 계속 두드려 얇은 종이처럼 만들어진 것을 뜻하나 오늘날에는 금박지를 이용해 직물 등에 문양을 장식하는 기술로 이해되고 있어 지정명칭을 '금박장(金箔匠)'으로 명명하였다. 
'금박장'은 우리나라 복식문화를 화려하고 품격있게 장식하는 공예기술로 국가무형문화재 지정으로 전승의 맥을 되살릴 수 있게 되었다는 점에서 그 의미가 크다고 하겠다.]]></content>
</item>	
</result>
