<?xml version="1.0" encoding="utf-8"?>







<result>	
<ccbaKdcd>17</ccbaKdcd>
<ccbaAsno>00030000</ccbaAsno>
<ccbaCtcd>11</ccbaCtcd>
<ccbaCpno>1271100030000</ccbaCpno>
<longitude>126.797262783318</longitude>
<latitude>37.509335042978</latitude>
<item>	
		<ccmaName><![CDATA[국가무형문화재]]></ccmaName>
		<crltsnoNm>3</crltsnoNm>
		<ccbaMnm1><![CDATA[남사당놀이]]></ccbaMnm1>
		<ccbaMnm2><![CDATA[男寺黨놀이]]></ccbaMnm2>
		<gcodeName><![CDATA[무형문화재]]></gcodeName>
		<bcodeName><![CDATA[전통 놀이·무예]]></bcodeName>
		<mcodeName><![CDATA[놀이]]></mcodeName>
		<scodeName><![CDATA[]]></scodeName>
		<ccbaQuan><![CDATA[]]></ccbaQuan>
		<ccbaAsdt><![CDATA[19641207]]></ccbaAsdt>
		<ccbaCtcdNm><![CDATA[서울특별시 ]]></ccbaCtcdNm>
		<ccsiName><![CDATA[]]></ccsiName>
		<ccbaLcad>
			
	             
	                 
	                 
	                     <![CDATA[서울특별시]]>
	                 
	             
	         
	         
		</ccbaLcad>
		<ccceName><![CDATA[]]></ccceName>
		<ccbaPoss>
                <![CDATA[]]>
        </ccbaPoss>
		<ccbaAdmin>
               <![CDATA[남사당놀이보존회]]>
		</ccbaAdmin>
		<ccbaCncl><![CDATA[N]]></ccbaCncl>
		<ccbaCndt><![CDATA[]]></ccbaCndt>
		<imageUrl>1623122.jpg</imageUrl>
		<content><![CDATA[남사당놀이는 꼭두쇠(우두머리)를 비롯해 최소 40명에 이르는 남자들로 구성된 유랑연예인인 남사당패가 농·어촌을 돌며, 주로 서민층을 대상으로 조선 후기부터 1920년대까지 행했던 놀이이다. 남사당놀이는 서민사회에서 자연 발생한 민중놀이로, 양반들로부터 박대를 당해 마을에서 공연하는 것도 자유롭지 못했다. 
 남사당패는 꼭두쇠를 정점으로 공연을 기획하는 화주, 놀이를 관장하는 뜬쇠, 연희자인 가열, 새내기인 삐리, 나이든 저승패와 등짐꾼 등으로 이루어지지만, 남사당놀이는 풍물, 버나, 살판, 어름, 덧뵈기, 덜미 등으로 구성된다. 풍물은 일종의 농악놀이로 공연 시작을 알리면서 구경꾼을 유도하기 위한 놀이라 볼 수 있다. 버나는 중국의 접시 돌리기와 비슷하게 쳇바퀴나 대접 등을 막대기나 담뱃대 등으로 돌리는 묘기이다. 살판은 오늘날의 덤블링(재주넘기)과 같은 땅재주로, 잘하면 살판이요 못하면 죽을 판이란 뜻에서 붙여진 이름이다. 어름은 줄타기 곡예를 이르는 말로 얼음 위를 조심스럽게 걷는 것만큼 어렵다 하여 남사당패내에서만 쓰여지던 말이었으나 점차 많은 사람들이 사용하게 되었다. 덧뵈기는 탈을 쓰고 하는 일종의 탈놀이이다. 인형극을 이르는 덜미는 인형극에 나오는 중요등장인물에 따라 꼭두각시놀음, 박첨지놀음, 홍동지놀음이라고 부른다. 특히 꼭두각시놀음은 오늘날까지 전승되어 오고 있으며, 우리나라 전통인형극이 남사당놀이밖에 없다는데 역사적 의미가 크다.
 남사당놀이는 서민층에서 발생하여 서민들을 위해 공연된 놀이로서 당시 사회에서 천대받던 한과 양반사회의 부도덕성을 놀이를 통해서 비판하며 풀고, 민중의식을 일깨우는 역할을 했다.]]></content>
</item>	
</result>
