<?xml version="1.0" encoding="utf-8"?>







<result>	
<ccbaKdcd>17</ccbaKdcd>
<ccbaAsno>01260000</ccbaAsno>
<ccbaCtcd>11</ccbaCtcd>
<ccbaCpno>1273201260000</ccbaCpno>
<longitude>0</longitude>
<latitude>0</latitude>
<item>	
		<ccmaName><![CDATA[국가무형문화재]]></ccmaName>
		<crltsnoNm>126</crltsnoNm>
		<ccbaMnm1><![CDATA[진관사 수륙재]]></ccbaMnm1>
		<ccbaMnm2><![CDATA[津寬寺 水陸齋]]></ccbaMnm2>
		<gcodeName><![CDATA[무형문화재]]></gcodeName>
		<bcodeName><![CDATA[의례·의식]]></bcodeName>
		<mcodeName><![CDATA[종교의례]]></mcodeName>
		<scodeName><![CDATA[]]></scodeName>
		<ccbaQuan><![CDATA[]]></ccbaQuan>
		<ccbaAsdt><![CDATA[20131231]]></ccbaAsdt>
		<ccbaCtcdNm><![CDATA[서울특별시 ]]></ccbaCtcdNm>
		<ccsiName><![CDATA[은평구]]></ccsiName>
		<ccbaLcad>
			
	             
	                 
	                 
	                     <![CDATA[서울특별시 은평구]]>
	                 
	             
	         
	         
		</ccbaLcad>
		<ccceName><![CDATA[]]></ccceName>
		<ccbaPoss>
                <![CDATA[]]>
        </ccbaPoss>
		<ccbaAdmin>
               <![CDATA[(사)국가무형문화재 진관사수륙재보존회]]>
		</ccbaAdmin>
		<ccbaCncl><![CDATA[N]]></ccbaCncl>
		<ccbaCndt><![CDATA[]]></ccbaCndt>
		<imageUrl>1623663.jpg</imageUrl>
		<content><![CDATA[‘수륙재(水陸齋)’는 온 천지와 수륙에 존재하는 모든 고혼(孤魂)의 천도를 위하여 지내는 의례로 개인 천도의 성격을 띤 영산재에 비해 공익성이 두드러지는 불교 의례이다. 조선초기부터 국행 수륙재로서 대규모로 설행되어 왔던 사실이 『조선왕조실록』을 비롯한 문헌에 나타나 있다.
서울 진관사는 조선시대에 왕실 주도의 대규모 수륙재를 주로 담당하였던 중심 사찰이었으며 의식, 설단, 장엄 등 수륙재의 여러 분야에 대한 전승이 이루어지고 있다.]]></content>
</item>	
</result>
