<?xml version="1.0" encoding="utf-8"?>







<result>	
<ccbaKdcd>17</ccbaKdcd>
<ccbaAsno>00400000</ccbaAsno>
<ccbaCtcd>11</ccbaCtcd>
<ccbaCpno>1271100400000</ccbaCpno>
<longitude>127.044648466316</longitude>
<latitude>37.5102294403293</latitude>
<item>	
		<ccmaName><![CDATA[국가무형문화재]]></ccmaName>
		<crltsnoNm>40</crltsnoNm>
		<ccbaMnm1><![CDATA[학연화대합설무]]></ccbaMnm1>
		<ccbaMnm2><![CDATA[鶴蓮花臺合設舞]]></ccbaMnm2>
		<gcodeName><![CDATA[무형문화재]]></gcodeName>
		<bcodeName><![CDATA[전통 공연·예술]]></bcodeName>
		<mcodeName><![CDATA[춤]]></mcodeName>
		<scodeName><![CDATA[]]></scodeName>
		<ccbaQuan><![CDATA[]]></ccbaQuan>
		<ccbaAsdt><![CDATA[19710108]]></ccbaAsdt>
		<ccbaCtcdNm><![CDATA[서울특별시 ]]></ccbaCtcdNm>
		<ccsiName><![CDATA[]]></ccsiName>
		<ccbaLcad>
			
	             
	                 
	                 
	                     <![CDATA[서울특별시]]>
	                 
	             
	         
	         
		</ccbaLcad>
		<ccceName><![CDATA[]]></ccceName>
		<ccbaPoss>
                <![CDATA[]]>
        </ccbaPoss>
		<ccbaAdmin>
               <![CDATA[(사)국가무형문화재 학연화대합설무보존회]]>
		</ccbaAdmin>
		<ccbaCncl><![CDATA[N]]></ccbaCncl>
		<ccbaCndt><![CDATA[]]></ccbaCndt>
		<imageUrl>1623199.jpg</imageUrl>
		<content><![CDATA[학연화대합설무는 조선 전기 궁중에서 악귀를 쫓기 위해 베풀던 의식 다음에 학무와 연화대무를 연이어 공연하는 종합적인 춤을 말한다. 
학연화대합설무는 학모습의 탈을 쓰고 추는 학무와 연꽃에서 동기(童妓)가 태어나는 연화대무로 구성된다. 학연화대합설무는 동물과 인간과의 교감세계를 표현한 독특한 춤으로 예술성이 높고, 내용이나 형식에 있어서 오랜 역사성과 전통성을 간직하고 있다.
학무는 임금을 송축하기 위해 학탈을 쓰고 추는 춤으로 고려때부터 궁중의례에서 행해 왔으며, 새의 탈을 쓰고 추는 춤으로는 우리나라에서 유일하다. 연화대무는 두 여자 아이가 연꽃술로 태어났다가 왕의 덕망에 감격하여 춤과 노래로써 그 은혜에 보답한다는 내용을 담고 있다. 온몸에 학의 탈을 쓴 두 무용수가 춤을 추다가 미리 설치된 꽃봉우리 두 개를 부리로 쪼면, 연꽃이 벌어지며 여자 아이가 튀어나오고 학은 놀라서 뛰어 나간다. 그 후 두 여자아이가 추는 춤이 연화대무이다. 공연상 두 춤은 불가분의 관계를 맺으며 오랜 세월 전승되어 왔다. 반주음악으로는 세령산, 삼현도드리, 타령이 학춤을 출 때 사용되며, 연화대무에서는 궁중음악만을 사용한다.]]></content>
</item>	
</result>
