<?xml version="1.0" encoding="utf-8"?>







<result>	
<ccbaKdcd>17</ccbaKdcd>
<ccbaAsno>00890000</ccbaAsno>
<ccbaCtcd>11</ccbaCtcd>
<ccbaCpno>1271100890000</ccbaCpno>
<longitude>127.044648466316</longitude>
<latitude>37.5102294403293</latitude>
<item>	
		<ccmaName><![CDATA[국가무형문화재]]></ccmaName>
		<crltsnoNm>89</crltsnoNm>
		<ccbaMnm1><![CDATA[침선장]]></ccbaMnm1>
		<ccbaMnm2><![CDATA[針線匠]]></ccbaMnm2>
		<gcodeName><![CDATA[무형문화재]]></gcodeName>
		<bcodeName><![CDATA[전통기술]]></bcodeName>
		<mcodeName><![CDATA[공예]]></mcodeName>
		<scodeName><![CDATA[]]></scodeName>
		<ccbaQuan><![CDATA[]]></ccbaQuan>
		<ccbaAsdt><![CDATA[19880801]]></ccbaAsdt>
		<ccbaCtcdNm><![CDATA[서울특별시 ]]></ccbaCtcdNm>
		<ccsiName><![CDATA[강동구]]></ccsiName>
		<ccbaLcad>
			
	             
	                 
	                 
	                     <![CDATA[서울특별시 강동구]]>
	                 
	             
	         
	         
		</ccbaLcad>
		<ccceName><![CDATA[]]></ccceName>
		<ccbaPoss>
                <![CDATA[]]>
        </ccbaPoss>
		<ccbaAdmin>
               <![CDATA[]]>
		</ccbaAdmin>
		<ccbaCncl><![CDATA[N]]></ccbaCncl>
		<ccbaCndt><![CDATA[]]></ccbaCndt>
		<imageUrl>1623328.jpg</imageUrl>
		<content><![CDATA[침선이란 바느질로 옷과 장신구를 만드는 기술을 말하며 그 기술을 가진 사람을 침선장이라 한다.
 사람이 바느질을 시작한 것은 역사시대 이전부터였다고 한다. 지금의 바늘과 흡사한 신라시대 금속제가 발견되었으며, 고구려 고분벽화나『삼국사기』를 통해 볼때  삼국시대부터 이미 상당한 수준의 침선이 발달했음을 알 수 있다. 침선은 고려시대와 조선시대로 이어지면서 더욱 발달하여 오늘날까지 전승되고 있다. 
 침선에 필요한 용구로는 옷감, 바늘, 실, 실패, 골무, 가위, 자, 인두, 인두판, 다리미, 다리미판, 못바늘 등이다. 옷감으로는 주로 비단, 무명, 모시, 마 등이 쓰인다. 실은 무명실을 많이 사용하며, 실의 선택은 옷감의 재질, 색상, 두께 등에 따라 달라진다. 바느질 방법은 기초적인 감침질과 홈질, 박음질, 상침질, 휘갑치기, 사뜨기, 공그리기 등으로 옷의 부위에 따라 필요한 바느질법을 사용한다. 계절변화에 따라 여름에는 홑으로 솔기를 가늘게 바느질하고, 봄·가을에는 겹으로 바느질하며, 겨울에는 솜을 넣어 따뜻한 옷을 만든다. 
 옛날에는 여자면 누구나 침선을 할 줄 알아야만 했기에 집안에서 바느질법을 익히고 솜씨를 전수받아서 침선법이 계속 이어져왔으며, 궁중에서도 침방이 있어 기법이 전승되기도 하였다.]]></content>
</item>	
</result>
