<?xml version="1.0" encoding="utf-8"?>







<result>	
<ccbaKdcd>17</ccbaKdcd>
<ccbaAsno>00160000</ccbaAsno>
<ccbaCtcd>11</ccbaCtcd>
<ccbaCpno>1279900160000</ccbaCpno>
<longitude>0</longitude>
<latitude>0</latitude>
<item>	
		<ccmaName><![CDATA[국가무형문화재]]></ccmaName>
		<crltsnoNm>16</crltsnoNm>
		<ccbaMnm1><![CDATA[거문고산조]]></ccbaMnm1>
		<ccbaMnm2><![CDATA[거문고散調]]></ccbaMnm2>
		<gcodeName><![CDATA[무형문화재]]></gcodeName>
		<bcodeName><![CDATA[전통 공연·예술]]></bcodeName>
		<mcodeName><![CDATA[음악]]></mcodeName>
		<scodeName><![CDATA[]]></scodeName>
		<ccbaQuan><![CDATA[]]></ccbaQuan>
		<ccbaAsdt><![CDATA[19670616]]></ccbaAsdt>
		<ccbaCtcdNm><![CDATA[서울특별시 ]]></ccbaCtcdNm>
		<ccsiName><![CDATA[]]></ccsiName>
		<ccbaLcad>
			
	             
	                 
	                 
	                     <![CDATA[서울특별시]]>
	                 
	             
	         
	         
		</ccbaLcad>
		<ccceName><![CDATA[]]></ccceName>
		<ccbaPoss>
                <![CDATA[]]>
        </ccbaPoss>
		<ccbaAdmin>
               <![CDATA[]]>
		</ccbaAdmin>
		<ccbaCncl><![CDATA[N]]></ccbaCncl>
		<ccbaCndt><![CDATA[]]></ccbaCndt>
		<imageUrl>1624290.jpg</imageUrl>
		<content><![CDATA[산조란 장구반주에 맞추어 다른 악기를 독주형태로 연주하는 것을 말하며, 4∼6개의 악장을 구분하여 느린 장단에서 빠른 장단 순서로 연주한다. 거문고산조는 거문고로 연주하는 민속 기악 독주곡이다.
 고구려의 왕산악이 처음 만들었다고 하는 거문고는 우리 민족 고유의 현악기로 ‘현금(玄琴)’이라고도 한다. 길이 1.5m, 폭 25㎝ 정도 되는 나무통에 명주실로 꼰 6개의 줄을 매어 연주하는 악기이다. 거문고 머리를 무릎에 놓고 왼손가락으로 괘(줄받침)를 짚어 운율을 맞추며 오른손으로 가느다란 대나무로 만든 술대를 쥐고 줄을 쳐서 소리를 낸다.
 거문고산조는 고종 33년(1896) 백낙준에 의해 처음으로 연주되었으나, 일부층에 의해 거문고의 품위를 손상시킨다는 비난을 받아 빛을 보지 못하다가 개화기에 들어서 인정받기 시작하였다. 처음에는 선율이나 리듬이 단조로운 가락이었으나 점차 절묘하고 복잡한 리듬이 첨가되었다. 느린 장단인 진양조, 보통 빠른 중모리, 좀 빠른 중중모리, 절름거리는 5박인 엇모리, 빠른 장단인 자진모리 등 5개의 장단으로 구성되어 있다. 선율을 보면 모든 악장의 처음 부분이나 중간에 잠깐 나오는 담담하고 꿋꿋한 느낌의 우조와 흔히 끝에 나오는 슬프고 부드럽고 애절한 느낌의 계면조로 짜여 있다.
 거문고산조는 수수하면서도 웅장하고 막힘이 없는 남성적인 절제미가 돋보이는 음악으로, 우조와 계면조를 섞은 빠르고 느린 리듬이 조이고 풀고 하면서 희노애락의 감정을 잘 표현하고 있다.]]></content>
</item>	
</result>
