<?xml version="1.0" encoding="utf-8"?>







<result>	
<ccbaKdcd>17</ccbaKdcd>
<ccbaAsno>01110000</ccbaAsno>
<ccbaCtcd>11</ccbaCtcd>
<ccbaCpno>1271101110000</ccbaCpno>
<longitude>0</longitude>
<latitude>0</latitude>
<item>	
		<ccmaName><![CDATA[국가무형문화재]]></ccmaName>
		<crltsnoNm>111</crltsnoNm>
		<ccbaMnm1><![CDATA[사직대제]]></ccbaMnm1>
		<ccbaMnm2><![CDATA[社稷大祭]]></ccbaMnm2>
		<gcodeName><![CDATA[무형문화재]]></gcodeName>
		<bcodeName><![CDATA[의례·의식]]></bcodeName>
		<mcodeName><![CDATA[그 밖의 의식·의례]]></mcodeName>
		<scodeName><![CDATA[]]></scodeName>
		<ccbaQuan><![CDATA[]]></ccbaQuan>
		<ccbaAsdt><![CDATA[20001019]]></ccbaAsdt>
		<ccbaCtcdNm><![CDATA[서울특별시 ]]></ccbaCtcdNm>
		<ccsiName><![CDATA[종로구]]></ccsiName>
		<ccbaLcad>
			
	             
	                 
	                 
	                     <![CDATA[서울특별시 종로구]]>
	                 
	             
	         
	         
		</ccbaLcad>
		<ccceName><![CDATA[조선시대]]></ccceName>
		<ccbaPoss>
                <![CDATA[]]>
        </ccbaPoss>
		<ccbaAdmin>
               <![CDATA[(사)국가무형문화재 사직대제보존회]]>
		</ccbaAdmin>
		<ccbaCncl><![CDATA[N]]></ccbaCncl>
		<ccbaCndt><![CDATA[]]></ccbaCndt>
		<imageUrl>1623368.jpg</imageUrl>
		<content><![CDATA[사직대제는 땅과 곡식의 신에게 드리는 국가적인 제사로, 사(社)는 땅의 신, 직(稷)은 곡식의 신을 의미한다. 예로부터 나라를 세우면 먼저 조상에게 제사를 지내고 이와 함께 땅과 곡식의 신에게 백성이 편안하게 살 수 있도록 풍요를 기원하는 사직제를 올렸다. 
 삼국시대부터 행해진 사직에 대한 제사는 자연에 감사하는 우리 조상들의 마음을 엿볼 수 있다. 조선의 태조는 나라를 세우면서 궁궐과 함께 종묘, 사직단(사적 제121호)을 마련하여 경복궁의 동쪽에는 종묘를, 서쪽에는 사직단을 설치하고, 각 지방에도 사직단을 세워 백성의 편안함과 풍년을 기원하였다. 
 사직단은 동서로 사단((社壇:태사신과 후토신)과 직단(稷壇:태직신과 후직신)을 배치하였다. 태사(太社)와 태직(太稷) 신위는 단상 남쪽에 북향하고, 후토(后土) 신은 태사신위의 왼쪽에, 후직(后稷) 신위는 태직신의 왼쪽에 모두 동향하여 설치한다. 제사는 보통 2월과 8월에 지내고, 나라의 큰일이나 가뭄이 있을 때에는 기우제를 지내기도 하였다. 제사를 지내는 절차나 격식은 때에 따라 조금씩 달라져 왔으나 점차 중국의 방식을 모방하는 단계에서 벗어나 우리 고유의 예를 갖추게 되었다. 오늘날 행해지는 제사의식은 소·돼지·양의 생고기를 비롯한 각종 곡식을 마련하고, 영신·전폐·진찬·초헌례·아헌례·종헌례·음복례·철변두·송신·망료(망예)의 순서로 진행된다.
 사직제에 사용되는 음악, 무용, 음식, 의복, 의기(儀器) 등을 비롯하여 제사를 행하는 우리 고유의 제사절차 등은 전통문화를 이해하는데 도움이 된다. 
 사직대제는 고종 31년(1894)에 이르러 신관제(新官制)로 바뀌었고, 순종 2년(1908) 일본의 강압에 의해 폐해졌다. 이후 1988년 10월 종묘제례의 보유자였던 故이은표의 고증을 통해 복원하여 봉행되어 왔다. 현재 전주이씨대동종약원내에 있는 사직대제봉행위원회에서 사직대제를 보존·계승하고 있다.]]></content>
</item>	
</result>
