<?xml version="1.0" encoding="utf-8"?>







<result>	
<ccbaKdcd>17</ccbaKdcd>
<ccbaAsno>00460000</ccbaAsno>
<ccbaCtcd>11</ccbaCtcd>
<ccbaCpno>1271100460000</ccbaCpno>
<longitude>0</longitude>
<latitude>0</latitude>
<item>	
		<ccmaName><![CDATA[국가무형문화재]]></ccmaName>
		<crltsnoNm>46</crltsnoNm>
		<ccbaMnm1><![CDATA[피리정악 및 대취타]]></ccbaMnm1>
		<ccbaMnm2><![CDATA[피리正樂 및 大吹打]]></ccbaMnm2>
		<gcodeName><![CDATA[무형문화재]]></gcodeName>
		<bcodeName><![CDATA[전통 공연·예술]]></bcodeName>
		<mcodeName><![CDATA[음악]]></mcodeName>
		<scodeName><![CDATA[]]></scodeName>
		<ccbaQuan><![CDATA[]]></ccbaQuan>
		<ccbaAsdt><![CDATA[19710610]]></ccbaAsdt>
		<ccbaCtcdNm><![CDATA[서울특별시 ]]></ccbaCtcdNm>
		<ccsiName><![CDATA[]]></ccsiName>
		<ccbaLcad>
			
	             
	                 
	                 
	                     <![CDATA[서울특별시]]>
	                 
	             
	         
	         
		</ccbaLcad>
		<ccceName><![CDATA[]]></ccceName>
		<ccbaPoss>
                <![CDATA[]]>
        </ccbaPoss>
		<ccbaAdmin>
               <![CDATA[(사)국가무형문화재 피리정악및대취타보존회]]>
		</ccbaAdmin>
		<ccbaCncl><![CDATA[N]]></ccbaCncl>
		<ccbaCndt><![CDATA[]]></ccbaCndt>
		<imageUrl>1623225.jpg</imageUrl>
		<content><![CDATA[취타란 부는 악기(취악기)와 치는 악기(타악기)를 함께 연주하는 것을 말한다. 대취타는 왕의 행차나 군대의 행진 또는 개선 등에 취타와 세악(비교적 음량이 적고 실내에 알맞은 악기들로 연주하는 국악 합주)을 대규모로 연주하는 것으로, ‘무령지곡’이라고도 한다.
 취고수(취타 악사)들의 행진음악은 고구려 벽화라든가 백제의 악기에 관한 기록으로 보아 삼국시대에도 있었던 것으로 보인다. 고려 때에는 음악을 연주하는 취각군이라는 군사가 있어 조선시대까지 이어졌으나, 조선 중기 이후부터 변화가 생겨 세악이 연주에 끼게 되었다.
 군악수(취타와 세악을 연주하는 악사들을 합한 말)들은 황색 옷을 입고 남색 띠를 두르며 머리에는 초립을 쓰고, 악기는 징, 장구, 북, 나발, 소라, 태평소 등으로 편성된다. 집사(지휘봉이라 할 수 있는 등채를 양손에 받쳐들고 음악의 시작과 끝을 알리는 사람)의 호령에 따라 징이 울리고 북을 치면 모든 악기가 일제히 연주를 시작하는데, 매우 씩씩하고 우렁차며 장엄한 느낌을 준다. 한말 일본에 의해 군대가 해산된 후 형식을 갖추어 연주한 적은 없으며, 민간의 광고악대나 사찰의 의식에 사용되면서 겨우 명맥을 유지해 왔으나 지금은 거의 절멸상태에 있다.
 대취타는 우리 선조들의 기개를 한층 더 느끼게 해주는 고귀한 음악으로 그 가치가 큰 소중한 문화재이다.
 ※ 명칭변경 : 대취타 → 피리정악및대취타 (변경일 : 1998.6.5.)]]></content>
</item>	
</result>
