<?xml version="1.0" encoding="utf-8"?>







<result>	
<ccbaKdcd>17</ccbaKdcd>
<ccbaAsno>00560000</ccbaAsno>
<ccbaCtcd>11</ccbaCtcd>
<ccbaCpno>1271100560000</ccbaCpno>
<longitude>0</longitude>
<latitude>0</latitude>
<item>	
		<ccmaName><![CDATA[국가무형문화재]]></ccmaName>
		<crltsnoNm>56</crltsnoNm>
		<ccbaMnm1><![CDATA[종묘제례]]></ccbaMnm1>
		<ccbaMnm2><![CDATA[宗廟祭禮]]></ccbaMnm2>
		<gcodeName><![CDATA[무형문화재]]></gcodeName>
		<bcodeName><![CDATA[의례·의식]]></bcodeName>
		<mcodeName><![CDATA[그 밖의 의식·의례]]></mcodeName>
		<scodeName><![CDATA[]]></scodeName>
		<ccbaQuan><![CDATA[]]></ccbaQuan>
		<ccbaAsdt><![CDATA[19750503]]></ccbaAsdt>
		<ccbaCtcdNm><![CDATA[서울특별시 ]]></ccbaCtcdNm>
		<ccsiName><![CDATA[종로구]]></ccsiName>
		<ccbaLcad>
			
	             
	                 
	                 
	                     <![CDATA[서울특별시 종로구]]>
	                 
	             
	         
	         
		</ccbaLcad>
		<ccceName><![CDATA[]]></ccceName>
		<ccbaPoss>
                <![CDATA[]]>
        </ccbaPoss>
		<ccbaAdmin>
               <![CDATA[(사)국가무형문화재 종묘제례보존회]]>
		</ccbaAdmin>
		<ccbaCncl><![CDATA[N]]></ccbaCncl>
		<ccbaCndt><![CDATA[]]></ccbaCndt>
		<imageUrl>1623274.jpg</imageUrl>
		<content><![CDATA[종묘제례란 조선시대 역대 왕과 왕비의 신위를 모셔 놓은 사당(종묘)에서 지내는 제사를 가리키며, ‘대제(大祭)’라고도 부른다. 종묘는 사직과 더불어 국가존립의 근본이 되는 중요한 상징물로 정전(19실)과 영녕전(16실)이 있다.
 종묘제례는 정시제와 임시제로 나뉘어, 정시제는 4계절의 첫번째 달인 1월, 4월, 7월, 10월에 지냈고 임시제는 나라에 좋은 일과 나쁜 일이 있을 때 지냈으나, 해방 후부터는 5월 첫 일요일에 한번만 지내고 있다. 제사를 지내는 예법이나 예절에 있어서 모범인 의식만큼 순서와 절차는 엄격하고 장엄하게 진행된다.
 제례는 크게 신을 모셔와 즐겁게 하고 보내드리는 내용으로 구성되어 있다. 그 절차를 보면 선행절차 →취위(就位) →영신(迎神) →행신나례(行晨裸禮) →진찬(進饌) →초헌례(初獻禮) →아헌례(亞獻禮) →종헌례(終獻禮) →음복례(飮福禮) →철변두(撤籩豆) →망료(望僚) →제후처리(祭後處理)의 순서로 진행되며, 종묘제례가 있기 전 왕은 4일간 근신하고 3일간 몸을 깨끗하게 한다. 
 종묘제례는 예(禮)를 소중히 여긴 조상들의 유교 사회에 있어 예술의 기준이 된 귀중한 의식으로 웅장함과 엄숙함이 돋보인다. 
 종묘제례는 국가무형문화재 제1호 종묘제례악과 함께 2001년 5월 18일 유네스코 「인류무형문화유산 대표목록」에 등재되었다.]]></content>
</item>	
</result>
