<?xml version="1.0" encoding="utf-8"?>







<result>	
<ccbaKdcd>17</ccbaKdcd>
<ccbaAsno>01220000</ccbaAsno>
<ccbaCtcd>11</ccbaCtcd>
<ccbaCpno>1271101220000</ccbaCpno>
<longitude>0</longitude>
<latitude>0</latitude>
<item>	
		<ccmaName><![CDATA[국가무형문화재]]></ccmaName>
		<crltsnoNm>122</crltsnoNm>
		<ccbaMnm1><![CDATA[연등회]]></ccbaMnm1>
		<ccbaMnm2><![CDATA[燃燈會]]></ccbaMnm2>
		<gcodeName><![CDATA[무형문화재]]></gcodeName>
		<bcodeName><![CDATA[전통 놀이·무예]]></bcodeName>
		<mcodeName><![CDATA[축제]]></mcodeName>
		<scodeName><![CDATA[]]></scodeName>
		<ccbaQuan><![CDATA[]]></ccbaQuan>
		<ccbaAsdt><![CDATA[20120406]]></ccbaAsdt>
		<ccbaCtcdNm><![CDATA[서울특별시 ]]></ccbaCtcdNm>
		<ccsiName><![CDATA[종로구]]></ccsiName>
		<ccbaLcad>
			
	             
	                 
	                 
	                     <![CDATA[서울특별시 종로구]]>
	                 
	             
	         
	         
		</ccbaLcad>
		<ccceName><![CDATA[]]></ccceName>
		<ccbaPoss>
                <![CDATA[]]>
        </ccbaPoss>
		<ccbaAdmin>
               <![CDATA[연등회보존위원회]]>
		</ccbaAdmin>
		<ccbaCncl><![CDATA[N]]></ccbaCncl>
		<ccbaCndt><![CDATA[]]></ccbaCndt>
		<imageUrl>1623416.jpg</imageUrl>
		<content><![CDATA[연등회는 통일신라시대인 9세기에 이미 확인되며, 고려와 조선시대를 거치면서 계속되어왔다. 신라와 고려의 연등회는 불교적 행사였지만, 조선시대에는 민속행사로 행해졌고 해방이후 전통적인 시련,  탑돌이의 행렬 문화가 확대되어 연등행렬로 발전하였다.
연등회는 관불의식, 연등행렬, 회향의 형식으로 진행되며 연등행렬 때 동원되는 등(燈)이 다양하고 다채롭다.
불교가 우리나라에 들어온 이래 연등회는 통일신라와 고려, 조선시대를 거치면서 궁중과 서민 모두를 아우르는 중요한 문화행사였다. 역사적으로는 고려의 연등회가 사회적 기능이 가장 컸었고, 유교가 성했던 조선시대에서도 연등회는 서민의 중요한 문화행사이자 축제로서 기능해왔으며, 오늘날에도 초파일의 연등행사는 대중들의 중요한 문화행사로서 기능하고 있다.]]></content>
</item>	
</result>
