<?xml version="1.0" encoding="utf-8"?>







<result>	
<ccbaKdcd>17</ccbaKdcd>
<ccbaAsno>00850000</ccbaAsno>
<ccbaCtcd>11</ccbaCtcd>
<ccbaCpno>1271100850000</ccbaCpno>
<longitude>0</longitude>
<latitude>0</latitude>
<item>	
		<ccmaName><![CDATA[국가무형문화재]]></ccmaName>
		<crltsnoNm>85</crltsnoNm>
		<ccbaMnm1><![CDATA[석전대제]]></ccbaMnm1>
		<ccbaMnm2><![CDATA[釋奠大祭]]></ccbaMnm2>
		<gcodeName><![CDATA[무형문화재]]></gcodeName>
		<bcodeName><![CDATA[의례·의식]]></bcodeName>
		<mcodeName><![CDATA[그 밖의 의식·의례]]></mcodeName>
		<scodeName><![CDATA[]]></scodeName>
		<ccbaQuan><![CDATA[]]></ccbaQuan>
		<ccbaAsdt><![CDATA[19861101]]></ccbaAsdt>
		<ccbaCtcdNm><![CDATA[서울특별시 ]]></ccbaCtcdNm>
		<ccsiName><![CDATA[종로구]]></ccsiName>
		<ccbaLcad>
			
	             
	                 
	                 
	                     <![CDATA[서울특별시 종로구]]>
	                 
	             
	         
	         
		</ccbaLcad>
		<ccceName><![CDATA[]]></ccceName>
		<ccbaPoss>
                <![CDATA[]]>
        </ccbaPoss>
		<ccbaAdmin>
               <![CDATA[(사)국가무형문화재 석전대제보존회]]>
		</ccbaAdmin>
		<ccbaCncl><![CDATA[N]]></ccbaCncl>
		<ccbaCndt><![CDATA[]]></ccbaCndt>
		<imageUrl>1623311.jpg</imageUrl>
		<content><![CDATA[석전대제란 공자를 모시는 사당인 문묘에서 지내는 제사의식으로, 문묘대제 또는 석전제(고기를 올리고 음악을 연주하는 의식)이라고도 한다. 유교가 언제부터 우리나라에 전래되었는지에 대한 기록은 없지만 고구려 소수림왕 2년(372)에 태학(유교 교육을 위한 국립대학)을 설립하였다는 기록을 통해 고대 중국의 제사 관례에 따라 의식을 행하였을 것으로 추측된다.
석전대제는 매년 2월과 8월 정해 놓은 날에 공자를 비롯한 옛 성인들의 학덕을 추모하며 지낸다. 절차는 영신례, 전폐례, 초헌례, 공악, 아헌례, 종헌례, 음복례, 철변두, 송신례, 망료의 순서로 진행된다. 연주 음악은 문묘제례악이라 하는데, 기악과 성악, 춤을 총칭하는 대성아악으로, 여덟 개의 아악기만 사용하고, 등가와 헌가 두 개의 악단이 절차에 따라 번갈아 연주한다. 현재는 조선 전기 세종(재위 1418~1450)때 영신곡, 황종궁 이하 12곡과 송신악 중에서 송신협종궁, 송신임종궁 등 15궁을 채택하여 전승하고 있다.
석전대제는 국가적인 행사로서 정숙하고 엄숙한 분위기 속에서 진행되는데, 음악이 연주되고 춤이 곁들여지는 종합예술적 성격을 띠고 있다.]]></content>
</item>	
</result>
