<?xml version="1.0" encoding="utf-8"?>







<result>	
<ccbaKdcd>17</ccbaKdcd>
<ccbaAsno>00900000</ccbaAsno>
<ccbaCtcd>23</ccbaCtcd>
<ccbaCpno>1272300900000</ccbaCpno>
<longitude>0</longitude>
<latitude>0</latitude>
<item>	
		<ccmaName><![CDATA[국가무형문화재]]></ccmaName>
		<crltsnoNm>90</crltsnoNm>
		<ccbaMnm1><![CDATA[황해도평산소놀음굿]]></ccbaMnm1>
		<ccbaMnm2><![CDATA[黃海道平山소놀음굿]]></ccbaMnm2>
		<gcodeName><![CDATA[무형문화재]]></gcodeName>
		<bcodeName><![CDATA[의례·의식]]></bcodeName>
		<mcodeName><![CDATA[민간신앙의례]]></mcodeName>
		<scodeName><![CDATA[]]></scodeName>
		<ccbaQuan><![CDATA[]]></ccbaQuan>
		<ccbaAsdt><![CDATA[19880801]]></ccbaAsdt>
		<ccbaCtcdNm><![CDATA[인천광역시 ]]></ccbaCtcdNm>
		<ccsiName><![CDATA[]]></ccsiName>
		<ccbaLcad>
			
	             
	                 
	                 
	                     <![CDATA[인천광역시]]>
	                 
	             
	         
	         
		</ccbaLcad>
		<ccceName><![CDATA[]]></ccceName>
		<ccbaPoss>
                <![CDATA[]]>
        </ccbaPoss>
		<ccbaAdmin>
               <![CDATA[(사)국가무형문화재 황해도평산소놀음굿보존회]]>
		</ccbaAdmin>
		<ccbaCncl><![CDATA[N]]></ccbaCncl>
		<ccbaCndt><![CDATA[]]></ccbaCndt>
		<imageUrl>1623491.jpg</imageUrl>
		<content><![CDATA[황해도평산소놀음굿은 무업을 전문으로 하는 무당이 소모양으로 꾸미고 농사의 풍년과 장사의 번창, 자손의 번영을 기원하며 노는 굿놀이로서 정확한 기원은 알 수 없으나 조선시대에 형성된 것으로 보인다. 소놀음굿은 단독으로 하지 않고 제석거리에 이어서 하는데, 이것은 제석거리가 자손의 번창과 수명을 연장하는 성격을 띠고 있어서 소놀음굿과 비슷하기 때문이다. 황해도 평산 소놀음굿은 기호와 해서 지방에서 놀던 놀이로 강한 종교적 성격을 띤다. 
 굿은 해질 무렵에 시작해서 다음날 새벽까지 계속된다. 굿판은 앞마당에서 6명의 여자무당이 장구와 징, 저나 피리를 가지고 굿놀이를 벌인다. 마당에는 팔선녀가 내려오는 여덟 개의 무지개를 상징하는 천을 늘어뜨리고 그 밑에는 팔선녀가 내려와 목욕하는 곳이라 하여 큰 물통에 바가지 여덟 개를 띠운다. 흰장삼에 고깔을 쓴 무당은 삼불제석역으로 나와서 옥황상제의 명을 받아 지상에 내려와 인간을 탄생시키고 조선을 개국한 내력을 노래한다. 이때 바지저고리 차림에 벙거지를 쓴 마부가 소를 끌고 들어온다. 소는 어미 논갈이소와 송아지로 종이로 만든 소머리를 손에 잡고 짚으로 만든 자리를 뒤집어 쓴다. 제석은 마부와 소가 들어오면 이야기를 하며 노래를 부르고, 마부는 소를 끌고 다니면서 밭갈이를 한다. 이때 치마저고리에 수건을 쓰고 바구니를 든 애미보살이 씨를 뿌리며 뒤따르고, 치마저고리에 호미를 든 지장보살이 김을 매면 갓 쓰고 도포 입은 신농씨가 농사일을 감독하는 시늉을 한다. 이어서 소부리기와 쟁기의 바닥에 삽모양의 쇳조각을 맞추는 법을 가르치기, 방아찧기, 지경다지기, 아이만들기 등의 놀이를 하면서 농사법과 복을 준다. 제석은 소를 타고 나졸들은 춤을 추며 굿판을 돌아 서천서역국으로 가는 것으로 소놀음굿은 끝난다. 굿에 등장하는 삼불제석과 애미보살, 지장보살은 불교의 신들로, 지상에 내려와 고통받는 인간에게 복을 주며 좋은 길로 인도하는데, 이것은 평산 소놀음굿에서만 볼 수 있는 독특한 장면이다. 
 평산 소놀음굿은 평산 출신의 무당 장보배가 해방 후에 소놀음굿을 재현함으로써 오늘날에 이르고 있다. 황해도평산소놀음굿은 무업을 전문적으로 하는 무당들에 의해 진행되는 놀이이지만 불교적인 성격이 매우 강하고 오락성과 예술성을 지니고 있는 놀이로서 주민들의 풍요를 기원하면서 화합을 다지는 기회도 제공하고 있다.]]></content>
</item>	
</result>
