<?xml version="1.0" encoding="utf-8"?>







<result>	
<ccbaKdcd>17</ccbaKdcd>
<ccbaAsno>01090000</ccbaAsno>
<ccbaCtcd>23</ccbaCtcd>
<ccbaCpno>1272301090000</ccbaCpno>
<longitude>127.044648466316</longitude>
<latitude>37.5102294403293</latitude>
<item>	
		<ccmaName><![CDATA[국가무형문화재]]></ccmaName>
		<crltsnoNm>109</crltsnoNm>
		<ccbaMnm1><![CDATA[화각장]]></ccbaMnm1>
		<ccbaMnm2><![CDATA[華角匠]]></ccbaMnm2>
		<gcodeName><![CDATA[무형문화재]]></gcodeName>
		<bcodeName><![CDATA[전통기술]]></bcodeName>
		<mcodeName><![CDATA[공예]]></mcodeName>
		<scodeName><![CDATA[]]></scodeName>
		<ccbaQuan><![CDATA[]]></ccbaQuan>
		<ccbaAsdt><![CDATA[19961231]]></ccbaAsdt>
		<ccbaCtcdNm><![CDATA[인천광역시 ]]></ccbaCtcdNm>
		<ccsiName><![CDATA[남동구]]></ccsiName>
		<ccbaLcad>
			
	             
	                 
	                 
	                     <![CDATA[인천광역시 남동구]]>
	                 
	             
	         
	         
		</ccbaLcad>
		<ccceName><![CDATA[]]></ccceName>
		<ccbaPoss>
                <![CDATA[]]>
        </ccbaPoss>
		<ccbaAdmin>
               <![CDATA[]]>
		</ccbaAdmin>
		<ccbaCncl><![CDATA[N]]></ccbaCncl>
		<ccbaCndt><![CDATA[]]></ccbaCndt>
		<imageUrl>1623511.jpg</imageUrl>
		<content><![CDATA[화각(華角)은 쇠뿔을 얇게 갈아 투명하게 만든 판을 말하며, 이것을 이용해서 공예품을 만드는 사람을 화각장이라 한다. 화각공예는 재료가 귀하고 공정이 까다로와서 생산이 많지 않았으므로 특수 귀족층들의 기호품이나 애장품에 주로 이용되었다.
 화각공예가 언제부터 만들어졌는지 정확하게는 알 수 없다. 고려시대 나전칠기인 경함(經函)과 염주합(念珠盒)에는 복채기법으로 된 대모(玳瑁)가 나전과 같이 사용되었고, 이러한 기법은 조선 전기와 중기의 나전에까지 이어졌으나 조선 중기 이후부터는 화각으로만 장식한 화각공예품이 발달하였다.
 화각공예는 투명도가 높은 쇠뿔을 종잇장처럼 얇게 편 다음 뒷면에 오색찬란한 단청안료로 갖가지 문양을 그리고 채색하여, 나무 등으로 만든 각종 기물인 백골(白骨) 위에 붙이고 백골의 내부와 뼈대 등 화각 이외의 여백은 옻칠을 하여 마감하는 기법이다. 화각공예품으로는 장·농·사방탁자·문갑과 같은 가구류와 작은 예물함, 경대, 필통, 화약통, 바느질자, 경상(經床), 연상(硯床), 반짇고리, 부채, 붓대 등이 있다.
 화각공예는 색채 및 문양에서 장식성이 뛰어난 실용공예로서 우리나라의 전통공예, 특히 목공예 가운데에서도 매우 특색이 있다.]]></content>
</item>	
</result>
