<?xml version="1.0" encoding="utf-8"?>







<result>	
<ccbaKdcd>17</ccbaKdcd>
<ccbaAsno>00610000</ccbaAsno>
<ccbaCtcd>23</ccbaCtcd>
<ccbaCpno>1272300610000</ccbaCpno>
<longitude>126.66213161478</longitude>
<latitude>37.4610144374647</latitude>
<item>	
		<ccmaName><![CDATA[국가무형문화재]]></ccmaName>
		<crltsnoNm>61</crltsnoNm>
		<ccbaMnm1><![CDATA[은율탈춤]]></ccbaMnm1>
		<ccbaMnm2><![CDATA[殷栗탈춤]]></ccbaMnm2>
		<gcodeName><![CDATA[무형문화재]]></gcodeName>
		<bcodeName><![CDATA[전통 공연·예술]]></bcodeName>
		<mcodeName><![CDATA[연희]]></mcodeName>
		<scodeName><![CDATA[]]></scodeName>
		<ccbaQuan><![CDATA[]]></ccbaQuan>
		<ccbaAsdt><![CDATA[19780223]]></ccbaAsdt>
		<ccbaCtcdNm><![CDATA[인천광역시 ]]></ccbaCtcdNm>
		<ccsiName><![CDATA[미추홀구]]></ccsiName>
		<ccbaLcad>
			
	             
	                 
	                 
	                     <![CDATA[인천광역시 남구]]>
	                 
	             
	         
	         
		</ccbaLcad>
		<ccceName><![CDATA[]]></ccceName>
		<ccbaPoss>
                <![CDATA[]]>
        </ccbaPoss>
		<ccbaAdmin>
               <![CDATA[(사)국가무형문화재 은율탈춤보존회]]>
		</ccbaAdmin>
		<ccbaCncl><![CDATA[N]]></ccbaCncl>
		<ccbaCndt><![CDATA[]]></ccbaCndt>
		<imageUrl>1623483.jpg</imageUrl>
		<content><![CDATA[탈춤이란 한사람 또는 여러 사람이 가면으로 얼굴이나 머리 전체를 가리고 다른 인물, 동물 또는 초자연적 존재(신) 등으로 분장하여 음악에 맞추어 춤과 대사로써 연극하는 것을 말한다. 탈춤은 조선 전기까지 각 지방에서 행해지던 가면놀이이다. 17세기 중엽에 이르러 궁중의 관장하에 “산대”라 불리는 무대에서 상연된 산대도감극(山臺都監劇)의 형태로, 조선 인종 12년(1634)에 궁중에서 상연이 폐지되자 민중에게 유입되어 전국으로 전파되었다. 
 은율탈춤은 단오에 2∼3일 동안 행해지고 그 밖에 석가탄신일과 7월 백중놀이로도 행해진다. 약 200∼300년 전에 난리를 피하기 위하여 섬으로 갔던 사람들이 고향으로 돌아올 때 얼굴을 내놓기가 부끄러워 탈을 쓴 데서 비롯되었다고 전해진다. 이 놀이는 사자춤·상좌춤·8목중춤·노승춤·영감과 할미광대춤의 6마당으로 구성되어 있으며, 놀이에 앞서 숲에 모여 탈에 제사를 지내고 공연장소까지 탈과 의상을 갖추고 행렬하는 길놀이를 한다. 상좌·목중·말뚝이·맏양반·둘째양반·새맥시·셋째양반·원숭이·노승·최괄이·영감·할미·무당·사자·최괄이 아들 등 24명의 인물이 등장하며 파계승에 대한 풍자, 양반에 대한 모욕, 일부처첩(一夫妻妾)의 삼각관계와 서민생활상을 보여준다. 다른 탈춤에 비해 호색적인 표현이 심하며, 파계승보다 양반을 모욕하는 대목을 강조하고 있다. 팔목중춤 다음으로 양반춤이 나오는 것은 강령탈춤과 은율탈춤 뿐이다. 
 은율탈춤은 황해도 탈춤에서 나누어진 봉산탈춤과 해주탈춤의 상호교류와 영향관계를 잘 보여주는 주고 있다.]]></content>
</item>	
</result>
