<?xml version="1.0" encoding="utf-8"?>







<result>	
<ccbaKdcd>17</ccbaKdcd>
<ccbaAsno>00820100</ccbaAsno>
<ccbaCtcd>21</ccbaCtcd>
<ccbaCpno>1272100820100</ccbaCpno>
<longitude>0</longitude>
<latitude>0</latitude>
<item>	
		<ccmaName><![CDATA[국가무형문화재]]></ccmaName>
		<crltsnoNm>82-1</crltsnoNm>
		<ccbaMnm1><![CDATA[동해안별신굿]]></ccbaMnm1>
		<ccbaMnm2><![CDATA[東海岸別神굿]]></ccbaMnm2>
		<gcodeName><![CDATA[무형문화재]]></gcodeName>
		<bcodeName><![CDATA[의례·의식]]></bcodeName>
		<mcodeName><![CDATA[민간신앙의례]]></mcodeName>
		<scodeName><![CDATA[]]></scodeName>
		<ccbaQuan><![CDATA[]]></ccbaQuan>
		<ccbaAsdt><![CDATA[19850201]]></ccbaAsdt>
		<ccbaCtcdNm><![CDATA[부산광역시 ]]></ccbaCtcdNm>
		<ccsiName><![CDATA[기장군]]></ccsiName>
		<ccbaLcad>
			
	             
	                 
	                 
	                     <![CDATA[부산광역시 기장군]]>
	                 
	             
	         
	         
		</ccbaLcad>
		<ccceName><![CDATA[]]></ccceName>
		<ccbaPoss>
                <![CDATA[]]>
        </ccbaPoss>
		<ccbaAdmin>
               <![CDATA[(사)국가무형문화재 동해안별신굿보존회]]>
		</ccbaAdmin>
		<ccbaCncl><![CDATA[N]]></ccbaCncl>
		<ccbaCndt><![CDATA[]]></ccbaCndt>
		<imageUrl>1623475.jpg</imageUrl>
		<content><![CDATA[동해안 별신굿은 동해안의 어촌 마을에서 마을의 수호신을 모시고 마을의 평화와 안녕, 풍요와 다산, 배를 타는 선원들의 안전을  빌기 위해 무당들을 청해다가 벌이는 대규모 굿이다. 풍어제, 풍어굿, 골매기당제라고도 하는 동해안 별신굿은 1년 또는 2~3년마다 열린다. 
 굿은 집안 대대로 굿을 해 온 세습무당이 하며, 부정굿·골맥이청좌굿·당맞이굿·화해굿·각댁성주굿·천왕굿·심청굿·손님굿·황제굿·부인곤반굿·용왕굿·꽃노래굿·대거리굿 등의 순서로 진행된다. 굿을 하는 시기는 마을마다 다르나 대체로 3∼5월, 9∼10월 사이에 주로 거행되며 굿청의 장식이 화려한데 비해 무당들이 입는 의상은 비교적 소박하다. 
 동해안 별신굿은 굿에서 추는 춤이 다양하고 익살스런 대화와 몸짓 등 오락성이 강하다.]]></content>
</item>	
</result>
