<?xml version="1.0" encoding="utf-8"?>







<result>	
<ccbaKdcd>17</ccbaKdcd>
<ccbaAsno>00330000</ccbaAsno>
<ccbaCtcd>24</ccbaCtcd>
<ccbaCpno>1272400330000</ccbaCpno>
<longitude>126.835804593225</longitude>
<latitude>35.0692609194805</latitude>
<item>	
		<ccmaName><![CDATA[국가무형문화재]]></ccmaName>
		<crltsnoNm>33</crltsnoNm>
		<ccbaMnm1><![CDATA[광주 칠석 고싸움놀이]]></ccbaMnm1>
		<ccbaMnm2><![CDATA[光州 漆石 고싸움놀이]]></ccbaMnm2>
		<gcodeName><![CDATA[무형문화재]]></gcodeName>
		<bcodeName><![CDATA[전통 놀이·무예]]></bcodeName>
		<mcodeName><![CDATA[놀이]]></mcodeName>
		<scodeName><![CDATA[]]></scodeName>
		<ccbaQuan><![CDATA[]]></ccbaQuan>
		<ccbaAsdt><![CDATA[19700722]]></ccbaAsdt>
		<ccbaCtcdNm><![CDATA[광주광역시 ]]></ccbaCtcdNm>
		<ccsiName><![CDATA[남구]]></ccsiName>
		<ccbaLcad>
			
	             
	                 
	                 
	                     <![CDATA[광주광역시 남구]]>
	                 
	             
	         
	         
		</ccbaLcad>
		<ccceName><![CDATA[]]></ccceName>
		<ccbaPoss>
                <![CDATA[]]>
        </ccbaPoss>
		<ccbaAdmin>
               <![CDATA[(사)국가무형문화재 제33호 광주칠석고싸움놀이보존회]]>
		</ccbaAdmin>
		<ccbaCncl><![CDATA[N]]></ccbaCncl>
		<ccbaCndt><![CDATA[]]></ccbaCndt>
		<imageUrl>1623518.jpg</imageUrl>
		<content><![CDATA[광주칠석고싸움놀이는 주로 전라남도 일대(현재의 광주광역시 남구 대촌동 칠석마을)에서 정월 대보름 전후에 행해지는 격렬한 남성집단놀이이다. 고싸움의 고란 옷고름, 고맺음, 고풀이 등의 예에서 보듯이 노끈의 한 가닥을 길게 늘여 둥그런 모양으로 맺은 것을 말하며, 2개의 고가 서로 맞붙어 싸움을 벌인다 해서 고싸움이라 부르는 것으로 추측된다.
고줄은 줄머리에 둥근 고를 만들어 세우고 단단하게 하기 위해서 대목을 속에 넣어 팔뚝만한 동아줄로 칭칭 감아 고줄이 빳빳하도록 하고, 둥글게 구부려 묶어서 고몸체를 만든다. 고몸체도 단단해야 하므로 큰 통나무를 속에 넣고 동아줄로 감아 곧은 줄을 만든다. 고머리나 고몸체 줄은 사람이 걸터앉아도 두 다리가 땅에 닿지 않을 정도로 크다. 7∼8개의 통나무는 고를 메거나 고가 서로 부딪칠 때 떠받치고 밀어주는 구실도 한다. 고가 만들어지면 윗마을과 아랫마을이 공동으로 마을 앞에서 간단한 고사를 지내고 집집마다 돌며 마당밟이굿을 한다. 고를 메고 싸움터로 나가기 전에 마을을 돌며 농악으로 흥을 돋운다. 양쪽의 고가 서로 접근하면 고를 높이 들었다 내렸다 하며 기세를 올린다. 놀이꾼은 줄패장, 고를 메는 몰꾼, 고의 몸과 꼬리를 잡는 꼬리줄잡이, 농악대 등으로 구성된다. 우두머리인 줄패장은 고 위에 앉아 싸움을 총지휘하고, 부장들은 깃발을 휘둘러 기세를 북돋운다. 상대방의 고를 덮쳐 땅에 닿게 하면 이기는데, 승부가 나지 않을 경우 일단 고를 풀어서 줄로 만들어 2월 1일에 줄다리기로 승부를 내기도 한다. 고싸움은 줄다리기와 마찬가지로 풍요를 기원하는 농경의식의 한 형태이며, 놀이를 통하여 마을사람들의 협동심과 단결력을 다지는 집단놀이로서 의의를 지닌다.
 ※ 명칭변경(고싸움놀이 → 광주칠석고싸움놀이/ 명칭변경일 : 2005.9.23.)  : 고싸움놀이는 원래 광주광역시 남구(구 전남 광산군 대촌면) 칠석동 마을에 전하는 민속놀이로 오늘날 각 지역마다 형태와 규모가 유사한 다양한 고싸움놀이로 인해 지정 명칭상 변별성이 없어 국가무형문화재 전승지역을 병기한 &quot;광주칠석고싸움놀이&quot;로 변경하였다.]]></content>
</item>	
</result>
