<?xml version="1.0" encoding="utf-8"?>







<result>	
<ccbaKdcd>17</ccbaKdcd>
<ccbaAsno>00060000</ccbaAsno>
<ccbaCtcd>38</ccbaCtcd>
<ccbaCpno>1273800060000</ccbaCpno>
<longitude>128.442287438969</longitude>
<latitude>34.8443297780365</latitude>
<item>	
		<ccmaName><![CDATA[국가무형문화재]]></ccmaName>
		<crltsnoNm>6</crltsnoNm>
		<ccbaMnm1><![CDATA[통영오광대]]></ccbaMnm1>
		<ccbaMnm2><![CDATA[統營五廣大]]></ccbaMnm2>
		<gcodeName><![CDATA[무형문화재]]></gcodeName>
		<bcodeName><![CDATA[전통 공연·예술]]></bcodeName>
		<mcodeName><![CDATA[연희]]></mcodeName>
		<scodeName><![CDATA[]]></scodeName>
		<ccbaQuan><![CDATA[]]></ccbaQuan>
		<ccbaAsdt><![CDATA[19641224]]></ccbaAsdt>
		<ccbaCtcdNm><![CDATA[경상남도 ]]></ccbaCtcdNm>
		<ccsiName><![CDATA[통영시]]></ccsiName>
		<ccbaLcad>
			
	             
	                 
	                 
	                     <![CDATA[경상남도 통영시]]>
	                 
	             
	         
	         
		</ccbaLcad>
		<ccceName><![CDATA[]]></ccceName>
		<ccbaPoss>
                <![CDATA[]]>
        </ccbaPoss>
		<ccbaAdmin>
               <![CDATA[(사)국가무형문화재 제6호 통영오광대보존회]]>
		</ccbaAdmin>
		<ccbaCncl><![CDATA[N]]></ccbaCncl>
		<ccbaCndt><![CDATA[]]></ccbaCndt>
		<imageUrl>1624065.jpg</imageUrl>
		<content><![CDATA[오광대는 남부지역(낙동강 서쪽지역)의 탈춤을 가리키는 말로, 초계 밤마리 마을 장터에서 놀던 광대패들에 의해 시작되었다고 한다. 낙동강을 중심으로 부산 동래, 수영 지방에서는 야류(들놀음), 통영·고성·가산 지방에서는 오광대로 불린다.  
통영오광대는 길놀이를 시작으로 제1과장 문둥탈, 제2과장 풍자탈, 제3과장 영노탈, 제4과장 농창탈, 제5과장 포수탈 등  5개 과장으로 구성되어 있으며, 문둥이․말뚝이․양반․팔선녀․영노․사자 등 31명의 인물이 등장한다. 양반과 파계승의 풍자, 처와 첩의 문제 등 민중의 생활상을 반영하고 있다. 가장 특징이 있는 춤은 문둥이춤으로 꽹과리가 주도하는 반주음악에 맞추어 문둥이의 생애와 한을 표현하고 있다. 현재 우리나라 오광대 중에서 사자춤이 있는 것은 통영오광대 뿐이다. 통영오광대는 우리나라 남부 지역 탈춤 전통을 잘 보여주는 탈놀이로서 서민생활의 애환을 담고 있는 전통적인 마당놀이이다.]]></content>
</item>	
</result>
