<?xml version="1.0" encoding="utf-8"?>







<result>	
<ccbaKdcd>17</ccbaKdcd>
<ccbaAsno>00840100</ccbaAsno>
<ccbaCtcd>38</ccbaCtcd>
<ccbaCpno>1273800840100</ccbaCpno>
<longitude>128.189592024673</longitude>
<latitude>34.9983969167525</latitude>
<item>	
		<ccmaName><![CDATA[국가무형문화재]]></ccmaName>
		<crltsnoNm>84-1</crltsnoNm>
		<ccbaMnm1><![CDATA[고성농요]]></ccbaMnm1>
		<ccbaMnm2><![CDATA[固城農謠]]></ccbaMnm2>
		<gcodeName><![CDATA[무형문화재]]></gcodeName>
		<bcodeName><![CDATA[전통 공연·예술]]></bcodeName>
		<mcodeName><![CDATA[음악]]></mcodeName>
		<scodeName><![CDATA[]]></scodeName>
		<ccbaQuan><![CDATA[]]></ccbaQuan>
		<ccbaAsdt><![CDATA[19851201]]></ccbaAsdt>
		<ccbaCtcdNm><![CDATA[경상남도 ]]></ccbaCtcdNm>
		<ccsiName><![CDATA[고성군]]></ccsiName>
		<ccbaLcad>
			
	             
	                 
	                 
	                     <![CDATA[경상남도 고성군]]>
	                 
	             
	         
	         
		</ccbaLcad>
		<ccceName><![CDATA[]]></ccceName>
		<ccbaPoss>
                <![CDATA[]]>
        </ccbaPoss>
		<ccbaAdmin>
               <![CDATA[(사)국가무형문화재 고성농요보존회]]>
		</ccbaAdmin>
		<ccbaCncl><![CDATA[N]]></ccbaCncl>
		<ccbaCndt><![CDATA[]]></ccbaCndt>
		<imageUrl>1624174.jpg</imageUrl>
		<content><![CDATA[고성농요는 경상남도 고성지역에서 전승되어오고 있는 전통농요이다. 고성농요는 하지무렵부터 시작되는 농사소리가 주축을 이루며 이를 ‘등지’라고도 하는데, 등지는 모내기소리의 경상도 방언이다. 고성농요는 모판에서 모를 찌면서 부르는 모찌기소리, 모를 심을 때 부르는 모심기소리, 보리타작하며 부르는 도리깨질소리, 김맬 때 부르는 상사소리 및 방아타령 등으로 이밖에 부녀자들이 삼을 삼으면서 부르는 삼삼기소리, 물레질하며 부르는 물레타령 등이 있다. 고성농요의 노랫말에는 이 고장 농민들의 생활감정이 풍부하게 담겨 있으며 향토적인 정서가 물씬 풍긴다. 고성농요는 투박하고 억센 경상도 특유의 음악성을 간직한 경상도 노래이지만, 지리적인 영향으로 음악적인 면에서는 전라도의 계면조 선율구조로 되어 있다.]]></content>
</item>	
</result>
