<?xml version="1.0" encoding="utf-8"?>







<result>	
<ccbaKdcd>17</ccbaKdcd>
<ccbaAsno>00860100</ccbaAsno>
<ccbaCtcd>31</ccbaCtcd>
<ccbaCpno>1271100860100</ccbaCpno>
<longitude>0</longitude>
<latitude>0</latitude>
<item>	
		<ccmaName><![CDATA[국가무형문화재]]></ccmaName>
		<crltsnoNm>86-1</crltsnoNm>
		<ccbaMnm1><![CDATA[문배주]]></ccbaMnm1>
		<ccbaMnm2><![CDATA[문배酒]]></ccbaMnm2>
		<gcodeName><![CDATA[무형문화재]]></gcodeName>
		<bcodeName><![CDATA[전통 생활관습]]></bcodeName>
		<mcodeName><![CDATA[식생활]]></mcodeName>
		<scodeName><![CDATA[]]></scodeName>
		<ccbaQuan><![CDATA[]]></ccbaQuan>
		<ccbaAsdt><![CDATA[19861101]]></ccbaAsdt>
		<ccbaCtcdNm><![CDATA[경기도 ]]></ccbaCtcdNm>
		<ccsiName><![CDATA[김포시]]></ccsiName>
		<ccbaLcad>
			
	         
	             <![CDATA[경기도  김포시]]>
	         
		</ccbaLcad>
		<ccceName><![CDATA[]]></ccceName>
		<ccbaPoss>
                <![CDATA[]]>
        </ccbaPoss>
		<ccbaAdmin>
               <![CDATA[]]>
		</ccbaAdmin>
		<ccbaCncl><![CDATA[N]]></ccbaCncl>
		<ccbaCndt><![CDATA[]]></ccbaCndt>
		<imageUrl>1623322.jpg</imageUrl>
		<content><![CDATA[문배주는 평안도 지방에서 전승되어 오는 술로 술의 향기가 문배나무의 과실에서 풍기는 향기와 같아 붙여진 이름이다. 
문배주는 해방전에는 평양 대동강 유역의 석회암층에서 솟아나는 지하수를 사용하였다고 한다. 원료는 밀·좁쌀·수수이며, 누룩의 주원료는 밀이다. 술의 색은 엷은 황갈색을 띠며 문배향이 강하고, 알코올 도수는 본래 40도 정도이지만 증류 및 숙성이 끝난 문배주는 48.1도에 달하므로 장기간 저장이 가능하다. 보통 6개월∼1년 동안 숙성시켜 저장하는데 문배나무의 과실을 전혀 사용하지 않고도 문배향을 풍기는 특징이 있다.]]></content>
</item>	
</result>
