<?xml version="1.0" encoding="utf-8"?>







<result>	
<ccbaKdcd>17</ccbaKdcd>
<ccbaAsno>00830100</ccbaAsno>
<ccbaCtcd>36</ccbaCtcd>
<ccbaCpno>1273600830100</ccbaCpno>
<longitude>127.462755822942</longitude>
<latitude>35.2084269548788</latitude>
<item>	
		<ccmaName><![CDATA[국가무형문화재]]></ccmaName>
		<crltsnoNm>83-1</crltsnoNm>
		<ccbaMnm1><![CDATA[구례향제줄풍류]]></ccbaMnm1>
		<ccbaMnm2><![CDATA[求禮鄕制줄風流]]></ccbaMnm2>
		<gcodeName><![CDATA[무형문화재]]></gcodeName>
		<bcodeName><![CDATA[전통 공연·예술]]></bcodeName>
		<mcodeName><![CDATA[음악]]></mcodeName>
		<scodeName><![CDATA[]]></scodeName>
		<ccbaQuan><![CDATA[]]></ccbaQuan>
		<ccbaAsdt><![CDATA[19850901]]></ccbaAsdt>
		<ccbaCtcdNm><![CDATA[전라남도 ]]></ccbaCtcdNm>
		<ccsiName><![CDATA[구례군]]></ccsiName>
		<ccbaLcad>
			
	             
	                 
	                 
	                     <![CDATA[전라남도 구례군]]>
	                 
	             
	         
	         
		</ccbaLcad>
		<ccceName><![CDATA[]]></ccceName>
		<ccbaPoss>
                <![CDATA[]]>
        </ccbaPoss>
		<ccbaAdmin>
               <![CDATA[구례향제줄풍류보존회]]>
		</ccbaAdmin>
		<ccbaCncl><![CDATA[N]]></ccbaCncl>
		<ccbaCndt><![CDATA[]]></ccbaCndt>
		<imageUrl>1623917.jpg</imageUrl>
		<content><![CDATA[전남 구례(求禮)지방에서 전승되는 현악영산회상(絃樂靈山會相) 이란 기악곡을 「구례향제줄풍류」라 한다.  영산회상은 여러 음악이 조곡과 같이 구성된 합주곡을 가리키는데 「풍류(風流)」라고도 한다.  관악기가 중심이 되는 영산회상을 관악영산회상 또는 대풍류라 하고 현악기가 중심이 되는 영산회상을 현악영산회상 또는 줄풍류라고 한다.  줄풍류에는 서울에서 전승되는 것과 지방에서 전승되는 것이 어느정도 다르게 연주되었는데, 지방에서 전승되는 줄풍류를 서울에서 전승되는 줄풍류와 구별하기 위해서 「향제(鄕制)줄풍류」라 한다. 
풍류, 즉 영산회상은 조선 초기에「나례(儺禮)」라는 궁중 축제에서 「영산회상불보살(靈山會相佛菩薩)」이라는 불교 교리를 담은 노랫말을 얹어 부르던 성악곡이었으나 뒤에 이것이 기악곡으로 변하였고 여기에 다른 기악곡을 덧붙여 방대한 조곡으로 발전하였는데 조선 후기에는 우리나라의 대표적인 합주곡이 되었다.  조선 중기에 관악영산회상과 현악영산회상이 분화된 것으로 보이며, 현악영산회상, 즉 줄풍류는 주로 방안에서 연주하는 조용한 음악으로 발전하였다.  조선 후기에 경제(京制)줄풍류와 향제줄풍류가 분화된 것으로 보인다. 
줄풍류에 편성되는 악기로는 거문고, 가야금, 양금, 세피리, 대금, 해금, 단소, 장고가 있다.  줄풍류는 방안에서 조용히 연주하는 음악이므로 거문고와 가야금, 양금과 같은 현악기가 중심이 되고 관악기는 현악기를 보조해 주는 역할을 한다.  그래서 관악기는 되도록 음량을 적게 해서 연주하는데 피리는 가늘어 음량이 작은 세피리를 쓴다.  거문고의 "슬기둥"하는 은은하고 꿋꿋한 음이 드믄드믄 대점을 쳐주는 가운데 피리, 대금, 해금이 장식적인 선율을 수놓으며 길게 뻗는데 조용하고 우아하여 신선의 경지를 느낀다. 
구례향제줄풍류는 다스름(調音), 상영산(上靈山=본영산), 중영산(中靈山), 세영산(細靈山=잔영산), 가락덜이, 삼현도드리(三絃還入), 도드리(細還入), 하현도드리(下絃還入), 염불도드리(念佛還入), 타령(打令), 군악(軍樂), 계면가락도드리(界面還入), 양청도르리(兩淸還入), 우조가락도드리(羽調還入), 굿거리 이상 15곡으로 구성되는 방대한 조곡(組曲)으로 되어 있다.  국립국악원에서 전승되는 경제줄풍류에는 다스름과 굿거리가 없다.  다스름에서 중영산까지를 「본풍류」라고 하고 세영산에서 군악까지를 「잔풍류」라 이르며 계면가락도드리에서 굿거리까지를 「뒷풍류」라 한다.  본풍류는 한없이 느려 은은하고 유유자적하며 잔풍류는 약간 빨라서 유장하고 꿋꿋하며 뒷풍류는 밝고 화창하다. 이 음악을 모두 연주하는데는 약 70분 정도가 걸린다.]]></content>
</item>	
</result>
