<?xml version="1.0" encoding="utf-8"?>







<result>	
<ccbaKdcd>17</ccbaKdcd>
<ccbaAsno>01280000</ccbaAsno>
<ccbaCtcd>35</ccbaCtcd>
<ccbaCpno>1273501280000</ccbaCpno>
<longitude>0</longitude>
<latitude>0</latitude>
<item>	
		<ccmaName><![CDATA[국가무형문화재]]></ccmaName>
		<crltsnoNm>128</crltsnoNm>
		<ccbaMnm1><![CDATA[선자장]]></ccbaMnm1>
		<ccbaMnm2><![CDATA[扇子匠]]></ccbaMnm2>
		<gcodeName><![CDATA[무형문화재]]></gcodeName>
		<bcodeName><![CDATA[전통기술]]></bcodeName>
		<mcodeName><![CDATA[공예]]></mcodeName>
		<scodeName><![CDATA[]]></scodeName>
		<ccbaQuan><![CDATA[]]></ccbaQuan>
		<ccbaAsdt><![CDATA[20150708]]></ccbaAsdt>
		<ccbaCtcdNm><![CDATA[전라북도 ]]></ccbaCtcdNm>
		<ccsiName><![CDATA[전주시]]></ccsiName>
		<ccbaLcad>
			
	         
	             <![CDATA[전라북도  전주시]]>
	         
		</ccbaLcad>
		<ccceName><![CDATA[]]></ccceName>
		<ccbaPoss>
                <![CDATA[]]>
        </ccbaPoss>
		<ccbaAdmin>
               <![CDATA[]]>
		</ccbaAdmin>
		<ccbaCncl><![CDATA[N]]></ccbaCncl>
		<ccbaCndt><![CDATA[]]></ccbaCndt>
		<imageUrl>2586074.jpg</imageUrl>
		<content><![CDATA[「선자장(扇子匠)」은 전통 부채를 만드는 기술과 그 기능을 보유한 장인을 말한다. 우리나라의 부채는 형태상으로 크게 둥근 모양의 부채와 접고 펼 수 있는 접(摺)부채로 나눌 수 있다. 그 중 접부채인 합죽선(合竹扇)은 현재까지 전승되는 최고 수준의 정교함과 세련미를 갖춘 부채로서, 고려시대부터 나전, 금속, 칠, 옥공예 등과 접목되어 나라를 대표하는 공예품이었다. 
합죽(合竹)이란 대나무의 겉대와 겉대를 붙여서 만든 것으로 고려시대에 대나무의 주산지인 전남 담양에서 처음 생산된 것으로 알려져 있다. 합죽선은 조선시대에는 전라감영이 있는 전주에서 선자청(扇子廳)이라는 관청의 장인들이 주로 제작하였고 외교나 대외무역에도 활용되었다.]]></content>
</item>	
</result>
