<?xml version="1.0" encoding="utf-8"?>







<result>	
<ccbaKdcd>17</ccbaKdcd>
<ccbaAsno>00830200</ccbaAsno>
<ccbaCtcd>35</ccbaCtcd>
<ccbaCpno>1273500830200</ccbaCpno>
<longitude>126.961270988565</longitude>
<latitude>35.95983311561</latitude>
<item>	
		<ccmaName><![CDATA[국가무형문화재]]></ccmaName>
		<crltsnoNm>83-2</crltsnoNm>
		<ccbaMnm1><![CDATA[이리향제줄풍류]]></ccbaMnm1>
		<ccbaMnm2><![CDATA[裡里鄕制줄風流]]></ccbaMnm2>
		<gcodeName><![CDATA[무형문화재]]></gcodeName>
		<bcodeName><![CDATA[전통 공연·예술]]></bcodeName>
		<mcodeName><![CDATA[음악]]></mcodeName>
		<scodeName><![CDATA[]]></scodeName>
		<ccbaQuan><![CDATA[]]></ccbaQuan>
		<ccbaAsdt><![CDATA[19850901]]></ccbaAsdt>
		<ccbaCtcdNm><![CDATA[전라북도 ]]></ccbaCtcdNm>
		<ccsiName><![CDATA[익산시]]></ccsiName>
		<ccbaLcad>
			
	             
	                 
	                 
	                     <![CDATA[전라북도 익산시]]>
	                 
	             
	         
	         
		</ccbaLcad>
		<ccceName><![CDATA[]]></ccceName>
		<ccbaPoss>
                <![CDATA[]]>
        </ccbaPoss>
		<ccbaAdmin>
               <![CDATA[(사)국가무형문화재 이리향제줄풍류보존회]]>
		</ccbaAdmin>
		<ccbaCncl><![CDATA[N]]></ccbaCncl>
		<ccbaCndt><![CDATA[]]></ccbaCndt>
		<imageUrl>1623791.jpg</imageUrl>
		<content><![CDATA[이리향제줄풍류는 전라북도 익산 지방에서 전승되는 현악영산회상이라는 기악곡이다. 관악영산회상과 평조회상의 대칭으로 불리는 음악으로, 이들과는 조(調)와 악기 편성이 다르다. 1958년 익산지역을 중심으로 시작된 이리향제줄풍류는 거문고, 가야금, 양금, 단소, 해금, 대금, 피리, 장구 등 여덟 가지 악기로 연주한다. 곡목은 다스름부터 시작해 본령산, 중령산, 세령산, 가락덜이, 상현도드리, 세환입, 하현도드리, 염불도드리타령, 군악, 계면가락도드리, 양청도드리, 우조가락도드리, 풍류굿거리까지 총 15곡이다.]]></content>
</item>	
</result>
