<?xml version="1.0" encoding="utf-8"?>







<result>	
<ccbaKdcd>17</ccbaKdcd>
<ccbaAsno>01140000</ccbaAsno>
<ccbaCtcd>38</ccbaCtcd>
<ccbaCpno>1273801140000</ccbaCpno>
<longitude>0</longitude>
<latitude>0</latitude>
<item>	
		<ccmaName><![CDATA[국가무형문화재]]></ccmaName>
		<crltsnoNm>114</crltsnoNm>
		<ccbaMnm1><![CDATA[염장]]></ccbaMnm1>
		<ccbaMnm2><![CDATA[簾匠]]></ccbaMnm2>
		<gcodeName><![CDATA[무형문화재]]></gcodeName>
		<bcodeName><![CDATA[전통기술]]></bcodeName>
		<mcodeName><![CDATA[공예]]></mcodeName>
		<scodeName><![CDATA[]]></scodeName>
		<ccbaQuan><![CDATA[]]></ccbaQuan>
		<ccbaAsdt><![CDATA[20010627]]></ccbaAsdt>
		<ccbaCtcdNm><![CDATA[경상남도 ]]></ccbaCtcdNm>
		<ccsiName><![CDATA[통영시]]></ccsiName>
		<ccbaLcad>
			
	             
	                 
	                 
	                     <![CDATA[경상남도 통영시]]>
	                 
	             
	         
	         
		</ccbaLcad>
		<ccceName><![CDATA[]]></ccceName>
		<ccbaPoss>
                <![CDATA[]]>
        </ccbaPoss>
		<ccbaAdmin>
               <![CDATA[]]>
		</ccbaAdmin>
		<ccbaCncl><![CDATA[N]]></ccbaCncl>
		<ccbaCndt><![CDATA[]]></ccbaCndt>
		<imageUrl>1624179.jpg</imageUrl>
		<content><![CDATA[염장(簾匠)이란 발을 만드는 장인을 말한다. 발의 재료에는 대나무(대나무발), 갈태(갈대발), 겨릅(겨릅발), 달풀(달발) 등이 사용된다. 전통가옥인 한옥에서의 생활에는 발이 필수품이었다. 발은 특히 여름철에 강한 햇볕을 막아주어 실내에 있는 사람에게는 시원함을 느끼게 해줄 뿐만 아니라 밖에서는 안을 볼 수 없도록 하는 기능도 한다. 발은 가마의 문을 가리는 발에서부터 집의 문을 가리는 발까지 다양한 크기로 만들어졌다. 시누대는 음력 11~12월 사이에 채취하는데 3년생이 가장 좋은 것으로 알려져 있다. 2개월간 햇볕과 이슬 맞히기를 반복한 시누대로 발을 엮는데 보통 만 번 이상의 손이 가야할 만큼 발 제작에는 많은 시간과 정성이 필요하다.]]></content>
</item>	
</result>
