<?xml version="1.0" encoding="utf-8"?>







<result>	
<ccbaKdcd>17</ccbaKdcd>
<ccbaAsno>00690000</ccbaAsno>
<ccbaCtcd>37</ccbaCtcd>
<ccbaCpno>1273700690000</ccbaCpno>
<longitude>128.524463834898</longitude>
<latitude>36.5410893063388</latitude>
<item>	
		<ccmaName><![CDATA[국가무형문화재]]></ccmaName>
		<crltsnoNm>69</crltsnoNm>
		<ccbaMnm1><![CDATA[하회별신굿탈놀이]]></ccbaMnm1>
		<ccbaMnm2><![CDATA[河回別神굿탈놀이]]></ccbaMnm2>
		<gcodeName><![CDATA[무형문화재]]></gcodeName>
		<bcodeName><![CDATA[전통 공연·예술]]></bcodeName>
		<mcodeName><![CDATA[연희]]></mcodeName>
		<scodeName><![CDATA[]]></scodeName>
		<ccbaQuan><![CDATA[]]></ccbaQuan>
		<ccbaAsdt><![CDATA[19801117]]></ccbaAsdt>
		<ccbaCtcdNm><![CDATA[경상북도 ]]></ccbaCtcdNm>
		<ccsiName><![CDATA[안동시]]></ccsiName>
		<ccbaLcad>
			
	             
	                 
	                 
	                     <![CDATA[경상북도 안동시]]>
	                 
	             
	         
	         
		</ccbaLcad>
		<ccceName><![CDATA[]]></ccceName>
		<ccbaPoss>
                <![CDATA[]]>
        </ccbaPoss>
		<ccbaAdmin>
               <![CDATA[(사)국가무형문화재 하회별신굿탈놀이보존회]]>
		</ccbaAdmin>
		<ccbaCncl><![CDATA[N]]></ccbaCncl>
		<ccbaCndt><![CDATA[]]></ccbaCndt>
		<imageUrl>1624009.jpg</imageUrl>
		<content><![CDATA[별신굿이란 3년, 5년 혹은 10년마다 마을의 수호신인 성황(서낭)님에게 마을의 평화와 농사의 풍년을 기원하는 굿을 말한다. 경북 안동 하회마을에서는 약 500년 전부터 10년에 한번 섣달 보름날(12월 15일)이나 특별한 일이 있을 때 무진생(戊辰生) 성황님에게 별신굿을 해왔으며 굿과 더불어 성황님을 즐겁게 해드리기 위하여 탈놀이를 하였다.
 하회별신굿탈놀이는 각시의 무동마당·주지마당·백정마당·할미마당·파계승마당·양반과 선비마당·혼례마당·신방마당의 8마당으로 구성되어 있다. 놀이를 시작하기 전 대내림을 하는데, 정월 초이튿날 아침 성황당에 올라가 당방울이 달린 내림대를 잡고 성황신을 내리면 당방울을 성황대에 옮겨 달고 산에서 내려온다. 성황대와 내림대를 동사 처마에 기대어 세우면 비로소 놀이가 시작된다. 등장인물로는 주지승·각시·중·양반·선비·초랭이·이매·부네·백정·할미 등이 있다. 파계승에 대한 비웃음과 양반에 대한 신랄한 풍자·해학 등을 내용으로 하고 있다. 하회별신굿탈놀이는 제사의식적인 성격을 띠고 있다. 특히 각시탈은 성황신을 대신한다고 믿어 별신굿 외에는 볼 수 없고, 부득이 꺼내볼 때는 반드시 제사를 지내야 한다.  놀이에 사용되는 탈은 주지탈 등을 포함하여 모두 10종 11개로 오리나무로 만들었으며 옻칠과 안료를 두세겹 칠하여 색조의 강도를 높였는데, 원본은 1964년 하회탈 및 병산탈(국보 제121호)로 지정되었다. 탈놀이의 반주는  꽹과리가 중심이 되는 풍물꾼이 하며 즉흥적이고 일상적인 동작에 약간의 율동을 섞은 춤사위로 이루어진다. 
 하회별신굿탈놀이는 탈을 태우며 즐기는 뒷풀이가 없는 것이 특징이며, 우리나라 가면극의 발생과 기원을 밝히는데 귀중한 자료로서 가치를 지니고 있다.]]></content>
</item>	
</result>
