<?xml version="1.0" encoding="utf-8"?>







<result>	
<ccbaKdcd>17</ccbaKdcd>
<ccbaAsno>00820300</ccbaAsno>
<ccbaCtcd>35</ccbaCtcd>
<ccbaCpno>1273500820300</ccbaCpno>
<longitude>126.266090010453</longitude>
<latitude>35.5791010085254</latitude>
<item>	
		<ccmaName><![CDATA[국가무형문화재]]></ccmaName>
		<crltsnoNm>82-3</crltsnoNm>
		<ccbaMnm1><![CDATA[위도띠뱃놀이]]></ccbaMnm1>
		<ccbaMnm2><![CDATA[蝟島띠뱃놀이]]></ccbaMnm2>
		<gcodeName><![CDATA[무형문화재]]></gcodeName>
		<bcodeName><![CDATA[의례·의식]]></bcodeName>
		<mcodeName><![CDATA[민간신앙의례]]></mcodeName>
		<scodeName><![CDATA[]]></scodeName>
		<ccbaQuan><![CDATA[]]></ccbaQuan>
		<ccbaAsdt><![CDATA[19850201]]></ccbaAsdt>
		<ccbaCtcdNm><![CDATA[전라북도 ]]></ccbaCtcdNm>
		<ccsiName><![CDATA[부안군]]></ccsiName>
		<ccbaLcad>
			
	             
	                 
	                 
	                     <![CDATA[전라북도 부안군]]>
	                 
	             
	         
	         
		</ccbaLcad>
		<ccceName><![CDATA[]]></ccceName>
		<ccbaPoss>
                <![CDATA[]]>
        </ccbaPoss>
		<ccbaAdmin>
               <![CDATA[(사)국가무형문화재 위도띠뱃놀이보존회]]>
		</ccbaAdmin>
		<ccbaCncl><![CDATA[N]]></ccbaCncl>
		<ccbaCndt><![CDATA[]]></ccbaCndt>
		<imageUrl>1623782.jpg</imageUrl>
		<content><![CDATA[위도띠뱃놀이는 마을의 평안과 풍어를 기원하는 굿으로, 부안군 위도면 대리 마을에서 매년 1월초에 열린다. 띠뱃놀이는 바닷가에서 용왕굿을 할 때 띠배를 띄워 보내기 때문에 띠뱃놀이라 부르게 되었고, 소원을 빌기 위해 세운 집인 원당에서 굿을 하기 때문에 원당제라고도 한다. 
 띠배는 띠풀과  짚, 싸리나무 등을 함께 엮어 길이 3m, 폭 2m 정도의 크기로 만드는데 안에는 각종 제물과 함께 7개의 허수아비, 돗대, 닻을 만들어 달아 배형태를 갖춘다. 놀이는 수호신을 모신 원당에 올라가 제물을 차리고 굿을 한 후 마을로 내려와 마을의 산을 돌고 바닷가에서 용왕굿을 함으로써, 굿의 공간이 산과 마을, 바다로 이어진다. 굿은 집안 대대로 내려온 무당이 하며, 성주굿, 산신굿, 손님굿, 지신굿, 서낭굿 1(원당·본당서낭), 서낭굿 2(애기씨서낭), 서낭굿 3(장군서낭), 깃굿, 문지기굿으로 진행된다.
 뱃노래와 술, 춤이 함께 하는 마을의 향토축제로 고기를 많이 잡고 안전을 기원하는 어민들의 신앙심이 담겨져 있다.]]></content>
</item>	
</result>
