<?xml version="1.0" encoding="utf-8"?>







<result>	
<ccbaKdcd>17</ccbaKdcd>
<ccbaAsno>00510000</ccbaAsno>
<ccbaCtcd>36</ccbaCtcd>
<ccbaCpno>1273600510000</ccbaCpno>
<longitude>126.162464484629</longitude>
<latitude>34.4245652527766</latitude>
<item>	
		<ccmaName><![CDATA[국가무형문화재]]></ccmaName>
		<crltsnoNm>51</crltsnoNm>
		<ccbaMnm1><![CDATA[남도들노래]]></ccbaMnm1>
		<ccbaMnm2><![CDATA[南道들노래]]></ccbaMnm2>
		<gcodeName><![CDATA[무형문화재]]></gcodeName>
		<bcodeName><![CDATA[전통 공연·예술]]></bcodeName>
		<mcodeName><![CDATA[음악]]></mcodeName>
		<scodeName><![CDATA[]]></scodeName>
		<ccbaQuan><![CDATA[]]></ccbaQuan>
		<ccbaAsdt><![CDATA[19731105]]></ccbaAsdt>
		<ccbaCtcdNm><![CDATA[전라남도 ]]></ccbaCtcdNm>
		<ccsiName><![CDATA[진도군]]></ccsiName>
		<ccbaLcad>
			
	             
	                 
	                 
	                     <![CDATA[전라남도 진도군]]>
	                 
	             
	         
	         
		</ccbaLcad>
		<ccceName><![CDATA[]]></ccceName>
		<ccbaPoss>
                <![CDATA[]]>
        </ccbaPoss>
		<ccbaAdmin>
               <![CDATA[(사)국가무형문화재 남도들노래보존회]]>
		</ccbaAdmin>
		<ccbaCncl><![CDATA[N]]></ccbaCncl>
		<ccbaCndt><![CDATA[]]></ccbaCndt>
		<imageUrl>1623853.jpg</imageUrl>
		<content><![CDATA[남도들노래란 전라남도 진도지방의 농부들이 농사일을 할 때 부르는 노래를 가리키는데 크게 논일 노래와 밭일 노래로 이루어진다. 
 모판에서 모를 찔 때에는 모뜨는 소리를 부르고, 논에 모를 심을 때에는 못소리를 부르며 논에서 김을 맬 때에는 절로소리를 부른다. 김매기가 끝나고 농부들이 마을에 들어올 때에는 길꼬냉이를 부른다. 여흥으로 진도아리랑을 부르기도 한다. 농부들이 들일을 하며 노래를 부르는 것은 예로부터 어느 고장에서나 볼 수 있었으나 전라도 서남지역의 노래는 특히 그 종류가 많고 음악성도 뛰어나다. 또한 진도군의 논매는 소리는 전라남도의 다른 지방에 비해 단순한데, 이는 토질이 비옥하여 호미로 논을 맬 필요없이 손으로 매면 족하기 때문이다. 밭일 노래는 콩밭을 매며 부르는 콩밭노래, 목화밭 일을 하면서 부르는 미영밭노래가 있다.
 남도들노래는 향토색이 짙고 가락이 매우 흥겨운 노래이다.]]></content>
</item>	
</result>
