<?xml version="1.0" encoding="utf-8"?>







<result>	
<ccbaKdcd>17</ccbaKdcd>
<ccbaAsno>00870000</ccbaAsno>
<ccbaCtcd>37</ccbaCtcd>
<ccbaCpno>1273700870000</ccbaCpno>
<longitude>0</longitude>
<latitude>0</latitude>
<item>	
		<ccmaName><![CDATA[국가무형문화재]]></ccmaName>
		<crltsnoNm>87</crltsnoNm>
		<ccbaMnm1><![CDATA[명주짜기]]></ccbaMnm1>
		<ccbaMnm2><![CDATA[明紬짜기]]></ccbaMnm2>
		<gcodeName><![CDATA[무형문화재]]></gcodeName>
		<bcodeName><![CDATA[전통기술]]></bcodeName>
		<mcodeName><![CDATA[공예]]></mcodeName>
		<scodeName><![CDATA[]]></scodeName>
		<ccbaQuan><![CDATA[]]></ccbaQuan>
		<ccbaAsdt><![CDATA[19880401]]></ccbaAsdt>
		<ccbaCtcdNm><![CDATA[경상북도 ]]></ccbaCtcdNm>
		<ccsiName><![CDATA[경주시]]></ccsiName>
		<ccbaLcad>
			
	             
	                 
	                 
	                     <![CDATA[경상북도 경주시]]>
	                 
	             
	         
	         
		</ccbaLcad>
		<ccceName><![CDATA[]]></ccceName>
		<ccbaPoss>
                <![CDATA[]]>
        </ccbaPoss>
		<ccbaAdmin>
               <![CDATA[(사)국가무형문화재 두산손명주연구회]]>
		</ccbaAdmin>
		<ccbaCncl><![CDATA[N]]></ccbaCncl>
		<ccbaCndt><![CDATA[]]></ccbaCndt>
		<imageUrl>1624035.jpg</imageUrl>
		<content><![CDATA[명주는 누에고치에서 풀어낸 견사(絹紗)로 짠 무늬가 없는 평직 직물이다. 일반적으로 견사로 만든 견직물을 ‘비단’이라고 하지만 견사 종류와 세직 및 무늬에 따라 종류가 다양하다. 
 우리나라의 양잠은 그와 관련된 기록이 고조선 때부터 나타날 정도로 오랜 역사를 가지고 있다. 신라시대에는 정교한 직물을 당나라에 보내기도 하였을 정도로 섬세한 기술을 가지고 있었다. 고려시대에는 보다 질이 좋은 견직물이 생산되었고, 조선시대에는 종류가 다양해서 색과 품질로 이름이 붙게 되었다. 그 중 명주가 가장 많이 생산되어 일상적인 옷감재료로 사용되었다. 제직방법과 제직상태, 산지와 원료 등에 따라 각기 달리 불리다가 근래에 명주라는 이름으로 통칭하게 된 것이다.
 명주는 뽕나무를 재배하고 누에를 치는 일부터 시작된다. 명주실은 누에고치를 끓는 물에 넣고 실 끝을 풀어서 자새·왕챙이 등의 기구로 실켜기를 해 타래실을 만든 것이다. 이 명주실로 날실을 날고 베메기로 날실에 풀을 먹여 도투마리에 감아서 베틀에 올려 잉아실을 걸고 날실 끝을 말코에 매면 명주짜기 준비가 모두 끝난다. 직녀가 베틀 앉을깨에 앉아 부티를 허리에 걸고 베틀신을 신고 발을 앞뒤로 밀고 당기며 날실을 개구(開口)시켜 북속의 씨실꾸리에서 씨실을 넣고 바디로 치면 명주가 짜이게 된다. 
 예전에는 전국 각지의 가정에서 베틀로 명주를 짜 자급자족하였는데, 조선 후기이후 개량식 직기로 대량 제직함에 따라 재래식 명주짜기는 급격히 쇠퇴하게 되었다. 더구나 오늘날에는 화려한 견직물에 밀려 명주의 수요가 줄어들어 간신히 그 명맥만을 이어오고 있다.

※ 보유자 없는 보유단체로 지정 : 2017.4.13.(사단법인 국가무형문화재 두산손명주연구회)]]></content>
</item>	
</result>
