<?xml version="1.0" encoding="utf-8"?>







<result>	
<ccbaKdcd>17</ccbaKdcd>
<ccbaAsno>00110100</ccbaAsno>
<ccbaCtcd>38</ccbaCtcd>
<ccbaCpno>1273800110100</ccbaCpno>
<longitude>128.064365007232</longitude>
<latitude>34.9671118307502</latitude>
<item>	
		<ccmaName><![CDATA[국가무형문화재]]></ccmaName>
		<crltsnoNm>11-1</crltsnoNm>
		<ccbaMnm1><![CDATA[진주삼천포농악]]></ccbaMnm1>
		<ccbaMnm2><![CDATA[晋州三千浦農樂]]></ccbaMnm2>
		<gcodeName><![CDATA[무형문화재]]></gcodeName>
		<bcodeName><![CDATA[전통 공연·예술]]></bcodeName>
		<mcodeName><![CDATA[음악]]></mcodeName>
		<scodeName><![CDATA[]]></scodeName>
		<ccbaQuan><![CDATA[]]></ccbaQuan>
		<ccbaAsdt><![CDATA[19660629]]></ccbaAsdt>
		<ccbaCtcdNm><![CDATA[경상남도 ]]></ccbaCtcdNm>
		<ccsiName><![CDATA[사천시]]></ccsiName>
		<ccbaLcad>
			
	             
	                 
	                 
	                     <![CDATA[경상남도 사천시]]>
	                 
	             
	         
	         
		</ccbaLcad>
		<ccceName><![CDATA[]]></ccceName>
		<ccbaPoss>
                <![CDATA[]]>
        </ccbaPoss>
		<ccbaAdmin>
               <![CDATA[(사)국가무형문화재 진주삼천포농악보존회]]>
		</ccbaAdmin>
		<ccbaCncl><![CDATA[N]]></ccbaCncl>
		<ccbaCndt><![CDATA[]]></ccbaCndt>
		<imageUrl>1624088.jpg</imageUrl>
		<content><![CDATA[진주삼천포농악은 진주·삼천포 지역에 전래되고 있는 농악으로 영남농악에 속한다.
 진주삼천포농악에 쓰이는 악기에는 꽹과리, 징, 장구, 북, 법고가 있으며, 편성은 기수(旗手)와 쇠, 징, 북, 장구, 법고 그리고 양반과 포수로 되어 있다. 모두가 흰바지와 색깔있는 저고리의 농악복에 색띠를 두루고, 모자(상모)를 쓴 채 연주하는데 개인놀이가 비교적 발달하였다. 판굿에서는 채상모놀이가 돋보이며, 군사놀이인 팔진해식진(八陣解式陣)굿이 특이하다. 빠른 가락을 모는 경우가 많아 힘차고 가락이 다채로워 흥겹다.
 진주삼천포농악은 판굿의 전통을 이어받고 있어 예술적 가치가 높으며, 팔진법이라든가 버꾸놀이, 상쇠놀이, 무동놀이(사내아이들이 노래하고 춤추는 것) 등의 개인기가 뛰어나다.]]></content>
</item>	
</result>
