<?xml version="1.0" encoding="utf-8"?>







<result>	
<ccbaKdcd>17</ccbaKdcd>
<ccbaAsno>00110500</ccbaAsno>
<ccbaCtcd>35</ccbaCtcd>
<ccbaCpno>1273500110500</ccbaCpno>
<longitude>127.154786103156</longitude>
<latitude>35.5367172710959</latitude>
<item>	
		<ccmaName><![CDATA[국가무형문화재]]></ccmaName>
		<crltsnoNm>11-5</crltsnoNm>
		<ccbaMnm1><![CDATA[임실필봉농악]]></ccbaMnm1>
		<ccbaMnm2><![CDATA[任實筆峰農樂]]></ccbaMnm2>
		<gcodeName><![CDATA[무형문화재]]></gcodeName>
		<bcodeName><![CDATA[전통 공연·예술]]></bcodeName>
		<mcodeName><![CDATA[음악]]></mcodeName>
		<scodeName><![CDATA[]]></scodeName>
		<ccbaQuan><![CDATA[]]></ccbaQuan>
		<ccbaAsdt><![CDATA[19880801]]></ccbaAsdt>
		<ccbaCtcdNm><![CDATA[전라북도 ]]></ccbaCtcdNm>
		<ccsiName><![CDATA[임실군]]></ccsiName>
		<ccbaLcad>
			
	             
	                 
	                 
	                     <![CDATA[전라북도 임실군]]>
	                 
	             
	         
	         
		</ccbaLcad>
		<ccceName><![CDATA[]]></ccceName>
		<ccbaPoss>
                <![CDATA[]]>
        </ccbaPoss>
		<ccbaAdmin>
               <![CDATA[(사)국가무형문화재 임실필봉농악보존회]]>
		</ccbaAdmin>
		<ccbaCncl><![CDATA[N]]></ccbaCncl>
		<ccbaCndt><![CDATA[]]></ccbaCndt>
		<imageUrl>1623766.jpg</imageUrl>
		<content><![CDATA[임실 필봉농악은 필봉리에 전승되고 있는 농악으로 호남좌도농악에 속한다. 필봉마을에는 예로부터 당산굿·마당밟기 정도의 단순한 농악이 전승되어 왔는데, 오늘날과 같은 높은 수준이 된 것은 1920년경에 상쇠(패의 지도자 격으로 꽹과리를 가장 잘 치는 사람) 박학삼을 마을로 초빙하여 그의 농악을 배우면서부터라고 한다.
 필봉농악의 농악수들은 흰 바지저고리에 남색조끼를 입고 삼색띠를 두르는데, 쇠잡이(꽹과리나 징을 치는 사람)만 상모(털이나 줄이 달린 농악에서 쓰는 모자)를 쓰며 나머지는 고깔을 쓴다. 농기, 용기(그릇), 영기(깃발), 긴 쇠나발, 사물(꽹과리, 징, 북, 장구), 법고(불교의식 때 쓰는 작은 북), 잡색(대포수, 창부<남자광대>, 양반, 조리중<삼태기를 맨 중>, 쇠채만 든 농구, 각시, 화동과 무동<사내아이>)으로 편성된다.
 농악의 종류에는 섣달 그믐의 매굿, 정초의 마당밟기(풍물을 치며 집집마다 도는 것), 당산제굿(당산에서 마을을 위해 제사지낼 때 농악을 치며 노는 것), 보름굿과 징검다리에서 치는 노디굿, 걸궁굿, 문굿, 농사철의 두레굿, 기굿과 판굿이 있다. 이 중에서 판굿은 가장 예술성이 뛰어나다. 뒷굿에 편성되는 영산가락은 가진영산, 다드래기영산(상쇠가 부포시범을 보임), 미지기영산, 재넘기영산(상쇠가 쇠시범을 보임) 및 군영놀이영산(개인놀이와 비슷함)으로 매우 세분화되어 있고 느린 편이다. 
 임실 필봉농악은 쇠가락(농악의 대표격인 꽹과리 가락)의 맺고 끊음이 분명하여 가락이 힘차고 씩씩하며, 개개인의 기교보다 단체의 화합과 단결을 중시한다.]]></content>
</item>	
</result>
