<?xml version="1.0" encoding="utf-8"?>







<result>	
<ccbaKdcd>17</ccbaKdcd>
<ccbaAsno>01230000</ccbaAsno>
<ccbaCtcd>36</ccbaCtcd>
<ccbaCpno>1273601230000</ccbaCpno>
<longitude>0</longitude>
<latitude>0</latitude>
<item>	
		<ccmaName><![CDATA[국가무형문화재]]></ccmaName>
		<crltsnoNm>123</crltsnoNm>
		<ccbaMnm1><![CDATA[법성포단오제]]></ccbaMnm1>
		<ccbaMnm2><![CDATA[法聖浦端午祭]]></ccbaMnm2>
		<gcodeName><![CDATA[무형문화재]]></gcodeName>
		<bcodeName><![CDATA[전통 놀이·무예]]></bcodeName>
		<mcodeName><![CDATA[축제]]></mcodeName>
		<scodeName><![CDATA[]]></scodeName>
		<ccbaQuan><![CDATA[]]></ccbaQuan>
		<ccbaAsdt><![CDATA[20120723]]></ccbaAsdt>
		<ccbaCtcdNm><![CDATA[전라남도 ]]></ccbaCtcdNm>
		<ccsiName><![CDATA[영광군]]></ccsiName>
		<ccbaLcad>
			
	             
	                 
	                 
	                     <![CDATA[전라남도 영광군]]>
	                 
	             
	         
	         
		</ccbaLcad>
		<ccceName><![CDATA[]]></ccceName>
		<ccbaPoss>
                <![CDATA[]]>
        </ccbaPoss>
		<ccbaAdmin>
               <![CDATA[(사)국가무형문화재 법성포단오제 보존회]]>
		</ccbaAdmin>
		<ccbaCncl><![CDATA[N]]></ccbaCncl>
		<ccbaCndt><![CDATA[]]></ccbaCndt>
		<imageUrl>1623984.jpg</imageUrl>
		<content><![CDATA['법성포 단오제'는 전라남도 영광군 법성포 일대에서 단오 무렵 지역 주민에 의해 전승되어 온 전통적인 민속축제이다. 법성포에는 조선시대 한양으로 올라가는 세곡을 관리하는 조창(漕倉)이 있었으며, 조기 파시(波市)의 중심지였기에 오래전부터 상권(商圈)이 발달한 지역이었다. 이러한 사회·경제적인 배경을 바탕으로 파시가 형성되는 시기에 난장(亂場)이 크게 섰으며, 이 지역에서 자연스럽게 단오제가 발생하는 계기가 되었다.
특히, 뱃사람들의 안전을 기원하는 용왕제, 부녀자들이 중심으로 즐겼던 선유(船遊)놀이를 비롯해 '숲쟁이'(법성포 숲)에서 벌어지는 예인들의 경연행사는 법성포 단오제의 지역성과 전통성을 잘 간직하고 있는 것으로 평가 받았다. 또 과거의 전통을 기반으로 현재의 주민이 향유하고 있는 생활·문화적 가치를 주목했다는 점에서 큰 의미가 있다.]]></content>
</item>	
</result>
