<?xml version="1.0" encoding="utf-8"?>







<result>	
<ccbaKdcd>17</ccbaKdcd>
<ccbaAsno>01240000</ccbaAsno>
<ccbaCtcd>38</ccbaCtcd>
<ccbaCpno>1273801240000</ccbaCpno>
<longitude>0</longitude>
<latitude>0</latitude>
<item>	
		<ccmaName><![CDATA[국가무형문화재]]></ccmaName>
		<crltsnoNm>124</crltsnoNm>
		<ccbaMnm1><![CDATA[궁중채화]]></ccbaMnm1>
		<ccbaMnm2><![CDATA[宮中綵花]]></ccbaMnm2>
		<gcodeName><![CDATA[무형문화재]]></gcodeName>
		<bcodeName><![CDATA[전통기술]]></bcodeName>
		<mcodeName><![CDATA[공예]]></mcodeName>
		<scodeName><![CDATA[]]></scodeName>
		<ccbaQuan><![CDATA[]]></ccbaQuan>
		<ccbaAsdt><![CDATA[20130114]]></ccbaAsdt>
		<ccbaCtcdNm><![CDATA[경상남도 ]]></ccbaCtcdNm>
		<ccsiName><![CDATA[양산시]]></ccsiName>
		<ccbaLcad>
			
	         
	             <![CDATA[경상남도  양산시]]>
	         
		</ccbaLcad>
		<ccceName><![CDATA[]]></ccceName>
		<ccbaPoss>
                <![CDATA[]]>
        </ccbaPoss>
		<ccbaAdmin>
               <![CDATA[]]>
		</ccbaAdmin>
		<ccbaCncl><![CDATA[N]]></ccbaCncl>
		<ccbaCndt><![CDATA[]]></ccbaCndt>
		<imageUrl>1787953.jpg</imageUrl>
		<content><![CDATA[‘궁중채화’는 전문적인 장인이 궁중의 연희나 의례 목적에 맞게 비단, 모시 등으로 제작한 꽃으로  궁중에서 존중의 뜻을 표현하거나, 평화·장수·건강 등의 상징으로 꽃을 이용한 궁중 문화의 특징을 잘 보여주고 있다.]]></content>
</item>	
</result>
