<?xml version="1.0" encoding="utf-8"?>







<result>	
<ccbaKdcd>17</ccbaKdcd>
<ccbaAsno>01200000</ccbaAsno>
<ccbaCtcd>31</ccbaCtcd>
<ccbaCpno>1273101200000</ccbaCpno>
<longitude>0</longitude>
<latitude>0</latitude>
<item>	
		<ccmaName><![CDATA[국가무형문화재]]></ccmaName>
		<crltsnoNm>120</crltsnoNm>
		<ccbaMnm1><![CDATA[석장]]></ccbaMnm1>
		<ccbaMnm2><![CDATA[石匠]]></ccbaMnm2>
		<gcodeName><![CDATA[무형문화재]]></gcodeName>
		<bcodeName><![CDATA[전통기술]]></bcodeName>
		<mcodeName><![CDATA[공예]]></mcodeName>
		<scodeName><![CDATA[]]></scodeName>
		<ccbaQuan><![CDATA[]]></ccbaQuan>
		<ccbaAsdt><![CDATA[20070917]]></ccbaAsdt>
		<ccbaCtcdNm><![CDATA[경기도 ]]></ccbaCtcdNm>
		<ccsiName><![CDATA[]]></ccsiName>
		<ccbaLcad>
			
	             
	                 
	                 
	                     <![CDATA[경기도]]>
	                 
	             
	         
	         
		</ccbaLcad>
		<ccceName><![CDATA[]]></ccceName>
		<ccbaPoss>
                <![CDATA[]]>
        </ccbaPoss>
		<ccbaAdmin>
               <![CDATA[]]>
		</ccbaAdmin>
		<ccbaCncl><![CDATA[N]]></ccbaCncl>
		<ccbaCndt><![CDATA[]]></ccbaCndt>
		<imageUrl>1623626.jpg</imageUrl>
		<content><![CDATA[‘석장(石匠)’이란 석조물을 제작하는 장인으로, 주로 사찰이나 궁궐 등에 남아있는 불상, 석탑, 석교 등이 이들의 작품이라 할 수 있다. 삼국시대부터 오늘에 이르기까지 다양하고 다채로운 석조문화재가 전해지고 있어 우리나라의 석조물 제작 기술이 상당한 수준에 이르렀음을 알 수 있다. 
 석공예의 재료는 전국적으로 가장 많이 분포되어 있는 화강암을 비롯하여 납석과 청석, 대리석 등이 활용되고 있다. 
 전통적인 석장들은 망치, 정 등 수공구를 사용하여 돌이라는 단단한 물질에 생명력을 불어넣어 수준 높은 석조문화를 탄생시키고 발전시켜왔다.]]></content>
</item>	
</result>
