<?xml version="1.0" encoding="utf-8"?>







<result>	
<ccbaKdcd>17</ccbaKdcd>
<ccbaAsno>00020000</ccbaAsno>
<ccbaCtcd>31</ccbaCtcd>
<ccbaCpno>1273100020000</ccbaCpno>
<longitude>127.031581662508</longitude>
<latitude>37.7862232315967</latitude>
<item>	
		<ccmaName><![CDATA[국가무형문화재]]></ccmaName>
		<crltsnoNm>2</crltsnoNm>
		<ccbaMnm1><![CDATA[양주별산대놀이]]></ccbaMnm1>
		<ccbaMnm2><![CDATA[楊州別山臺놀이]]></ccbaMnm2>
		<gcodeName><![CDATA[무형문화재]]></gcodeName>
		<bcodeName><![CDATA[전통 공연·예술]]></bcodeName>
		<mcodeName><![CDATA[연희]]></mcodeName>
		<scodeName><![CDATA[]]></scodeName>
		<ccbaQuan><![CDATA[]]></ccbaQuan>
		<ccbaAsdt><![CDATA[19641207]]></ccbaAsdt>
		<ccbaCtcdNm><![CDATA[경기도 ]]></ccbaCtcdNm>
		<ccsiName><![CDATA[양주시]]></ccsiName>
		<ccbaLcad>
			
	             
	                 
	                 
	                     <![CDATA[경기도 양주시]]>
	                 
	             
	         
	         
		</ccbaLcad>
		<ccceName><![CDATA[]]></ccceName>
		<ccbaPoss>
                <![CDATA[]]>
        </ccbaPoss>
		<ccbaAdmin>
               <![CDATA[(사)국가무형문화재 제2호 양주별산대놀이보존회]]>
		</ccbaAdmin>
		<ccbaCncl><![CDATA[N]]></ccbaCncl>
		<ccbaCndt><![CDATA[]]></ccbaCndt>
		<imageUrl>1623538.jpg</imageUrl>
		<content><![CDATA[양주별산대놀이는 경기도 양주군 주내면 유양리 지역에서 전승되는 산대놀이 계통의 탈놀이다. 고려~조선 후기까지 전승되던 산대잡희(山臺雜戱)가 민간화되어 예인집단을 중심으로 서울에 본산대가 형성되었고, 양주에 전승된 것이다. 
이 놀이는 중부지방의 탈춤을 대표하는 놀이로서 해서지역 탈춤과 함께 한국 가면극 중 연극적인 볼거리가 풍부한 가면극이다. 이 놀이는 제1과장 상좌 춤, 제2과장 옴중과 상좌, 제3과장 목중과 옴중, 제4과장 연잎과 눈끔적이, 제5과장 팔목중놀이, 제6과장 노장, 제7과장 샌님, 제8과장 신할아비와 미얄할미 등 전체 8개 과장으로 구성되어 있다. 놀이에는 파계승, 몰락한 양반, 무당, 사당 등이 등장하여 춤과 무언극, 덕담과 익살로 현실을 풍자하는 내용을 담고 있다. 사월초파일, 단오, 추석 등에 연행되었다.]]></content>
</item>	
</result>
