<?xml version="1.0" encoding="utf-8"?>







<result>	
<ccbaKdcd>17</ccbaKdcd>
<ccbaAsno>00110700</ccbaAsno>
<ccbaCtcd>37</ccbaCtcd>
<ccbaCpno>1273700110700</ccbaCpno>
<longitude>0</longitude>
<latitude>0</latitude>
<item>	
		<ccmaName><![CDATA[국가무형문화재]]></ccmaName>
		<crltsnoNm>11-7</crltsnoNm>
		<ccbaMnm1><![CDATA[김천금릉빗내농악]]></ccbaMnm1>
		<ccbaMnm2><![CDATA[]]></ccbaMnm2>
		<gcodeName><![CDATA[무형문화재]]></gcodeName>
		<bcodeName><![CDATA[전통 공연·예술]]></bcodeName>
		<mcodeName><![CDATA[음악]]></mcodeName>
		<scodeName><![CDATA[]]></scodeName>
		<ccbaQuan><![CDATA[]]></ccbaQuan>
		<ccbaAsdt><![CDATA[20190902]]></ccbaAsdt>
		<ccbaCtcdNm><![CDATA[경상북도 ]]></ccbaCtcdNm>
		<ccsiName><![CDATA[김천시]]></ccsiName>
		<ccbaLcad>
			
	             
	                 
	                 
	                     <![CDATA[경상북도 김천시]]>
	                 
	             
	         
	         
		</ccbaLcad>
		<ccceName><![CDATA[]]></ccceName>
		<ccbaPoss>
                <![CDATA[]]>
        </ccbaPoss>
		<ccbaAdmin>
               <![CDATA[김천금릉빗내농악보존회]]>
		</ccbaAdmin>
		<ccbaCncl><![CDATA[N]]></ccbaCncl>
		<ccbaCndt><![CDATA[]]></ccbaCndt>
		<imageUrl>2019090314020800.JPG</imageUrl>
		<content><![CDATA[국가무형문화재 제11-7호 ‘김천금릉빗내농악’은 경상북도 김천시 개령면 광천리 빗내마을에서 전승되는 농악으로 경상북도 내륙지역 농악의 성격과 특징을 지니고 있다. 특히 김천금릉빗내농악은 양손으로 치는 대(大)북놀음이 웅장하고, 판굿(영풍굿, 영산다드래기)에서 드러나는 군사진(軍事陣) 굿이 두드러진다.]]></content>
</item>	
</result>
