<?xml version="1.0" encoding="utf-8"?>







<result>	
<ccbaKdcd>17</ccbaKdcd>
<ccbaAsno>00910000</ccbaAsno>
<ccbaCtcd>36</ccbaCtcd>
<ccbaCpno>1273600910000</ccbaCpno>
<longitude>0</longitude>
<latitude>0</latitude>
<item>	
		<ccmaName><![CDATA[국가무형문화재]]></ccmaName>
		<crltsnoNm>91</crltsnoNm>
		<ccbaMnm1><![CDATA[제와장]]></ccbaMnm1>
		<ccbaMnm2><![CDATA[製瓦匠]]></ccbaMnm2>
		<gcodeName><![CDATA[무형문화재]]></gcodeName>
		<bcodeName><![CDATA[전통기술]]></bcodeName>
		<mcodeName><![CDATA[건축]]></mcodeName>
		<scodeName><![CDATA[]]></scodeName>
		<ccbaQuan><![CDATA[]]></ccbaQuan>
		<ccbaAsdt><![CDATA[19880801]]></ccbaAsdt>
		<ccbaCtcdNm><![CDATA[전라남도 ]]></ccbaCtcdNm>
		<ccsiName><![CDATA[장흥군]]></ccsiName>
		<ccbaLcad>
			
	             
	                 
	                 
	                     <![CDATA[전라남도 장흥군]]>
	                 
	             
	         
	         
		</ccbaLcad>
		<ccceName><![CDATA[]]></ccceName>
		<ccbaPoss>
                <![CDATA[]]>
        </ccbaPoss>
		<ccbaAdmin>
               <![CDATA[]]>
		</ccbaAdmin>
		<ccbaCncl><![CDATA[N]]></ccbaCncl>
		<ccbaCndt><![CDATA[]]></ccbaCndt>
		<imageUrl>1623926.jpg</imageUrl>
		<content><![CDATA[제와장이란 기와를 전문으로 만드는 사람을 말한다. 기와는 건축물의 지붕에 빗물이나 습기가 새어들지 못하게 덮어 씌워 침수를 막고 흘러내리게 하여 지붕 밑에 있는 목재의 부식을 방지함과 동시에 건물의 경관과 치장을 돋보이게 하는 것이다. 한때 장식적인 효과와 더불어 권위와 부의 상징이기도 하였다. 
 우리나라 기와의 역사는 기원전 2∼1세기경 중국 한(漢)대에 대동강 유역으로 먼저 들어와 차츰 전 지역에 퍼져 지금에 이르렀다. 기와는 암키와와 수키와가 있으며, 부속장식 기와로는 암막새와 수막새, 귀면기와, 치미(치尾), 용두(龍頭), 망와(望瓦) 등이 다채롭게 개발되었다. 
 기와를 만드는 공정은 찰진 진흙으로 된 점토를 물과 반죽하여 나무로 만든 모골(模骨)이란 틀에 넣는다. 모골의 외부에 마포나 무명천을 깔고 반죽한 진흙을 다져 점토판 위에다 씌워 방망이 같은 판으로 두들겨 약간의 기간동안 건조한다. 그런 다음 와도(瓦刀)로 2등분하거나 또는 3, 4등분하여 자른 다음 기와가마에다 차곡차곡 쌓아 1000℃ 이상의 높은 온도로 구워낸다. 검은색이나 은회색이 되면 제대로 구워진 것이다. 
 우리나라는 각 지방마다 특색있는 기와를 만들었으나 콘크리트, 슬라브집이 생기면서 차츰 그 수요가 줄어 현재에는 경상도 울산과 전라도 장흥지방에서만 제작되고 있다.]]></content>
</item>	
</result>
