<?xml version="1.0" encoding="utf-8"?>







<result>	
<ccbaKdcd>17</ccbaKdcd>
<ccbaAsno>01150000</ccbaAsno>
<ccbaCtcd>36</ccbaCtcd>
<ccbaCpno>1273601150000</ccbaCpno>
<longitude>126.634122547912</longitude>
<latitude>34.9973772545523</latitude>
<item>	
		<ccmaName><![CDATA[국가무형문화재]]></ccmaName>
		<crltsnoNm>115</crltsnoNm>
		<ccbaMnm1><![CDATA[염색장]]></ccbaMnm1>
		<ccbaMnm2><![CDATA[染色匠]]></ccbaMnm2>
		<gcodeName><![CDATA[무형문화재]]></gcodeName>
		<bcodeName><![CDATA[전통기술]]></bcodeName>
		<mcodeName><![CDATA[공예]]></mcodeName>
		<scodeName><![CDATA[]]></scodeName>
		<ccbaQuan><![CDATA[]]></ccbaQuan>
		<ccbaAsdt><![CDATA[20010906]]></ccbaAsdt>
		<ccbaCtcdNm><![CDATA[전라남도 ]]></ccbaCtcdNm>
		<ccsiName><![CDATA[나주시]]></ccsiName>
		<ccbaLcad>
			
	             
	                 
	                 
	                     <![CDATA[전라남도 나주시]]>
	                 
	             
	         
	         
		</ccbaLcad>
		<ccceName><![CDATA[]]></ccceName>
		<ccbaPoss>
                <![CDATA[]]>
        </ccbaPoss>
		<ccbaAdmin>
               <![CDATA[]]>
		</ccbaAdmin>
		<ccbaCncl><![CDATA[N]]></ccbaCncl>
		<ccbaCndt><![CDATA[]]></ccbaCndt>
		<imageUrl>1623974.jpg</imageUrl>
		<content><![CDATA[염색장이란 천연염료로 옷감을 물들이는 장인을 말한다. 조선시대 궁중에서는 염색을 담당하는 전문적인 장인이 있었을 정도로 염색은 전문적인 기술이 필요하다. 
 옷감을 물들이는데 사용하는 천연염료는 식물, 광물, 동물 등에서 채취한 원료를 그대로 사용하거나 약간의 가공을 통해 만든 염료를 사용한다. 염색에는 여러 종류가 있는데, 그 중 쪽염색은 쪽이라는 식물에서 추출한 염료를 가지고 옷감 등을 물들이는 것으로 염색과정이 가장 어렵고 까다로우며 고도의 기술이 필요하다.  
 나주지역의 쪽염색 작업과정을 살펴보면 팔월 초순경 60~70㎝정도 자란 쪽을 베어 항아리에 넣고 삭힌다. 이틀 뒤 쪽물에 굴껍질을 구워 만든 석회를 넣으면 색소 앙금이 가라앉으면서 침전쪽이 생긴다. 침전쪽에 잿물을 넣고 다시 7~10일 동안 발효시키면 색소와 석회가 분리되면서 거품이 생기는데, 이 과정을 '꽃물 만들기'라고 하고  이것을 염료 물감으로 사용한다.
 천연 염색은 근대화 이후 급속한 화학염색의 도입으로 인하여 전통이 끊겼으나 1970년대 이후 일부 장인들이 노력으로 그 맥을 살릴 수 있었다.]]></content>
</item>	
</result>
