<?xml version="1.0" encoding="utf-8"?>







<result>	
<ccbaKdcd>17</ccbaKdcd>
<ccbaAsno>01050000</ccbaAsno>
<ccbaCtcd>37</ccbaCtcd>
<ccbaCpno>1273701050000</ccbaCpno>
<longitude>0</longitude>
<latitude>0</latitude>
<item>	
		<ccmaName><![CDATA[국가무형문화재]]></ccmaName>
		<crltsnoNm>105</crltsnoNm>
		<ccbaMnm1><![CDATA[사기장]]></ccbaMnm1>
		<ccbaMnm2><![CDATA[沙器匠]]></ccbaMnm2>
		<gcodeName><![CDATA[무형문화재]]></gcodeName>
		<bcodeName><![CDATA[전통기술]]></bcodeName>
		<mcodeName><![CDATA[공예]]></mcodeName>
		<scodeName><![CDATA[]]></scodeName>
		<ccbaQuan><![CDATA[]]></ccbaQuan>
		<ccbaAsdt><![CDATA[19960701]]></ccbaAsdt>
		<ccbaCtcdNm><![CDATA[경상북도 ]]></ccbaCtcdNm>
		<ccsiName><![CDATA[문경시]]></ccsiName>
		<ccbaLcad>
			
	             
	                 
	                 
	                     <![CDATA[경상북도 문경시]]>
	                 
	             
	         
	         
		</ccbaLcad>
		<ccceName><![CDATA[]]></ccceName>
		<ccbaPoss>
                <![CDATA[]]>
        </ccbaPoss>
		<ccbaAdmin>
               <![CDATA[]]>
		</ccbaAdmin>
		<ccbaCncl><![CDATA[N]]></ccbaCncl>
		<ccbaCndt><![CDATA[]]></ccbaCndt>
		<imageUrl>1624048.jpg</imageUrl>
		<content><![CDATA[도자기는 흙으로 빚은 그릇을 구워내는 방법에 따라 도기(陶器), 자기(瓷器)로 나누어 지는데, 백토 등이 혼합되어 높은 온도에서 구워낸 그릇을 사기(자기)라 한다. 사기장이란 사옹원(司饔院)에서 사기를 제작한던 장인을 일컫는 말이다.
 우리나라 도자기는 고려시대부터 천하제일의 비색청자로서 그 명성을 떨쳤다. 조선시대에는  국가기관인 사옹원(司甕院)에서 자기를 제작하였는데, 경기도에 분원을 설치하여 왕실에서 사용하는 자기를 특별히 제작하였다. 조선 후기 관요(정부 관리하에 도자기를 만드는 곳)가 폐쇄되면서 도공들이 문경, 괴산, 단양 등 지방으로 흩어져 민요(민간에서 도자기를 만드는 곳)가 번창하였다. 
 사기의 제작과정은 사토를 채굴하는 것부터 구워내는 작업까지이다. 우선 모래흙(사토)을 구한 후 물에 넣어 이물질을 제거하는 수비과정을 거친다. 이 과정이 끝나면 순수 흙으로 그릇의 형태를 만드는 물레작업을 한다. 만들어진 그릇을 가마에 넣고 초벌구이와 유약을 바른 뒤 다시 재벌구이를 해서 구워낸다. 전통적인 나무로 만든 발물레를 시계방향으로 회전시키는데, 이러한 물레 돌리는 방법이 한국 도자기 장인들의 기술이다.
 사기장은 서민적이면서 활달한 조선분청사기와 단아한 선비의 향을 담고 있는 조선백자와 같이 한국적 정감과 멋을 나타내는 전통공예기술로서 가치가 매우 높다.]]></content>
</item>	
</result>
