<?xml version="1.0" encoding="utf-8"?>







<result>	
<ccbaKdcd>17</ccbaKdcd>
<ccbaAsno>00580000</ccbaAsno>
<ccbaCtcd>31</ccbaCtcd>
<ccbaCpno>1273100580000</ccbaCpno>
<longitude>0</longitude>
<latitude>0</latitude>
<item>	
		<ccmaName><![CDATA[국가무형문화재]]></ccmaName>
		<crltsnoNm>58</crltsnoNm>
		<ccbaMnm1><![CDATA[줄타기]]></ccbaMnm1>
		<ccbaMnm2><![CDATA[]]></ccbaMnm2>
		<gcodeName><![CDATA[무형문화재]]></gcodeName>
		<bcodeName><![CDATA[전통 놀이·무예]]></bcodeName>
		<mcodeName><![CDATA[기예]]></mcodeName>
		<scodeName><![CDATA[]]></scodeName>
		<ccbaQuan><![CDATA[]]></ccbaQuan>
		<ccbaAsdt><![CDATA[19760630]]></ccbaAsdt>
		<ccbaCtcdNm><![CDATA[경기도 ]]></ccbaCtcdNm>
		<ccsiName><![CDATA[과천시]]></ccsiName>
		<ccbaLcad>
			
	             
	                 
	                 
	                     <![CDATA[경기도 과천시]]>
	                 
	             
	         
	         
		</ccbaLcad>
		<ccceName><![CDATA[]]></ccceName>
		<ccbaPoss>
                <![CDATA[]]>
        </ccbaPoss>
		<ccbaAdmin>
               <![CDATA[]]>
		</ccbaAdmin>
		<ccbaCncl><![CDATA[N]]></ccbaCncl>
		<ccbaCndt><![CDATA[]]></ccbaCndt>
		<imageUrl>1623578.jpg</imageUrl>
		<content><![CDATA[줄타기는 공중에 맨 줄 위에서 재미있는 이야기와 발림을 섞어가며 여러 가지 재주를 보여주는 놀이이다. 줄 위를 마치 얼음지치듯 미끌어지며 나가는 재주라 하여 '어름' 또는 '줄얼음타기'라고도 한다. 주로 음력 4월 15일이나 단오날, 추석 등 명절날에 연희되었으며, 개인의 초청에 응해서 돈을 받고 놀아 주는 경우도 있었다. 줄타기 놀이의 유래는 서역에서 비롯되었다는 설과 중국 한나라 때 발생했다는 설이 있으나 우리나라에는 정확한 기록이 없다. 줄타기는 조선시대에 두 계통으로 나뉘어 발달했다. 하나는 주로 양반층을 위해 공연되었던 광대줄타기로 순수하게 줄타기로만 구성되어 기술의 종류나 솜씨에서 뛰어났다. 다른 하나는 남사당패의 어름줄타기로 서민들을 위해 공연되었던 만큼 재담이나 오락성이 뛰어났다.
 줄타기는 줄광대와 어릿광대, 삼현육각잡이로 편성된다. 줄광대는 주로 줄 위에서 놀고 어릿광대는 땅 위에 서서 재담을 하며 삼현육각잡이는 줄 밑 한편에 한 줄로 늘어앉는다. 줄의 높이는 일정하지 않으나 대략 3m이고, 길이는 10m정도이다. 줄타기는 주로 훈련이 잘 된 남자가 했지만 때로는 여자가 타는 수도 있었다. 줄 위에 올라갈 때는 손에 부채나 수건을 들었는데 동작이 멋있어 보이기 위한 것도 있지만, 몸의 균형을 잡기 위해 사용되었다. 줄을 탈 때에는 아래에 있는 잽이들이 장구, 피리, 해금 등으로 흥을 돋우어 광대들의 동작을 율동적이고 날렵하게 만들었다. 줄타기의 기교는 사람에 따라 다르지만 보통 10여 가지로, 줄 위에서 걷는 것이 가장 기본적인 동작이며 뒤로 걸어가기, 줄 위에서 한 발로 뛰기, 걸터앉고 드러눕기도 하며 때로는 재주를 넘고 떨어지는 척 해서 구경꾼들을 놀라게 한다. 줄타기를 할 때에는 단순히 줄만 타지 않고, 노래를 부르거나 파계승과 타락한 양반을 풍자한 이야기로 익살을 떨고, 바보짓이나 곱추짓, 여자의 화장하는 모습들을 흉내내 구경꾼들을 즐겁게 했다. 
우리나라의 줄타기는 외국의 줄타기와 달리 줄만 타는 몸기술에 머무르지 않고, 노래와 재담을 곁들여 줄타는 사람과 구경꾼이 함께 어우러진 놀이판을 이끄는데 그 의의가 있다.]]></content>
</item>	
</result>
