<?xml version="1.0" encoding="utf-8"?>







<result>	
<ccbaKdcd>17</ccbaKdcd>
<ccbaAsno>01000000</ccbaAsno>
<ccbaCtcd>36</ccbaCtcd>
<ccbaCpno>1273601000000</ccbaCpno>
<longitude>126.415725235691</longitude>
<latitude>34.7925113280328</latitude>
<item>	
		<ccmaName><![CDATA[국가무형문화재]]></ccmaName>
		<crltsnoNm>100</crltsnoNm>
		<ccbaMnm1><![CDATA[옥장]]></ccbaMnm1>
		<ccbaMnm2><![CDATA[玉匠]]></ccbaMnm2>
		<gcodeName><![CDATA[무형문화재]]></gcodeName>
		<bcodeName><![CDATA[전통기술]]></bcodeName>
		<mcodeName><![CDATA[공예]]></mcodeName>
		<scodeName><![CDATA[]]></scodeName>
		<ccbaQuan><![CDATA[]]></ccbaQuan>
		<ccbaAsdt><![CDATA[19960201]]></ccbaAsdt>
		<ccbaCtcdNm><![CDATA[전라남도 ]]></ccbaCtcdNm>
		<ccsiName><![CDATA[목포시]]></ccsiName>
		<ccbaLcad>
			
	             
	                 
	                 
	                     <![CDATA[전라남도 목포시]]>
	                 
	             
	         
	         
		</ccbaLcad>
		<ccceName><![CDATA[]]></ccceName>
		<ccbaPoss>
                <![CDATA[]]>
        </ccbaPoss>
		<ccbaAdmin>
               <![CDATA[]]>
		</ccbaAdmin>
		<ccbaCncl><![CDATA[N]]></ccbaCncl>
		<ccbaCndt><![CDATA[]]></ccbaCndt>
		<imageUrl>1623963.jpg</imageUrl>
		<content><![CDATA[옥은 동양문화권에서 발달된 보석류로서 금·은과 함께 쓰여진 대표적인 보석이며, 음양오행의 다섯 가지 덕인 인(仁)·의(義)·지(智)·용(勇)·각(角)을 상징하는 장신구로 사용되었다. 또한 방위신에 예(禮)를 베푸는 예기(禮器)를 비롯하여 사회계급의 신분을 구분하는 드리개와 악기인 옥경(玉磬), 약재 및 의료용구 등 여러 가지로 사용되었다.
 청동기 유적에서 발견되고 있는 옥석공예품과 삼국시대의 여러 고분에서 출토된 곱은옥, 구슬옥, 대롱옥 및 신라의 세 가지 보물 가운데 하나였던 진평왕의 옥허리띠를 통해 옥이 상류층의 중요한 장신구였음을 알 수 있다. 옥공예품은 중국을 비롯하여 조선시대까지만 하더라도 왕족계열과 특수계층에 한하여 지닐 수 있었다. 옥공예품은 재료의 확보도 어렵고 귀한 공예품이라는 점에서 옥공예를 다루는 공인의 수를 국가에서 제한하여 그 수가 극히 적었다. 옥공예의 가공에 있어서도 동공예 제조기술과는 판이하게 달라 정으로 쪼아 다듬어 만드는 것이 아니라 일일이 갈아 만든다. 채석 - 디자인 - 절단 - 성형 - 세부조각 - 광택의 과정을 거쳐 작품이 완성되는데 쇠톱, 활빙개(활비비), 갈이틀, 물레 등 여러가지 연장이 사용된다.
 옥장은 전통공예기술의 장인으로 고가의 원석을 다루기 때문에 정확한 예측이 필수적이며 정교한 조각기능 뿐 아니라 고도의 예술성이 요구된다.]]></content>
</item>	
</result>
