<?xml version="1.0" encoding="utf-8"?>







<result>	
<ccbaKdcd>17</ccbaKdcd>
<ccbaAsno>01100000</ccbaAsno>
<ccbaCtcd>35</ccbaCtcd>
<ccbaCpno>1273501100000</ccbaCpno>
<longitude>126.759262036382</longitude>
<latitude>35.5254914860037</latitude>
<item>	
		<ccmaName><![CDATA[국가무형문화재]]></ccmaName>
		<crltsnoNm>110</crltsnoNm>
		<ccbaMnm1><![CDATA[윤도장]]></ccbaMnm1>
		<ccbaMnm2><![CDATA[輪圖匠]]></ccbaMnm2>
		<gcodeName><![CDATA[무형문화재]]></gcodeName>
		<bcodeName><![CDATA[전통기술]]></bcodeName>
		<mcodeName><![CDATA[공예]]></mcodeName>
		<scodeName><![CDATA[]]></scodeName>
		<ccbaQuan><![CDATA[]]></ccbaQuan>
		<ccbaAsdt><![CDATA[19961231]]></ccbaAsdt>
		<ccbaCtcdNm><![CDATA[전라북도 ]]></ccbaCtcdNm>
		<ccsiName><![CDATA[고창군]]></ccsiName>
		<ccbaLcad>
			
	             
	                 
	                 
	                     <![CDATA[전라북도 고창군]]>
	                 
	             
	         
	         
		</ccbaLcad>
		<ccceName><![CDATA[]]></ccceName>
		<ccbaPoss>
                <![CDATA[]]>
        </ccbaPoss>
		<ccbaAdmin>
               <![CDATA[]]>
		</ccbaAdmin>
		<ccbaCncl><![CDATA[N]]></ccbaCncl>
		<ccbaCndt><![CDATA[]]></ccbaCndt>
		<imageUrl>1623795.jpg</imageUrl>
		<content><![CDATA[윤도장(輪圖匠)은 24방위를 원으로 그려 넣은 풍수 지남침(指南針)을 제작하는 장인이다. 윤도는 남북방향을 가리키는 자석바늘을 이용하여 지관이 풍수(집터 또는 묘자리를 정함)를 알아볼 때나 천문과 여행분야에서 사용되는 필수도구이다. 명칭의 유래는 알 수 없으나 조선시대 문헌에 처음 나오고, 일명 나침반, 지남철, 지남반, 패철이라고도 한다.
 지남침의 원리는 중국에서 이미 한대(漢代)에 실용화되어 점을 치는데 사용되었다. 우리나라에서는 풍수지남침이 신라 후기부터 발달하였고, 고려 전기에는 풍수음양지리와 연결되어 땅의 형세를 보는 풍수가나 지관들에게 가장 중요한 기구로 사용되었다. 조선시대부터는 풍수가의 전용물에서 벗어나 여행자들도 사용하였으며, 특히 천문학자들에게는 휴대용 해시계에 정확한 남북을 가리키는 자오선을 정하는데 필수적이었다.
 윤도는 중심의 지남침을 둘러싸고 24방위를 기본으로 하는 방위명들로 구성되어 있다. 거기에는 음양·오행·팔괘·십간·십이지가 들어 있다. 방위명 자체는 팔괘·십간·십이지가 조합되어 이루어져 있다.]]></content>
</item>	
</result>
