<?xml version="1.0" encoding="utf-8"?>







<result>	
<ccbaKdcd>17</ccbaKdcd>
<ccbaAsno>00820400</ccbaAsno>
<ccbaCtcd>38</ccbaCtcd>
<ccbaCpno>1273800820400</ccbaCpno>
<longitude>128.442287438969</longitude>
<latitude>34.8443297780365</latitude>
<item>	
		<ccmaName><![CDATA[국가무형문화재]]></ccmaName>
		<crltsnoNm>82-4</crltsnoNm>
		<ccbaMnm1><![CDATA[남해안별신굿]]></ccbaMnm1>
		<ccbaMnm2><![CDATA[南海岸別神굿]]></ccbaMnm2>
		<gcodeName><![CDATA[무형문화재]]></gcodeName>
		<bcodeName><![CDATA[의례·의식]]></bcodeName>
		<mcodeName><![CDATA[민간신앙의례]]></mcodeName>
		<scodeName><![CDATA[]]></scodeName>
		<ccbaQuan><![CDATA[]]></ccbaQuan>
		<ccbaAsdt><![CDATA[19870701]]></ccbaAsdt>
		<ccbaCtcdNm><![CDATA[경상남도 ]]></ccbaCtcdNm>
		<ccsiName><![CDATA[통영시]]></ccsiName>
		<ccbaLcad>
			
	             
	                 
	                 
	                     <![CDATA[경상남도 통영시]]>
	                 
	             
	         
	         
		</ccbaLcad>
		<ccceName><![CDATA[]]></ccceName>
		<ccbaPoss>
                <![CDATA[]]>
        </ccbaPoss>
		<ccbaAdmin>
               <![CDATA[(사)국가무형문화재 남해안별신굿보존회]]>
		</ccbaAdmin>
		<ccbaCncl><![CDATA[N]]></ccbaCncl>
		<ccbaCndt><![CDATA[]]></ccbaCndt>
		<imageUrl>1624168.jpg</imageUrl>
		<content><![CDATA[남해안별신굿은 경상남도 거제도를 중심으로 통영시 일대의 어촌과 한산도, 사량도, 욕지도, 갈도, 죽도 등지에서 벌어지는 공동제의다. 남해안별신굿은 무당의 노래가 뛰어나고 반주악기에 북이 첨가되는 것이 특징이다. 동해안별신굿과 달리 진행과정에서 무당이 악사와 주고받는 재담이 극히 드물고 사설이 없으며 굿이 진지하다. 굿 중간에 북을 치는 고수와 이를 지켜보는 마을사람들이 함께 놀이마당을 이루기도 한다. 굿은 틀맞이, 당산굿, 일월맞이굿, 용왕굿, 부정굿, 가망굿, 제석굿, 서낭굿, 댓굿, 손굿, 염불굿, 군웅굿, 거리굿으로 진행된다. 춤은 비교적 단조롭고 소박하며 혼자 추는 독무가 많다. 굿의 시작에는 청신악, 끝부분에서는 송신악을 하는데 이때에는 대금으로만 연주한다. 마을의 평안과 장수를 기원하며 어민들이 고기를 많이 잡을 수 있기를 비는 굿으로 2년에 한번씩 열린다. 오락성이 적고 이야기는 많지 않으나, 오랜 전통으로 규모가 크며 관중에게 주는 신앙의 신뢰성이 뛰어나다.]]></content>
</item>	
</result>
