<?xml version="1.0" encoding="utf-8"?>







<result>	
<ccbaKdcd>17</ccbaKdcd>
<ccbaAsno>00280000</ccbaAsno>
<ccbaCtcd>36</ccbaCtcd>
<ccbaCpno>1273600280000</ccbaCpno>
<longitude>0</longitude>
<latitude>0</latitude>
<item>	
		<ccmaName><![CDATA[국가무형문화재]]></ccmaName>
		<crltsnoNm>28</crltsnoNm>
		<ccbaMnm1><![CDATA[나주의 샛골나이]]></ccbaMnm1>
		<ccbaMnm2><![CDATA[羅州의 샛골나이]]></ccbaMnm2>
		<gcodeName><![CDATA[무형문화재]]></gcodeName>
		<bcodeName><![CDATA[전통기술]]></bcodeName>
		<mcodeName><![CDATA[공예]]></mcodeName>
		<scodeName><![CDATA[]]></scodeName>
		<ccbaQuan><![CDATA[]]></ccbaQuan>
		<ccbaAsdt><![CDATA[19690704]]></ccbaAsdt>
		<ccbaCtcdNm><![CDATA[전라남도 ]]></ccbaCtcdNm>
		<ccsiName><![CDATA[나주시]]></ccsiName>
		<ccbaLcad>
			
	             
	                 
	                 
	                     <![CDATA[전라남도 나주시]]>
	                 
	             
	         
	         
		</ccbaLcad>
		<ccceName><![CDATA[]]></ccceName>
		<ccbaPoss>
                <![CDATA[]]>
        </ccbaPoss>
		<ccbaAdmin>
               <![CDATA[]]>
		</ccbaAdmin>
		<ccbaCncl><![CDATA[N]]></ccbaCncl>
		<ccbaCndt><![CDATA[]]></ccbaCndt>
		<imageUrl>1623821.jpg</imageUrl>
		<content><![CDATA[나주의 샛골나이는 전남 나주 샛골의 무명짜는 직녀 또는 무명짜는 일에 대한 통칭이다. 목화를 원료로 만든 무명은 조선 초기부터 화폐의 구실을 하거나 일본과의 중요한 교역품 중에 하나였다. 
무명의 제작과정은 재배와 수확, 씨앗기와 솜타기, 고치말기, 실잣기, 무명날기, 베매기, 무명짜기 순으로 이루어진다. 8월 중순 목화를 타고, 볕에 말린 후 씨아틀로 씨를 빼내는 씨앗기를 한다. 솜활을 이용하여 솜을 타고, 말대로 비벼 고치를 만든다. 물레를 이용하여 실을 뽑아 가락에 감는 실잣기 후 실의 굵기에 의해 한 폭에 몇 올이 들어갈지 결정하는 무명날기를 한다. 풀먹이기 과정인 베매기 후에는 베틀을 이용하여 직물을 짜면 무명이 완성된다. 나주의 나주세목 또는 샛골목은 오늘날의 12승 무명으로 유명하다.]]></content>
</item>	
</result>
