<?xml version="1.0" encoding="utf-8"?>







<result>	
<ccbaKdcd>17</ccbaKdcd>
<ccbaAsno>00860200</ccbaAsno>
<ccbaCtcd>34</ccbaCtcd>
<ccbaCpno>1273400860200</ccbaCpno>
<longitude>0</longitude>
<latitude>0</latitude>
<item>	
		<ccmaName><![CDATA[국가무형문화재]]></ccmaName>
		<crltsnoNm>86-2</crltsnoNm>
		<ccbaMnm1><![CDATA[면천두견주]]></ccbaMnm1>
		<ccbaMnm2><![CDATA[沔川杜鵑酒]]></ccbaMnm2>
		<gcodeName><![CDATA[무형문화재]]></gcodeName>
		<bcodeName><![CDATA[전통 생활관습]]></bcodeName>
		<mcodeName><![CDATA[식생활]]></mcodeName>
		<scodeName><![CDATA[]]></scodeName>
		<ccbaQuan><![CDATA[]]></ccbaQuan>
		<ccbaAsdt><![CDATA[19861101]]></ccbaAsdt>
		<ccbaCtcdNm><![CDATA[충청남도 ]]></ccbaCtcdNm>
		<ccsiName><![CDATA[당진시]]></ccsiName>
		<ccbaLcad>
			
	             
	                 
	                 
	                     <![CDATA[충청남도 당진시]]>
	                 
	             
	         
	         
		</ccbaLcad>
		<ccceName><![CDATA[]]></ccceName>
		<ccbaPoss>
                <![CDATA[]]>
        </ccbaPoss>
		<ccbaAdmin>
               <![CDATA[(사)국가무형문화재 제82-2호 면천두견주보존회]]>
		</ccbaAdmin>
		<ccbaCncl><![CDATA[N]]></ccbaCncl>
		<ccbaCndt><![CDATA[]]></ccbaCndt>
		<imageUrl>1623757.jpg</imageUrl>
		<content><![CDATA[진달래 꽃잎을 섞어 담는 향기나는 술로 진달래꽃을 두견화라고도 하므로 두견주라고 부른다. 
 두견주는 고려의 개국공신인 복지겸(卜智謙)에 얽힌 전설이 있다. 그가 병이 들어 온갖 좋다는 약을 다 써도 병이 낫지 않자, 그의 어린 딸이 아미산에 올라 100일 기도를 드렸다. 신선이 나타나 이르기를 아미산에 활짝 핀 진달래꽃으로 술을 빚되 반드시 안샘(지금 면천초등학교 뒤에 있는 우물)의 물로 빚어 100일 후에 마시고 뜰에 2그루의 은행나무를 심어 정성을 드려야만 효과가 있다고 하였다. 딸이 그대로 하였더니 아버지의 병이 나았다고 한다. 
 술의 색은 연한 황갈색이고 단맛이 나며 점성이 있는데 신맛과 누룩냄새가 거의 없고 진달래 향기가 일품이다. 알코올 도수는 21도 정도이다. 혈액순환을 촉진하고 피로회복에도 효과가 있으며, 특히 콜레스테롤을 낮추어 주어 성인병 예방에도 효과가 있다고 한다. 하지만 진달래꽃의 꽃술에는 독성분이 있으므로 술을 담글 때 꽃술이 섞여 들어가지 않도록 조심해야 한다.]]></content>
</item>	
</result>
