<?xml version="1.0" encoding="utf-8"?>







<result>	
<ccbaKdcd>17</ccbaKdcd>
<ccbaAsno>00650000</ccbaAsno>
<ccbaCtcd>35</ccbaCtcd>
<ccbaCpno>1273500650000</ccbaCpno>
<longitude>127.387986944235</longitude>
<latitude>35.4027305553525</latitude>
<item>	
		<ccmaName><![CDATA[국가무형문화재]]></ccmaName>
		<crltsnoNm>65</crltsnoNm>
		<ccbaMnm1><![CDATA[백동연죽장]]></ccbaMnm1>
		<ccbaMnm2><![CDATA[白銅煙竹匠]]></ccbaMnm2>
		<gcodeName><![CDATA[무형문화재]]></gcodeName>
		<bcodeName><![CDATA[전통기술]]></bcodeName>
		<mcodeName><![CDATA[공예]]></mcodeName>
		<scodeName><![CDATA[]]></scodeName>
		<ccbaQuan><![CDATA[]]></ccbaQuan>
		<ccbaAsdt><![CDATA[19801117]]></ccbaAsdt>
		<ccbaCtcdNm><![CDATA[전라북도 ]]></ccbaCtcdNm>
		<ccsiName><![CDATA[남원시]]></ccsiName>
		<ccbaLcad>
			
	             
	                 
	                 
	                     <![CDATA[전라북도 남원시]]>
	                 
	             
	         
	         
		</ccbaLcad>
		<ccceName><![CDATA[]]></ccceName>
		<ccbaPoss>
                <![CDATA[]]>
        </ccbaPoss>
		<ccbaAdmin>
               <![CDATA[]]>
		</ccbaAdmin>
		<ccbaCncl><![CDATA[N]]></ccbaCncl>
		<ccbaCndt><![CDATA[]]></ccbaCndt>
		<imageUrl>1623767.jpg</imageUrl>
		<content><![CDATA[연죽(煙竹)이란 일반적으로 담뱃대를 말한다. 백동으로 만든 담뱃대를 백동연죽이라 하며, 백동담뱃대를 만드는 기술과 그 기술을 가진 사람을 백동연죽장이라고 한다.
 담뱃대를 만들기 시작한 것은 임진왜란 후 일본을 통해 담배가 전래되면서라고 전해지며, 그래서인지 대일무역의 중심지였던 동래가 전통적인 명산지이다. 담뱃대의 구조는 입에 물고 연기를 빨아들이는 물부리와 담배를 담아 태우는 대꼬바리 그리고 그것을 잇는 가는 대나무 설대 세 부분으로 구성된다. 대꼬바리는 열을 받는데다가 구조상 파손되기 쉬워서 구리, 놋쇠, 백동과 같은 금속으로 만든다. 간혹 사기제품도 볼 수 있으나 극히 드문 예이다. 물부리는 쇠붙이에 한하지 않고 옥(玉), 상아, 쇠뿔 등 비교적 여러 가지 재료를 자유롭게 사용하는 편이다. 무늬에 따라 이름이 다른데, 무늬가 없는 백동연죽은 민죽, 무늬가 예쁜 것은 별죽·꽃대라 부른다. 별죽은 재료에 따라 은물죽, 오동죽이라 한다. 백동연죽을 만드는 과정은 제일 먼저 백동을 만드는데 동 58%, 니켈 37%, 아연 5%의 비율로 합금한다. 니켈의 함류량이 많으면 백색이 나타난다. 합금한 금속들을 두드려 매우 얇게 만들고, 무늬를 넣어 모든 부분을 땜질하여 만드는데 금·은세공과 같이 섬세한 작업이 필요하다. 
 우리나라의 연죽은 동래의 파란장식 연죽과 금·은으로 새긴 담뱃대, 그리고 경주·김천·영해·울산·예천 등에서 만들어진 것이 유명하며, 전라북도 남원과 경기도 안성지방에서 오늘날까지 전승되고 있다..]]></content>
</item>	
</result>
