<?xml version="1.0" encoding="utf-8"?>







<result>	
<ccbaKdcd>17</ccbaKdcd>
<ccbaAsno>00260000</ccbaAsno>
<ccbaCtcd>38</ccbaCtcd>
<ccbaCpno>1273800260000</ccbaCpno>
<longitude>128.528926107512</longitude>
<latitude>35.4509243571994</latitude>
<item>	
		<ccmaName><![CDATA[국가무형문화재]]></ccmaName>
		<crltsnoNm>26</crltsnoNm>
		<ccbaMnm1><![CDATA[영산줄다리기]]></ccbaMnm1>
		<ccbaMnm2><![CDATA[靈山줄다리기]]></ccbaMnm2>
		<gcodeName><![CDATA[무형문화재]]></gcodeName>
		<bcodeName><![CDATA[전통 놀이·무예]]></bcodeName>
		<mcodeName><![CDATA[놀이]]></mcodeName>
		<scodeName><![CDATA[]]></scodeName>
		<ccbaQuan><![CDATA[]]></ccbaQuan>
		<ccbaAsdt><![CDATA[19690211]]></ccbaAsdt>
		<ccbaCtcdNm><![CDATA[경상남도 ]]></ccbaCtcdNm>
		<ccsiName><![CDATA[창녕군]]></ccsiName>
		<ccbaLcad>
			
	             
	                 
	                 
	                     <![CDATA[경상남도 창녕군]]>
	                 
	             
	         
	         
		</ccbaLcad>
		<ccceName><![CDATA[]]></ccceName>
		<ccbaPoss>
                <![CDATA[]]>
        </ccbaPoss>
		<ccbaAdmin>
               <![CDATA[(사)국가무형문화재 영산줄다리기보존회]]>
		</ccbaAdmin>
		<ccbaCncl><![CDATA[N]]></ccbaCncl>
		<ccbaCndt><![CDATA[]]></ccbaCndt>
		<imageUrl>1624134.jpg</imageUrl>
		<content><![CDATA[영산줄다리기는 경상남도 창녕군 영산면에서 전승되는 민속놀이로 현재는 3·1문화제 행사의 하나로 줄다리기를 하고 있다. 줄다리기는 마을을 동·서로 갈라 두패로 편을 짜서 노는 편싸움으로, 동서 양편은 각각 남성과 여성으로 상징되며, 생산의 의미에서 여성을 상징하는 서편이 이겨야 풍년이 든다고 전한다. 줄다리기는 줄쌈이라고도 하며 영산지방에서는 ‘줄땡기기’ , ‘갈전(葛戰)’이라고도 하는데 이는 산의 칡넝쿨보다 길게 줄을 만들어 당겼다는 옛이야기에서 나온 말이다. 줄다리기는 주로 정월 대보름을 전후해 벼농사를 위주로 하는 중부 이남지역에서 널리 행해지는 농경의식의 하나로 보고 있다.
 줄의 길이는 40∼50m이며 몸줄의 지름이 1m가 넘는 경우도 있어 사람이 줄을 타고 앉으면 두 발이 땅에 닿지않을 정도라고 한다. 줄이 커서 손으로 잡아 당길 수가 없기 때문에 줄 중간 중간에 가늘게 만든 곁줄(벗줄)을 여러 개 매달아 잡아당기기 좋도록 만든다. 끝에는 꽁지줄이라 해서 가는 줄을 10개정도 만들어 많은 사람들이 매달릴 수 있도록 한다. 동·서 양편의 줄을 제각기 만들어 줄다리기 하는 당일에 연결하는데, 많은 사람들이 잡아당겨도 끊어지거나 풀어지지 않도록 비녀목이라 부르는 큰 나무토막을 꽂아둔다. 줄 위에 올라선 대장이 지휘를 하면 줄다리기가 시작되고, 각 마을의 농악대는 빠른 장단으로 사람들의 흥을 돋운다.
 영산줄다리기는 현대에 이르러서 그 규모가 작아졌지만, 용사(龍蛇 :용과 뱀)신앙에 바탕을 둔 농경의례놀이로 암줄과 숫줄의 모의 성행위를 통해 그 해 농사의 풍흉을 점치거나 풍년을 기원하는 마을공동체의 민속놀이이며, 온 마을이 참여하는 향토축제로서 그 의의가 있다.]]></content>
</item>	
</result>
