<?xml version="1.0" encoding="utf-8"?>







<result>	
<ccbaKdcd>17</ccbaKdcd>
<ccbaAsno>01360000</ccbaAsno>
<ccbaCtcd>33</ccbaCtcd>
<ccbaCpno>1273301360000</ccbaCpno>
<longitude>0</longitude>
<latitude>0</latitude>
<item>	
		<ccmaName><![CDATA[국가무형문화재]]></ccmaName>
		<crltsnoNm>136</crltsnoNm>
		<ccbaMnm1><![CDATA[낙화장]]></ccbaMnm1>
		<ccbaMnm2><![CDATA[烙畵匠]]></ccbaMnm2>
		<gcodeName><![CDATA[무형문화재]]></gcodeName>
		<bcodeName><![CDATA[전통기술]]></bcodeName>
		<mcodeName><![CDATA[미술]]></mcodeName>
		<scodeName><![CDATA[]]></scodeName>
		<ccbaQuan><![CDATA[]]></ccbaQuan>
		<ccbaAsdt><![CDATA[20181227]]></ccbaAsdt>
		<ccbaCtcdNm><![CDATA[충청북도 ]]></ccbaCtcdNm>
		<ccsiName><![CDATA[보은군]]></ccsiName>
		<ccbaLcad>
			
	         
	             <![CDATA[충청북도  보은군]]>
	         
		</ccbaLcad>
		<ccceName><![CDATA[]]></ccceName>
		<ccbaPoss>
                <![CDATA[]]>
        </ccbaPoss>
		<ccbaAdmin>
               <![CDATA[]]>
		</ccbaAdmin>
		<ccbaCncl><![CDATA[N]]></ccbaCncl>
		<ccbaCndt><![CDATA[]]></ccbaCndt>
		<imageUrl>2018122811210200.jpg</imageUrl>
		<content><![CDATA[‘낙화장’은 종이, 나무, 가죽 등의 바탕소재를 인두로 지져서(烙) 산수화, 화조화 등의 그림(畵)을 그리는 기술과 그 기능을 보유한 장인을 말한다. 우리나라 낙화에 대한 기원은 조선후기 실학자 이규경(李圭景, 1788~1863)이 쓴 ｢오주연문장전산고(五洲衍文長箋散稿)｣에 수록된 ‘낙화변증설(烙畵辨證設)’에서 찾을 수 있으며, 19세기 초부터 전라북도 임실 지역을 중심으로 전승되어 왔다. 
 한국의 낙화기법은 본래 전통회화에 바탕을 두고 있기 때문에 기본 화법은 전통 수묵화 화법과 크게 다르지 않다. 다만 동양화의 부벽준(斧劈皴), 우점준(雨點皴) 등과 같은 각종 준법을 붓 대신 인두로 표현하며, 수묵화에 나타난 먹의 농담도 인두로 지져서 나타낸다는 점에서 독특한 차이가 있다. 이러한 점에서 낙화장은 인두와 불을 다루는 숙련된 손놀림과 미묘한 농담을 표현하는 기술이 중요하다.]]></content>
</item>	
</result>
