<?xml version="1.0" encoding="utf-8"?>







<result>	
<ccbaKdcd>17</ccbaKdcd>
<ccbaAsno>00440000</ccbaAsno>
<ccbaCtcd>37</ccbaCtcd>
<ccbaCpno>1273700440000</ccbaCpno>
<longitude>128.818802232187</longitude>
<latitude>35.8177589382115</latitude>
<item>	
		<ccmaName><![CDATA[국가무형문화재]]></ccmaName>
		<crltsnoNm>44</crltsnoNm>
		<ccbaMnm1><![CDATA[경산자인단오제]]></ccbaMnm1>
		<ccbaMnm2><![CDATA[慶山慈仁端午祭]]></ccbaMnm2>
		<gcodeName><![CDATA[무형문화재]]></gcodeName>
		<bcodeName><![CDATA[전통 놀이·무예]]></bcodeName>
		<mcodeName><![CDATA[축제]]></mcodeName>
		<scodeName><![CDATA[]]></scodeName>
		<ccbaQuan><![CDATA[]]></ccbaQuan>
		<ccbaAsdt><![CDATA[19710316]]></ccbaAsdt>
		<ccbaCtcdNm><![CDATA[경상북도 ]]></ccbaCtcdNm>
		<ccsiName><![CDATA[경산시]]></ccsiName>
		<ccbaLcad>
			
	             
	                 
	                 
	                     <![CDATA[경상북도 경산시]]>
	                 
	             
	         
	         
		</ccbaLcad>
		<ccceName><![CDATA[]]></ccceName>
		<ccbaPoss>
                <![CDATA[]]>
        </ccbaPoss>
		<ccbaAdmin>
               <![CDATA[(사)국가무형문화재 경산자인단오제보존회]]>
		</ccbaAdmin>
		<ccbaCncl><![CDATA[N]]></ccbaCncl>
		<ccbaCndt><![CDATA[]]></ccbaCndt>
		<imageUrl>1623997.jpg</imageUrl>
		<content><![CDATA[경산자인단오제는 경상북도 경산시 자인면에서 전승되고 있는 단오행사이다. 마을의 전설에 의하면, 신라(혹은 고려) 때 왜적이 침범하여 마을사람들을 괴롭히자, 한장군이 꾀를 내어 여자로 변장하고 누이동생과 함께 화려한 꽃관을 쓰고 춤을 추어 왜병들을 무찔렀다고 한다. 이후 한장군이 죽은 다음 자인마을 주민들이 한장군의 사당을 짓고 해마다 단오날이면 제사를 지내고 성대한 놀이를 즐겼다고 전해진다.  
경산자인단오제는 제사와 가장행렬 여원무로 이어진다. 옛날에는 전쟁터까지 가서 여원무를 추고 사당에 올라가 제사를 지냈으나, 지금은 시장의 넓은 광장에 모여 한장군 묘를 향해 행렬을 하는 데서 시작된다. 가장행렬의 순서는 동서남북과 중앙을 뜻하는 오방기가 맨 앞에 서고 농기·여원화관·무부들·희광이·여장동남·군노·사령·까치사령·포군·영장·기생·중군·익공·통인·일산·도원수·수배 등이 열을 짓는다. 가장행렬은 한장군 묘소를 한 바퀴 돌아 광장으로 내려가고, 제사를 주관하는 제관들은 제사를 지낸다.
경산자인단오제는 다른 민속놀이와 달리 이색적인 가장행렬로 이루어졌으며, 화관의 높이가 3m나 되고 춤사위도 매우 독특해서 예술적인 가치가 높다. 또한  오랜 역사를 지니면서 주민들의 확고한 신앙이 놀이의 정신적 지주가 되어 있다는 점에서 그 의의가 있다.
 ※명칭변경(한장군놀이 → 경산자인단오제/ 변경일 : 2007.3.12.)]]></content>
</item>	
</result>
