<?xml version="1.0" encoding="utf-8"?>







<result>	
<ccbaKdcd>17</ccbaKdcd>
<ccbaAsno>00930000</ccbaAsno>
<ccbaCtcd>37</ccbaCtcd>
<ccbaCpno>1273700930000</ccbaCpno>
<longitude>0</longitude>
<latitude>0</latitude>
<item>	
		<ccmaName><![CDATA[국가무형문화재]]></ccmaName>
		<crltsnoNm>93</crltsnoNm>
		<ccbaMnm1><![CDATA[전통장]]></ccbaMnm1>
		<ccbaMnm2><![CDATA[箭筒匠]]></ccbaMnm2>
		<gcodeName><![CDATA[무형문화재]]></gcodeName>
		<bcodeName><![CDATA[전통기술]]></bcodeName>
		<mcodeName><![CDATA[공예]]></mcodeName>
		<scodeName><![CDATA[]]></scodeName>
		<ccbaQuan><![CDATA[]]></ccbaQuan>
		<ccbaAsdt><![CDATA[19890615]]></ccbaAsdt>
		<ccbaCtcdNm><![CDATA[경상북도 ]]></ccbaCtcdNm>
		<ccsiName><![CDATA[경주시]]></ccsiName>
		<ccbaLcad>
			
	             
	                 
	                 
	                     <![CDATA[경상북도 경주시]]>
	                 
	             
	         
	         
		</ccbaLcad>
		<ccceName><![CDATA[]]></ccceName>
		<ccbaPoss>
                <![CDATA[]]>
        </ccbaPoss>
		<ccbaAdmin>
               <![CDATA[]]>
		</ccbaAdmin>
		<ccbaCncl><![CDATA[N]]></ccbaCncl>
		<ccbaCndt><![CDATA[]]></ccbaCndt>
		<imageUrl>1624037.jpg</imageUrl>
		<content><![CDATA[전통(箭筒)은 전쟁을 하거나 사냥을 할때 화살을 담아서 가지고 다니던 화살통을 말하며, 화살통을 만드는 기술과 그 기술을 가진 사람을 전통장(箭筒匠)이라 한다.
 우리나라 전통의 역사는 오래되어 이미 신석기시대부터 발달하기 시작하였다. 삼국시대에는 고구려 쌍영총의 기마도와 수렵도 등의 벽화에서 그 모습이 보이고, 신라와 백제 고분에서는 화살통을 꾸몄던 꾸미개가 출토되었다. 고려시대와 조선시대에는 군인들의 사격연습이 실행되어 군수용품으로 없어서는 안될 필수품이 되었으나, 임진왜란 이후 총포와 화약의 발달로 활의 중요성이 감소하여 화살통을 만들던 사람들은 직업을 바꾸게 되었다. 조선 후기에 이르러서는 활쏘기가 취미생활의 하나가 되었고 화살통 역시 전쟁용에서 운동용으로 변하게 되어 그 종류도 다양해졌다. 
 전통은 재료에 따라 여러 종류가 있다. 대나무로 만든 죽전통, 종이로 만든 지전통, 오동나무로 만든 목전통, 상어가죽으로 만든 교피전통 등이 있으며 때로는 조각이나 나전을 이용해 그 꾸밈새를 화려하게 만든 것도 있다. 
 전통의 재료는 주로 2년 이상 된 맑은 녹색의 왕대나무를 사용한다. 밑동부터 위로 90~97㎝ 정도로 자른 대나무는 빗물이 스며들지 않는 그늘진 곳에 2년 이상 저장했다가 묽은 양잿물에 3일 정도 담가서 기름(진)을 뺀다. 그 후 몸통 속에 막혀있는 마디를 제거하고 껍질에 문양조각과 칠을 하여 완성한다.]]></content>
</item>	
</result>
