<?xml version="1.0" encoding="utf-8"?>







<result>	
<ccbaKdcd>17</ccbaKdcd>
<ccbaAsno>01270000</ccbaAsno>
<ccbaCtcd>38</ccbaCtcd>
<ccbaCpno>1273801270000</ccbaCpno>
<longitude>0</longitude>
<latitude>0</latitude>
<item>	
		<ccmaName><![CDATA[국가무형문화재]]></ccmaName>
		<crltsnoNm>127</crltsnoNm>
		<ccbaMnm1><![CDATA[아랫녘 수륙재]]></ccbaMnm1>
		<ccbaMnm2><![CDATA[아랫녘 水陸齋]]></ccbaMnm2>
		<gcodeName><![CDATA[무형문화재]]></gcodeName>
		<bcodeName><![CDATA[의례·의식]]></bcodeName>
		<mcodeName><![CDATA[종교의례]]></mcodeName>
		<scodeName><![CDATA[]]></scodeName>
		<ccbaQuan><![CDATA[]]></ccbaQuan>
		<ccbaAsdt><![CDATA[20140318]]></ccbaAsdt>
		<ccbaCtcdNm><![CDATA[경상남도 ]]></ccbaCtcdNm>
		<ccsiName><![CDATA[창원시]]></ccsiName>
		<ccbaLcad>
			
	             
	                 
	                 
	                     <![CDATA[경상남도 창원시]]>
	                 
	             
	         
	         
		</ccbaLcad>
		<ccceName><![CDATA[]]></ccceName>
		<ccbaPoss>
                <![CDATA[]]>
        </ccbaPoss>
		<ccbaAdmin>
               <![CDATA[(사)국가무형문화재 아랫녘수륙재보존회]]>
		</ccbaAdmin>
		<ccbaCncl><![CDATA[N]]></ccbaCncl>
		<ccbaCndt><![CDATA[]]></ccbaCndt>
		<imageUrl>1755845.jpg</imageUrl>
		<content><![CDATA[수륙재는 조선초기부터 모든 수륙의 고혼 천도를 위하여 행해졌던 불교의례로 『조선왕조실록』에 설행기록이 나타나는 등 역사성과 예술성이 높으며, 개인 천도의 성격을 띤 영산재에 비해 대중적 성격이 두드러지고 낮재 · 밤재 합설이라는 의례상 특수성을 지니고있다.
아랫녘 수륙재는 경남 일대에서 전승되던 범패의 맥을 이어 의례와 음악적 측면에서 경남 지방의 지역성을 내포하고 있는 불교의례로 가치가 크다.]]></content>
</item>	
</result>
