<?xml version="1.0" encoding="utf-8"?>







<result>	
<ccbaKdcd>17</ccbaKdcd>
<ccbaAsno>01070000</ccbaAsno>
<ccbaCtcd>37</ccbaCtcd>
<ccbaCpno>1273701070000</ccbaCpno>
<longitude>0</longitude>
<latitude>0</latitude>
<item>	
		<ccmaName><![CDATA[국가무형문화재]]></ccmaName>
		<crltsnoNm>107</crltsnoNm>
		<ccbaMnm1><![CDATA[누비장]]></ccbaMnm1>
		<ccbaMnm2><![CDATA[縷緋匠]]></ccbaMnm2>
		<gcodeName><![CDATA[무형문화재]]></gcodeName>
		<bcodeName><![CDATA[전통기술]]></bcodeName>
		<mcodeName><![CDATA[공예]]></mcodeName>
		<scodeName><![CDATA[]]></scodeName>
		<ccbaQuan><![CDATA[]]></ccbaQuan>
		<ccbaAsdt><![CDATA[19961210]]></ccbaAsdt>
		<ccbaCtcdNm><![CDATA[경상북도 ]]></ccbaCtcdNm>
		<ccsiName><![CDATA[경주시]]></ccsiName>
		<ccbaLcad>
			
	             
	                 
	                 
	                     <![CDATA[경상북도 경주시]]>
	                 
	             
	         
	         
		</ccbaLcad>
		<ccceName><![CDATA[]]></ccceName>
		<ccbaPoss>
                <![CDATA[]]>
        </ccbaPoss>
		<ccbaAdmin>
               <![CDATA[]]>
		</ccbaAdmin>
		<ccbaCncl><![CDATA[N]]></ccbaCncl>
		<ccbaCndt><![CDATA[]]></ccbaCndt>
		<imageUrl>1624057.jpg</imageUrl>
		<content><![CDATA[누비는 옷감의 보강과 보온을 위해 옷감의 겉감과 안감사이에 솜, 털, 닥종이 등을 넣거나 또는 아무것도 넣지 않고 안팎을 줄지어 규칙적으로 홈질하여 맞붙이는 바느질 방법이다. 우리나라의 누비는 면화재배 이후 적극적으로 활성화되었으며 조선시대의 다양한 실물자료들이 전해지고 있다. 승려들이 일상복으로 입는 납의(衲衣)는 헤진 옷을 수십 년 동안 기워 입은 것에서 유래하였으며, 이는 점차 누비기법으로 발전하여 방한과 내구성, 실용성 등이 뛰어나 일반인들 사이에서도 널리 사용되었다.
 누비는 누비 간격이나 바느질 땀수에 따라 세누비·잔누비·중누비 등으로 나뉘며, 형태에 따라 오목누비·볼록누비·납작누비로 크게 구분된다. 누비 간격은 잔누비 0.3㎝, 세누비 0.5㎝, 중누비 1.0㎝ 이상으로 구분된다. 세누비·잔누비 중에서도 옷감 2겹만을 누벼주어 겉모양이 오목오목하면 오목누비라 하고, 솜을 여유있게 두고 누벼주어 겉모양이 볼록한 입체적인 효과를 나타내면 볼록누비라 한다. 또 얇은 솜을 두거나 닥종이를 이용하기도 하고 옷감만으로 누벼주어 평면적이면 납작누비라 구분하였다. 누비용구로는 옷감재질과 동일한 실, 누비 두께에 따른 다양한 바늘 종류, 가위, 인두, 밀대, 자, 골무 등이 있다. 누비 바느질 기법은 홈질이 대부분이나 경우에 따라서는 박음질도 사용된다. 의복이나 침구류에는 규칙적인 직선누비가 주로 사용되었으나 주머니나 보자기류에는 누비 자체를 문양으로 살려 곡선과 직선으로 조화를 이룬 것도 있다.
 우리나라의 전통 손누비는 세계 유일한 재봉법으로 그 정교함과 작품성이 자수를 능가하는 예술품으로 평가받기에 충분하나, 지금에 와서는 시간이 많이 걸리고 상품성이 떨어진다는 이유로 사라져가고 있다.]]></content>
</item>	
</result>
