<?xml version="1.0" encoding="utf-8"?>







<result>	
<ccbaKdcd>17</ccbaKdcd>
<ccbaAsno>00240000</ccbaAsno>
<ccbaCtcd>37</ccbaCtcd>
<ccbaCpno>1273700240000</ccbaCpno>
<longitude>128.731772272019</longitude>
<latitude>36.5603094646496</latitude>
<item>	
		<ccmaName><![CDATA[국가무형문화재]]></ccmaName>
		<crltsnoNm>24</crltsnoNm>
		<ccbaMnm1><![CDATA[안동차전놀이]]></ccbaMnm1>
		<ccbaMnm2><![CDATA[安東車戰놀이]]></ccbaMnm2>
		<gcodeName><![CDATA[무형문화재]]></gcodeName>
		<bcodeName><![CDATA[전통 놀이·무예]]></bcodeName>
		<mcodeName><![CDATA[놀이]]></mcodeName>
		<scodeName><![CDATA[]]></scodeName>
		<ccbaQuan><![CDATA[]]></ccbaQuan>
		<ccbaAsdt><![CDATA[19690107]]></ccbaAsdt>
		<ccbaCtcdNm><![CDATA[경상북도 ]]></ccbaCtcdNm>
		<ccsiName><![CDATA[안동시]]></ccsiName>
		<ccbaLcad>
			
	             
	                 
	                 
	                     <![CDATA[경상북도 안동시]]>
	                 
	             
	         
	         
		</ccbaLcad>
		<ccceName><![CDATA[]]></ccceName>
		<ccbaPoss>
                <![CDATA[]]>
        </ccbaPoss>
		<ccbaAdmin>
               <![CDATA[(사)국가무형문화재 안동차전놀이보존회]]>
		</ccbaAdmin>
		<ccbaCncl><![CDATA[N]]></ccbaCncl>
		<ccbaCndt><![CDATA[]]></ccbaCndt>
		<imageUrl>1623986.jpg</imageUrl>
		<content><![CDATA[안동차전놀이는 정월 대보름을 전후하여 안동지방에서 행해지던 민속놀이의 하나로 동채싸움이라고도 부른다. 유래에 대한 정확한 기록은 없으나 후백제의 견훤과 고려 태조 왕건의 싸움에서 비롯되었다는 설이 전해진다.
 이 놀이를 위해 연말이면 안동 근처에서 적당한 나무를 미리 골라 두었다가 산신에게 고사를 지내고 나무를 베어 운반한다. 동채의 크기나 견고성이 싸움의 승패를 결정하는데 영향을 주기 때문에 동채를 만들 때는 사람들이 보지 못하도록 대문을 잠그고 만든다. 마을을 동서로 나누어 편을 가르는데 거주지가 아닌 태어난 곳을 위주로 편을 나누기 때문에 때로는 부부간에도 편이 다를 수 있다. 대보름날이 되면 동서 양편이 대치하고 서서 농악으로 흥을 돋우고, 동채를 들었다 놓았다 하며 기세를 올린다. 동채 위에는 대장이 올라 타고 떨어지지 않도록 왼손으로는 끈을 쥐고 오른손으로는 동채를 멘 사람들을 지휘한다. 동채 앞에서 힘센 장정들이 무리를 이루어 팔짱을 끼고 적과 부딪쳐 서로 어깨로 밀어 길을 낸 뒤, 동채가 밀고 들어가 상대방의 동채를 눌러 땅에 닿게 하면 이기게 된다. 하지만 싸움 도중에 자기 편이 유리한 순간이라도 적의 머리꾼이 쓰러져 위기에 처하게 되면 즉시 후퇴하여 구출하고 다시 승부겨루기를 한다.
 안동차전놀이는 남자들의 집단놀이를 한층 세련되게 향상시킨 모의전투놀이로서 안동지방 특유의 상무정신을 엿볼 수 있다. 또 동부가 이기면 동부에 풍년이 들고, 서부가 이기면 서부에 풍년이 든다고 믿었기 때문에 농경민의 풍년기원을 바탕으로 한 농경의례놀이라 할 수 있다.]]></content>
</item>	
</result>
