<?xml version="1.0" encoding="utf-8"?>







<result>	
<ccbaKdcd>17</ccbaKdcd>
<ccbaAsno>00090000</ccbaAsno>
<ccbaCtcd>34</ccbaCtcd>
<ccbaCpno>1273400090000</ccbaCpno>
<longitude>126.850882748993</longitude>
<latitude>36.3118127182957</latitude>
<item>	
		<ccmaName><![CDATA[국가무형문화재]]></ccmaName>
		<crltsnoNm>9</crltsnoNm>
		<ccbaMnm1><![CDATA[은산별신제]]></ccbaMnm1>
		<ccbaMnm2><![CDATA[恩山別神祭]]></ccbaMnm2>
		<gcodeName><![CDATA[무형문화재]]></gcodeName>
		<bcodeName><![CDATA[의례·의식]]></bcodeName>
		<mcodeName><![CDATA[그 밖의 의식·의례]]></mcodeName>
		<scodeName><![CDATA[]]></scodeName>
		<ccbaQuan><![CDATA[]]></ccbaQuan>
		<ccbaAsdt><![CDATA[19660215]]></ccbaAsdt>
		<ccbaCtcdNm><![CDATA[충청남도 ]]></ccbaCtcdNm>
		<ccsiName><![CDATA[부여군]]></ccsiName>
		<ccbaLcad>
			
	             
	                 
	                 
	                     <![CDATA[충청남도 부여군]]>
	                 
	             
	         
	         
		</ccbaLcad>
		<ccceName><![CDATA[]]></ccceName>
		<ccbaPoss>
                <![CDATA[]]>
        </ccbaPoss>
		<ccbaAdmin>
               <![CDATA[(사)국가무형문화재 은산별신제]]>
		</ccbaAdmin>
		<ccbaCncl><![CDATA[N]]></ccbaCncl>
		<ccbaCndt><![CDATA[]]></ccbaCndt>
		<imageUrl>1623703.jpg</imageUrl>
		<content><![CDATA[은산별신제는 충청남도 부여군 은산면 은산리 마을 사당인 별신당에서 열리는 제사를 말한다. 
 옛날 은산 마을에 큰 병이 돌아 젊은 사람들이 많이 죽어 나갔다. 어느날 밤 마을 어른의 꿈에 백제를 지키다 억울하게 죽은 장군이 나타나 병을 없애 줄테니, 자신과 부하들을 양지바른 곳에 묻어 달라고 했다. 꿈에서 깨어 장군이 말한 곳으로 가 보니 오래된 유골들이 널려 있었다. 마을사람들은 이 유골들을 잘 묻고 그들의 영혼을 위해 굿을 하니, 그 후 병이 사라졌고, 마을에 평화가 찾아왔다고 한다. 이후 마을사람들은 장군과 병사들을 위로하는 뜻으로 제사를 지내왔는데, 이것이 바로 오늘날의 은산별신제이다.
 별신제는 3년에 1번씩 음력 2월에 열리는데, 보통 15일동안 약 100여 명의 인원이 참가한다. 제사에 앞서 마을 어른들은 제사를 준비하는 임원을 선출한다. 임원은 몸과 마음이 깨끗하고 부정이 없는 사람으로, 대장, 중군, 패장, 사령 등 군대조직의 이름으로 불리워지는데 이것은 은산별신제가 장군제(將軍祭)의 성격을 띠고 있기 때문이다. 제물을 준비하는 화주(火主)는 제물에 부정이 타지 않도록 조심하고, 제사에 쓰일 우물에 멍석을 덮고 주위에 금줄을 친 후 노랗고 검은 흙을 뿌려 부정의 접근을 막는다. 마을 장승 옆에 세워 둘 나무를 베는 ‘진대베기’를 하고, 신에게 올릴 종이꽃을 만들어 제물과 함께 당집으로 향하는데 제물을 나르는 사람들은 부정을 막기 위해 입에 백지를 문다. 제사는 저녁에 시작해서 새벽에 끝나는데, 무당이 굿을 한 후 마을로 내려와 마을의 번영을 위해 거리제를 열고 마을 동서남북에 장승을 세우는 것으로 마무리된다. 대규모 행사답게 의상, 소도구, 장비가 다양하게 동원된다.
 은산별신제는 백제 군사들의 넋을 위로하고, 마을의 풍요와 평화를 기원하는 향토축제로서의 특징을 지니고 있다.
※ 은산별신제는 대제(大祭)와 소제(小祭)로 나누어 지내는데, 대제는 모든 일절과 절차를 따르는 제를 이르며, 소제는 대제의 절차 중 &#39;꽃받기&#39;와 &#39;진대베기&#39; 등 몇 가지를 생략한다.]]></content>
</item>	
</result>
