<?xml version="1.0" encoding="utf-8"?>







<result>	
<ccbaKdcd>17</ccbaKdcd>
<ccbaAsno>00810000</ccbaAsno>
<ccbaCtcd>36</ccbaCtcd>
<ccbaCpno>1273600810000</ccbaCpno>
<longitude>126.266682053748</longitude>
<latitude>34.4864642004849</latitude>
<item>	
		<ccmaName><![CDATA[국가무형문화재]]></ccmaName>
		<crltsnoNm>81</crltsnoNm>
		<ccbaMnm1><![CDATA[진도다시래기]]></ccbaMnm1>
		<ccbaMnm2><![CDATA[珍島다시래기]]></ccbaMnm2>
		<gcodeName><![CDATA[무형문화재]]></gcodeName>
		<bcodeName><![CDATA[전통 공연·예술]]></bcodeName>
		<mcodeName><![CDATA[연희]]></mcodeName>
		<scodeName><![CDATA[]]></scodeName>
		<ccbaQuan><![CDATA[]]></ccbaQuan>
		<ccbaAsdt><![CDATA[19850201]]></ccbaAsdt>
		<ccbaCtcdNm><![CDATA[전라남도 ]]></ccbaCtcdNm>
		<ccsiName><![CDATA[진도군]]></ccsiName>
		<ccbaLcad>
			
	             
	                 
	                 
	                     <![CDATA[전라남도 진도군]]>
	                 
	             
	         
	         
		</ccbaLcad>
		<ccceName><![CDATA[]]></ccceName>
		<ccbaPoss>
                <![CDATA[]]>
        </ccbaPoss>
		<ccbaAdmin>
               <![CDATA[(사)국가무형문화재 진도다시래기보존회]]>
		</ccbaAdmin>
		<ccbaCncl><![CDATA[N]]></ccbaCncl>
		<ccbaCndt><![CDATA[]]></ccbaCndt>
		<imageUrl>1623912.jpg</imageUrl>
		<content><![CDATA[다시래기는 진도지방에서 초상이 났을 때, 특히 타고난 수명을 다 누리며 행복하게 살다 죽은 사람의 초상일 경우 동네 상여꾼들이 상제를 위로하고 죽은 자의 극락왕생을 축원하기 위해 전문예능인들을 불러 함께 밤을 지새우면서 노는 민속극적 성격이 짙은 상여놀이이다. 놀이의 정확한 유래는 알 수 없으나 고구려의 옛 무덤에서 보여지는 벽화와 고구려·신라의 역사를 기록한 사서를 통해 오랜 옛날부터 장례에서 가무가 행해졌음을 알 수 있다. 
 진도다시래기는 다섯마당으로 이루어져 있다. 첫째마당은 가상제놀이로 가짜 상제가 나와 상여꾼들과 농담을 주고 받는다. 둘째마당은 봉사인 거사와 사당 그리고 중이 나와 노는데, 진도다시래기의 중심굿으로 민속가면극에서의 파계승 마당에 해당된다. 셋째마당은 상여꾼들이 빈 상여를 메고 만가를 부르는데 다른 지역의 상여소리와 달리 씻김굿의 무당노래가 중심을 이루고 있다. 넷째마당은 묘를 쓰며 부르는 가래소리를 하면서 흙을 파는 시늉을 한다. 다섯째마당은 여흥놀이로 이어져 예능인들은 후한 대접을 받는다.
 진도다시래기는 우리나라에서 유일하게 장례 때 무당단체인 신청(神廳)을 중심으로 조직된 당골 전문예능인들에 의해 전승된 민속극으로 장례풍속과 민속극 연구에 중요한 가치를 지니고 있다.]]></content>
</item>	
</result>
