<?xml version="1.0" encoding="utf-8"?>







<result>	
<ccbaKdcd>17</ccbaKdcd>
<ccbaAsno>00070000</ccbaAsno>
<ccbaCtcd>38</ccbaCtcd>
<ccbaCpno>1273800070000</ccbaCpno>
<longitude>128.333820965338</longitude>
<latitude>34.9723214106982</latitude>
<item>	
		<ccmaName><![CDATA[국가무형문화재]]></ccmaName>
		<crltsnoNm>7</crltsnoNm>
		<ccbaMnm1><![CDATA[고성오광대]]></ccbaMnm1>
		<ccbaMnm2><![CDATA[固城五廣大]]></ccbaMnm2>
		<gcodeName><![CDATA[무형문화재]]></gcodeName>
		<bcodeName><![CDATA[전통 공연·예술]]></bcodeName>
		<mcodeName><![CDATA[연희]]></mcodeName>
		<scodeName><![CDATA[]]></scodeName>
		<ccbaQuan><![CDATA[]]></ccbaQuan>
		<ccbaAsdt><![CDATA[19641224]]></ccbaAsdt>
		<ccbaCtcdNm><![CDATA[경상남도 ]]></ccbaCtcdNm>
		<ccsiName><![CDATA[고성군]]></ccsiName>
		<ccbaLcad>
			
	             
	                 
	                 
	                     <![CDATA[경상남도 고성군]]>
	                 
	             
	         
	         
		</ccbaLcad>
		<ccceName><![CDATA[]]></ccceName>
		<ccbaPoss>
                <![CDATA[]]>
        </ccbaPoss>
		<ccbaAdmin>
               <![CDATA[(사)국가무형문화재 제7호 고성오광대보존회]]>
		</ccbaAdmin>
		<ccbaCncl><![CDATA[N]]></ccbaCncl>
		<ccbaCndt><![CDATA[]]></ccbaCndt>
		<imageUrl>1624081.jpg</imageUrl>
		<content><![CDATA[오광대는 남부지역(낙동강 서쪽지역)의 탈춤을 가리키는 말로 초례 밤마리 마을 장터에서 놀던 광대패들에 의해 시작되었다고 한다. ‘오광대’란 다섯 광대 또는 다섯 마당으로 이루어진 놀이라는 뜻에서 비롯된 이름이라고도 하고, 오행설에서 유래된 오(五)에서 온 것이라고도 하는데, 오행설의 의견이 유력하다. 
고성오광대는 제1과장 문둥북춤마당, 제2과장 오광대마당, 제3과장 비비마당, 제4과장 승무마당, 제5과장 제밀주마당 등 5개 과장으로 구성되어 있다. 등장인물은 문둥이, 말뚝이, 원양반, 종가도령, 비비, 중, 각시, 영감, 제밀주 마당쇠 등 19명이 등장한다. 양반과 파계승에 대한 풍자, 그리고 처와 첩의 문제 등 서민의 삶을 내용으로 하고 있다. 
고성오광대는 다른 지역의 오광대에 비해 놀이의 앞뒤에 오방신장춤, 사자춤 같은 귀신 쫓는 의식춤이 없다. 주된 춤사위는 덧뵈기(탈놀이)춤이고, 반주음악으로는 꽹과리, 징, 장구, 북 등의 타악기가 사용된다.]]></content>
</item>	
</result>
