<?xml version="1.0" encoding="utf-8"?>







<result>	
<ccbaKdcd>17</ccbaKdcd>
<ccbaAsno>00210000</ccbaAsno>
<ccbaCtcd>38</ccbaCtcd>
<ccbaCpno>1273800210000</ccbaCpno>
<longitude>128.442287438969</longitude>
<latitude>34.8443297780365</latitude>
<item>	
		<ccmaName><![CDATA[국가무형문화재]]></ccmaName>
		<crltsnoNm>21</crltsnoNm>
		<ccbaMnm1><![CDATA[승전무]]></ccbaMnm1>
		<ccbaMnm2><![CDATA[勝戰舞]]></ccbaMnm2>
		<gcodeName><![CDATA[무형문화재]]></gcodeName>
		<bcodeName><![CDATA[전통 공연·예술]]></bcodeName>
		<mcodeName><![CDATA[춤]]></mcodeName>
		<scodeName><![CDATA[]]></scodeName>
		<ccbaQuan><![CDATA[]]></ccbaQuan>
		<ccbaAsdt><![CDATA[19681221]]></ccbaAsdt>
		<ccbaCtcdNm><![CDATA[경상남도 ]]></ccbaCtcdNm>
		<ccsiName><![CDATA[통영시]]></ccsiName>
		<ccbaLcad>
			
	             
	                 
	                 
	                     <![CDATA[경상남도 통영시]]>
	                 
	             
	         
	         
		</ccbaLcad>
		<ccceName><![CDATA[]]></ccceName>
		<ccbaPoss>
                <![CDATA[]]>
        </ccbaPoss>
		<ccbaAdmin>
               <![CDATA[(사)국가무형문화재 승전무보존회]]>
		</ccbaAdmin>
		<ccbaCncl><![CDATA[N]]></ccbaCncl>
		<ccbaCndt><![CDATA[]]></ccbaCndt>
		<imageUrl>1624105.jpg</imageUrl>
		<content><![CDATA[승전무는 경남 통영에서 전승되어 온 북춤, 칼춤, 입춤이다. 이 춤은 삼도수군통제영의 영문(營門)에서 각종 의식․하례(賀禮), 이순신 사당의 춘추향사․생신제․기신제에 헌무(獻舞)한 춤이다. 승전무의 북춤은 궁중의 무고와 흡사한 춤으로 활옷을 입고 양손에는 한삼을 낀 원무 4명이 중앙에 북을 놓고 동서남북으로 나뉘어 북을 울리며 춤을 추고, 협무 12명이 주위를 둘러싸고 돌면서 창(唱)을 부른다. 승전무의 흩어졌다 모여드는 형태는 삼진삼퇴를 뜻하며, 전체가 화려하고 웅장하면서 경쾌한 것이 특징이다. ‘영산회상’가운데 삼현도드리와 타령을 반주음악으로 쓰며, 춤가락은 순박하면서 예스럽고 독특한 향토적 특색을 갖고 있다. 칼춤의 의상은 홍치마에 흰저고리, 흑쾌자, 전립, 홍띠, 색동한삼 등을 갖추며 무구로 1쌍의 칼을 든다. 승전무의 우아한 춤사위와 가락 그리고 치밀한 짜임새는 예술적 가치가 높고 전통에 뿌리를 둔 춤이다.]]></content>
</item>	
</result>
