<?xml version="1.0" encoding="utf-8"?>







<result>	
<ccbaKdcd>17</ccbaKdcd>
<ccbaAsno>00600000</ccbaAsno>
<ccbaCtcd>36</ccbaCtcd>
<ccbaCpno>1273600600000</ccbaCpno>
<longitude>127.580639395362</longitude>
<latitude>34.9771432998839</latitude>
<item>	
		<ccmaName><![CDATA[국가무형문화재]]></ccmaName>
		<crltsnoNm>60</crltsnoNm>
		<ccbaMnm1><![CDATA[장도장]]></ccbaMnm1>
		<ccbaMnm2><![CDATA[粧刀匠]]></ccbaMnm2>
		<gcodeName><![CDATA[무형문화재]]></gcodeName>
		<bcodeName><![CDATA[전통기술]]></bcodeName>
		<mcodeName><![CDATA[공예]]></mcodeName>
		<scodeName><![CDATA[]]></scodeName>
		<ccbaQuan><![CDATA[]]></ccbaQuan>
		<ccbaAsdt><![CDATA[19780223]]></ccbaAsdt>
		<ccbaCtcdNm><![CDATA[전라남도 ]]></ccbaCtcdNm>
		<ccsiName><![CDATA[]]></ccsiName>
		<ccbaLcad>
			
	             
	                 
	                 
	                     <![CDATA[전라남도]]>
	                 
	             
	         
	         
		</ccbaLcad>
		<ccceName><![CDATA[]]></ccceName>
		<ccbaPoss>
                <![CDATA[]]>
        </ccbaPoss>
		<ccbaAdmin>
               <![CDATA[]]>
		</ccbaAdmin>
		<ccbaCncl><![CDATA[N]]></ccbaCncl>
		<ccbaCndt><![CDATA[]]></ccbaCndt>
		<imageUrl>1623885.jpg</imageUrl>
		<content><![CDATA[장도를 만드는 기능과 그 기능을 가진 사람을 장도장이라 한다. 장도는 몸에 지니는 자그마한 칼로 일상생활이나 호신용 또는 장신구로 사용되었다. 고려시대부터 성인 남녀들이 호신용으로 지니고 다녔으며, 특히 조선시대에는 임진왜란 이후부터 사대부 양반 가문의 부녀자들이 순결을 지키기 위하여 필수적으로 휴대했다. 조선 후기부터는 장도가 몸단장을 하는 노리개로서 일종의 사치품이었기 때문에 제작과정이 정교하게 발달하였다.
 장도 중에서 몸에 차는 것을 패도(佩刀)라 하고, 주머니 속에 넣는 것을 낭도(囊刀)라고 한다. 장도는 모양과 재료에 따라 여러 종류가 있다. 칼집장식이  복잡한 갖은 장식과 단순한 맞배기로 나뉘는데, 맞배기에는 칼집이 원통형인 평맞배기와 을(乙)자형인 을자맞배기가 있다. 그 외에도 칼집이 사각형이면 사모장도, 팔각이면 모잽이장도라 부르고, 재료에 따라 금장도, 은장도, 백옥장도 등으로 부른다. 낙죽장도는 7마디 이상의 대나무에 선비들이 좋아하는 시문을 새긴 칼로서 일반 은장도와 달리 선비의 칼로 알려졌다.
 장도는 서울을 중심으로 울산·영주·남원 등지에서 많이 만들었다. 그 중에서도 전라남도 광양지방의 장도가 역사가 깊고 섬세하며 종류 또한 다양하여 한국적 우아함과 장식용으로 뛰어난 공예미를 나타내고 있다. 각종 재료를 사용하는 장도의 제작기법은 조선시대의 우수하고 다양한 공예기법을 잘 알려주고 있다.]]></content>
</item>	
</result>
