<?xml version="1.0" encoding="utf-8"?>







<result>	
<ccbaKdcd>17</ccbaKdcd>
<ccbaAsno>00080000</ccbaAsno>
<ccbaCtcd>36</ccbaCtcd>
<ccbaCpno>1273600080000</ccbaCpno>
<longitude>126.266682053748</longitude>
<latitude>34.4864642004849</latitude>
<item>	
		<ccmaName><![CDATA[국가무형문화재]]></ccmaName>
		<crltsnoNm>8</crltsnoNm>
		<ccbaMnm1><![CDATA[강강술래]]></ccbaMnm1>
		<ccbaMnm2><![CDATA[]]></ccbaMnm2>
		<gcodeName><![CDATA[무형문화재]]></gcodeName>
		<bcodeName><![CDATA[전통 놀이·무예]]></bcodeName>
		<mcodeName><![CDATA[놀이]]></mcodeName>
		<scodeName><![CDATA[]]></scodeName>
		<ccbaQuan><![CDATA[]]></ccbaQuan>
		<ccbaAsdt><![CDATA[19660215]]></ccbaAsdt>
		<ccbaCtcdNm><![CDATA[전라남도 ]]></ccbaCtcdNm>
		<ccsiName><![CDATA[진도군]]></ccsiName>
		<ccbaLcad>
			
	             
	                 
	                 
	                     <![CDATA[전라남도 진도군]]>
	                 
	             
	         
	         
		</ccbaLcad>
		<ccceName><![CDATA[]]></ccceName>
		<ccbaPoss>
                <![CDATA[]]>
        </ccbaPoss>
		<ccbaAdmin>
               <![CDATA[(사)국가무형문화재 강강술래보존회]]>
		</ccbaAdmin>
		<ccbaCncl><![CDATA[N]]></ccbaCncl>
		<ccbaCndt><![CDATA[]]></ccbaCndt>
		<imageUrl>1623803.jpg</imageUrl>
		<content><![CDATA[강강술래는 노래와 춤이 하나로 어우러진 부녀자들의 집단놀이로 주로 전라남도 해안지방에서 추석을 전후하여 달밤에 행해졌다. 
 임진왜란 때 이순신 장군이 왜군에게 우리의 병사가 많다는 것을 보이기 위한 의병술로 마을 부녀자들을 모아 남자 차림을 하게 하고 옥매산을 돌게 한데서 비롯되었다는 설이 있으나, 원시시대부터 1년중 가장 달이 밝은 밤에 축제를 벌여 노래하고 춤추던 풍습에서 비롯된 민속놀이라고 보는 것이 타당하다.
 동쪽 하늘에 둥근 달이 떠오르기 시작하면 여인들은 손에 손을 잡고 오른쪽으로 돌며 둥근 원을 그려나간다. 목청 좋고 소리 잘하는 사람이 맨 앞에 서서 메기는 소리를 하면 나머지 사람들은 ‘강강술래’하며 받는 소리를 한다. 처음에는 늦은 가락으로 나아가다 노랫소리도 빨라지고 춤도 빨라져서 나중에는 뛰는 것처럼 동작이 빨라진다. 일반적으로 둥근 원을 그리며 원무(圓舞)를 추다가 흥이 나면 가운데 한 사람이 들어가 춤을 추는 남생이놀이를 비롯해서 고사리꺾기, 청어엮기, 기와밟기, 꼬리따기, 덕석말이, 문지기놀이, 실바늘꿰기 등으로 변화를 주었다. 강강술래는 처음부터 끝까지 쉬지 않고 노래하고 춤을 추어 구성지고 활기찬 한마당을 이룬다. 
 놀이는 늦은강강술래로 시작하여 중강강술래, 잦은강강술래로 변화하면서 발놀림이 빨라지고 흥이 절정에 이르는데, 이중 가장 아름답고 여성놀이다운 멋이 깃들여 있는 것이 늦은강강술래이고, 중강강술래는 해남과 진도지방에서만 보이는 특징을 지니고 있다.
 강강술래는 여성의 놀이가 적었던 때에 활달한 여성의 기상을 보여준 민속놀이의 하나로 민족정서가 아름답게 표현되어 있다.]]></content>
</item>	
</result>
