<?xml version="1.0" encoding="utf-8"?>







<result>	
<ccbaKdcd>17</ccbaKdcd>
<ccbaAsno>00530000</ccbaAsno>
<ccbaCtcd>36</ccbaCtcd>
<ccbaCpno>1273600530000</ccbaCpno>
<longitude>126.97824928128</longitude>
<latitude>35.3208246749282</latitude>
<item>	
		<ccmaName><![CDATA[국가무형문화재]]></ccmaName>
		<crltsnoNm>53</crltsnoNm>
		<ccbaMnm1><![CDATA[채상장]]></ccbaMnm1>
		<ccbaMnm2><![CDATA[彩箱匠]]></ccbaMnm2>
		<gcodeName><![CDATA[무형문화재]]></gcodeName>
		<bcodeName><![CDATA[전통기술]]></bcodeName>
		<mcodeName><![CDATA[공예]]></mcodeName>
		<scodeName><![CDATA[]]></scodeName>
		<ccbaQuan><![CDATA[]]></ccbaQuan>
		<ccbaAsdt><![CDATA[19750129]]></ccbaAsdt>
		<ccbaCtcdNm><![CDATA[전라남도 ]]></ccbaCtcdNm>
		<ccsiName><![CDATA[담양군]]></ccsiName>
		<ccbaLcad>
			
	             
	                 
	                 
	                     <![CDATA[전라남도 담양군]]>
	                 
	             
	         
	         
		</ccbaLcad>
		<ccceName><![CDATA[]]></ccceName>
		<ccbaPoss>
                <![CDATA[]]>
        </ccbaPoss>
		<ccbaAdmin>
               <![CDATA[]]>
		</ccbaAdmin>
		<ccbaCncl><![CDATA[N]]></ccbaCncl>
		<ccbaCndt><![CDATA[]]></ccbaCndt>
		<imageUrl>1623858.jpg</imageUrl>
		<content><![CDATA[채상장(彩箱匠)은 얇게 저민 대나무 껍질을 색색으로 물을 들여 다채로운 기하학적 무늬로 고리 등을 엮는 기능 또는 기능을 가진 사람을 말한다. 언제부터 채상장이 있었는지 확실하지는 않지만 채상은 고대 이래로 궁중과 귀족계층의 여성가구로서 애용되었고, 귀하게 여겨졌던 고급공예품의 하나였다. 조선 후기에는 양반사대부 뿐만 아니라 서민층에서도 혼수품으로 유행하였으며, 주로 옷·장신구·침선구·귀중품을 담는 용기로 사용되었다.
 채상의 제작기술은 대나무 껍질을 균등하게 떠내는 데에서 시작된다. 대나무껍질을 입으로 물어 얇게 떠낸 다음, 떠낸 대나무 껍질을 물에 불린 후 그것을 무릎에 대고 일일이 다듬어 정리한다. 염색을 하고 나서 1∼5가닥씩 엇갈려 가며 엮는다. 모서리와 테두리에 남색이나 검정색 등 바탕무늬와 어울리는 비단으로 감싸면 완성된다. 채상의 무늬는 완자·수복강녕·십자·번개·줄무늬 등 주로 길복(吉福)을 추구하는 길상적인 무늬이다.]]></content>
</item>	
</result>
