<?xml version="1.0" encoding="utf-8"?>







<result>	
<ccbaKdcd>17</ccbaKdcd>
<ccbaAsno>00100000</ccbaAsno>
<ccbaCtcd>32</ccbaCtcd>
<ccbaCpno>1279900100000</ccbaCpno>
<longitude>0</longitude>
<latitude>0</latitude>
<item>	
		<ccmaName><![CDATA[국가무형문화재]]></ccmaName>
		<crltsnoNm>10</crltsnoNm>
		<ccbaMnm1><![CDATA[나전장]]></ccbaMnm1>
		<ccbaMnm2><![CDATA[螺鈿匠]]></ccbaMnm2>
		<gcodeName><![CDATA[무형문화재]]></gcodeName>
		<bcodeName><![CDATA[전통기술]]></bcodeName>
		<mcodeName><![CDATA[공예]]></mcodeName>
		<scodeName><![CDATA[]]></scodeName>
		<ccbaQuan><![CDATA[]]></ccbaQuan>
		<ccbaAsdt><![CDATA[19660629]]></ccbaAsdt>
		<ccbaCtcdNm><![CDATA[강원도 ]]></ccbaCtcdNm>
		<ccsiName><![CDATA[원주시]]></ccsiName>
		<ccbaLcad>
			
	             
	                 
	                 
	                     <![CDATA[강원도 원주시]]>
	                 
	             
	         
	         
		</ccbaLcad>
		<ccceName><![CDATA[]]></ccceName>
		<ccbaPoss>
                <![CDATA[]]>
        </ccbaPoss>
		<ccbaAdmin>
               <![CDATA[]]>
		</ccbaAdmin>
		<ccbaCncl><![CDATA[N]]></ccbaCncl>
		<ccbaCndt><![CDATA[]]></ccbaCndt>
		<imageUrl>1624274.jpg</imageUrl>
		<content><![CDATA[나전장은 나무로 짠 가구나 기물 위에 무늬가 아름다운 전복이나 조개껍질을 갈고 문양을 오려서 옻칠로 붙이는 기술이다. 나전칠기의 제작과정은, 나무로 기본 틀인 백골을 짜고 그 표면을 사포로 문지르거나 틈새를 메워 고르게 한 다음 자개를 붙인다. 그 후 연마, 옻칠, 광내기 과정을 거쳐 완성한다. 자개로 무늬를 만드는 방법에는 자개를 실처럼 잘게 자른 '상사'로 기하학적인 문양을 만드는 끊음질 기법과, 자개를 문질러 얇게 만들어 국화, 대나무, 거북이 등 각종 도안 문양을 만드는 줄음질 기법이 있다. 나전 무늬는 고려시대와 조선 전기에는 모란·국화·연꽃 등의 식물무늬가, 조선 중기에는 화조·쌍학·포도· 사군자 등의 무늬가 주로 사용되었다.
나전칠기를 만드는데 가장 중요한 재료는 옻나무 수액인 칠과 자개이다. 자개의 재료는 전복, 소라, 진주조개가 주로 사용되며, 남해안과 제주도 근해에서 나는 것이 아름답고 우수하다. 현재 나전칠기로 가장 유명한 지역은 경남 통영이며 강원도 원주는 우수한 옻칠 생산지로 널리 알려져 있다.]]></content>
</item>	
</result>
