<?xml version="1.0" encoding="utf-8"?>







<result>	
<ccbaKdcd>17</ccbaKdcd>
<ccbaAsno>01250000</ccbaAsno>
<ccbaCtcd>32</ccbaCtcd>
<ccbaCpno>1273201250000</ccbaCpno>
<longitude>0</longitude>
<latitude>0</latitude>
<item>	
		<ccmaName><![CDATA[국가무형문화재]]></ccmaName>
		<crltsnoNm>125</crltsnoNm>
		<ccbaMnm1><![CDATA[삼화사 수륙재]]></ccbaMnm1>
		<ccbaMnm2><![CDATA[三和寺 水陸齋]]></ccbaMnm2>
		<gcodeName><![CDATA[무형문화재]]></gcodeName>
		<bcodeName><![CDATA[의례·의식]]></bcodeName>
		<mcodeName><![CDATA[종교의례]]></mcodeName>
		<scodeName><![CDATA[]]></scodeName>
		<ccbaQuan><![CDATA[]]></ccbaQuan>
		<ccbaAsdt><![CDATA[20131231]]></ccbaAsdt>
		<ccbaCtcdNm><![CDATA[강원도 ]]></ccbaCtcdNm>
		<ccsiName><![CDATA[동해시]]></ccsiName>
		<ccbaLcad>
			
	             
	                 
	                 
	                     <![CDATA[강원도 동해시]]>
	                 
	             
	         
	         
		</ccbaLcad>
		<ccceName><![CDATA[]]></ccceName>
		<ccbaPoss>
                <![CDATA[]]>
        </ccbaPoss>
		<ccbaAdmin>
               <![CDATA[삼화사 국행수륙대재보존회]]>
		</ccbaAdmin>
		<ccbaCncl><![CDATA[N]]></ccbaCncl>
		<ccbaCndt><![CDATA[]]></ccbaCndt>
		<imageUrl>1623658.jpg</imageUrl>
		<content><![CDATA[‘수륙재(水陸齋)’는 온 천지와 수륙에 존재하는 모든 고혼(孤魂)의 천도를 위하여 지내는 의례로 개인 천도의 성격을 띤 영산재에 비해 공익성이 두드러지는 불교 의례이다. 조선초기부터 국행 수륙재로서 대규모로 설행되어 왔던 사실이 『조선왕조실록』을 비롯한 문헌에 나타나 있다.
동해 삼화사는 조선전기 국행수륙재의 전통을 계승하는 동시에 지역사회 통합을 위한 고혼 천도의 수륙재 전통을 가진 사찰이며, 의식과 범패, 장엄 등을 아울러 전승하고 있다.]]></content>
</item>	
</result>
