<?xml version="1.0" encoding="utf-8"?>







<result>	
<ccbaKdcd>17</ccbaKdcd>
<ccbaAsno>00120000</ccbaAsno>
<ccbaCtcd>38</ccbaCtcd>
<ccbaCpno>1273800120000</ccbaCpno>
<longitude>128.038491220142</longitude>
<latitude>35.1743755393295</latitude>
<item>	
		<ccmaName><![CDATA[국가무형문화재]]></ccmaName>
		<crltsnoNm>12</crltsnoNm>
		<ccbaMnm1><![CDATA[진주검무]]></ccbaMnm1>
		<ccbaMnm2><![CDATA[晋州劍舞]]></ccbaMnm2>
		<gcodeName><![CDATA[무형문화재]]></gcodeName>
		<bcodeName><![CDATA[전통 공연·예술]]></bcodeName>
		<mcodeName><![CDATA[춤]]></mcodeName>
		<scodeName><![CDATA[]]></scodeName>
		<ccbaQuan><![CDATA[]]></ccbaQuan>
		<ccbaAsdt><![CDATA[19670116]]></ccbaAsdt>
		<ccbaCtcdNm><![CDATA[경상남도 ]]></ccbaCtcdNm>
		<ccsiName><![CDATA[진주시]]></ccsiName>
		<ccbaLcad>
			
	             
	                 
	                 
	                     <![CDATA[경상남도 진주시]]>
	                 
	             
	         
	         
		</ccbaLcad>
		<ccceName><![CDATA[]]></ccceName>
		<ccbaPoss>
                <![CDATA[]]>
        </ccbaPoss>
		<ccbaAdmin>
               <![CDATA[(사)국가무형문화재 진주검무보존회]]>
		</ccbaAdmin>
		<ccbaCncl><![CDATA[N]]></ccbaCncl>
		<ccbaCndt><![CDATA[]]></ccbaCndt>
		<imageUrl>1624093.jpg</imageUrl>
		<content><![CDATA[진주검무는 진주지방에 전승되는 여성검무로서 검기무 또는 칼춤이라고도 하며 대궐안 잔치 때 행하던 춤의 하나이다. 유래는 정확히 알 수 없으나, 신라사람들이 나라를 위해 죽은 소년을 애도하는 의미에서 춤을 추었다는 설과 논개의 얼을 달래기 위해 진주기생들이 칼춤을 춘데서 비롯되었다는 설이 있다.
 진주검무는 도드리장단, 느린타령, 빠른타령에 맞추어 조선시대 무사복을 갖춘 8명의 무용수가 2줄로 마주보고 서서 양손에 색동천을 끼고 칼을 휘저으며 춘다. 춤사위의 종류로는 한삼을 끼고 무릎을 굽혀 도는 숙은사위, 앉아서 추는 앉은사위, 허리를 앞으로 엎쳤다가 뒤로 제치며 빙빙 도는 연풍대가락, 맨손으로 팔을 펴는 손사위 등으로 다양하며 독특하다. 반주악기로는 피리, 저, 해금, 장구, 북 등이 쓰인다. 
 현재의 진주검무는 당시 진주감영(현재의 시청)에 속해 있던 교방청(敎坊廳:일종의 기생학교) 기녀들의 의해 전승되던 춤으로 궁중 기녀들이 낙향하여 관청 기녀들에게 가르쳤을 것으로 추정된다.
 진주검무는 연출형식, 춤가락, 칼 쓰는 법 등 모든 기법이 과거 궁중에서 열던 검무의 원형을 그대로 보유하고 있어 예술적으로 가치가 높다.]]></content>
</item>	
</result>
