<?xml version="1.0" encoding="utf-8"?>







<result>	
<ccbaKdcd>17</ccbaKdcd>
<ccbaAsno>00670000</ccbaAsno>
<ccbaCtcd>50</ccbaCtcd>
<ccbaCpno>1273900670000</ccbaCpno>
<longitude>0</longitude>
<latitude>0</latitude>
<item>	
		<ccmaName><![CDATA[국가무형문화재]]></ccmaName>
		<crltsnoNm>67</crltsnoNm>
		<ccbaMnm1><![CDATA[탕건장]]></ccbaMnm1>
		<ccbaMnm2><![CDATA[宕巾匠]]></ccbaMnm2>
		<gcodeName><![CDATA[무형문화재]]></gcodeName>
		<bcodeName><![CDATA[전통기술]]></bcodeName>
		<mcodeName><![CDATA[공예]]></mcodeName>
		<scodeName><![CDATA[]]></scodeName>
		<ccbaQuan><![CDATA[]]></ccbaQuan>
		<ccbaAsdt><![CDATA[19801117]]></ccbaAsdt>
		<ccbaCtcdNm><![CDATA[제주특별자치도 ]]></ccbaCtcdNm>
		<ccsiName><![CDATA[제주시]]></ccsiName>
		<ccbaLcad>
			
	             
	                 
	                 
	                     <![CDATA[제주특별자치도 제주시]]>
	                 
	             
	         
	         
		</ccbaLcad>
		<ccceName><![CDATA[]]></ccceName>
		<ccbaPoss>
                <![CDATA[]]>
        </ccbaPoss>
		<ccbaAdmin>
               <![CDATA[]]>
		</ccbaAdmin>
		<ccbaCncl><![CDATA[N]]></ccbaCncl>
		<ccbaCndt><![CDATA[]]></ccbaCndt>
		<imageUrl>1624205.jpg</imageUrl>
		<content><![CDATA[탕건은 남자들이 갓을 쓸 때 받쳐 쓰는 모자의 일종으로, 사모(紗帽)나 갓 대신 평상시 집안에서 쓰며 말총이나 쇠꼬리털로 만든다. 이러한 탕건을 만드는 기술과 그 기술을 가진 사람을 탕건장이라고 한다. 조선시대에는 관직자가 평상시에 관을 대신하여 썼고, 속칭 ‘감투’라고도 하여 벼슬에 오르는 것을 일컫는 ‘감투쓴다’는 표현도 여기에서 유래되었다.
 한국의 탕건은 중국에서 온 것인지 아니면 고구려 벽화나 고대의 관모에서 변화된 것인지 밝히기가 어렵지만, 고려시대에는 중국 송나라의 영향을 받은 것으로 보인다. 왜냐하면 신라의 최치원이나 고려시대 인물인 이색, 정몽주 등을 그린 고려 후기의 초상화에서 쓰고 있는 모자가 탕건모양과 같기 때문이다. 이 모양은 조선 전기까지 이어진다. 
 탕건은 우리나라의 말총이 대부분 제주도에서 생산되기 때문에 제주도에서 가장 많이 만들어졌다. 탕건은 홑탕건과 겹탕건, 바둑탕건으로 분류된다. 모두 형태는 같으나 겹으로 또는 2중, 3중으로 엮어 나가는 방법에 따라 모양이 달라진 것이다. 바둑탕건은 사각무늬를 놓은 것인데, 이는 탕건이 독립된 모자 구실을 함에 따라 장식화된 것이다.]]></content>
</item>	
</result>
