<?xml version="1.0" encoding="utf-8"?>







<result>	
<ccbaKdcd>17</ccbaKdcd>
<ccbaAsno>00660000</ccbaAsno>
<ccbaCtcd>50</ccbaCtcd>
<ccbaCpno>1273900660000</ccbaCpno>
<longitude>0</longitude>
<latitude>0</latitude>
<item>	
		<ccmaName><![CDATA[국가무형문화재]]></ccmaName>
		<crltsnoNm>66</crltsnoNm>
		<ccbaMnm1><![CDATA[망건장]]></ccbaMnm1>
		<ccbaMnm2><![CDATA[網巾匠]]></ccbaMnm2>
		<gcodeName><![CDATA[무형문화재]]></gcodeName>
		<bcodeName><![CDATA[전통기술]]></bcodeName>
		<mcodeName><![CDATA[공예]]></mcodeName>
		<scodeName><![CDATA[]]></scodeName>
		<ccbaQuan><![CDATA[]]></ccbaQuan>
		<ccbaAsdt><![CDATA[19801117]]></ccbaAsdt>
		<ccbaCtcdNm><![CDATA[제주특별자치도 ]]></ccbaCtcdNm>
		<ccsiName><![CDATA[제주시]]></ccsiName>
		<ccbaLcad>
			
	             
	                 
	                 
	                     <![CDATA[제주특별자치도 제주시]]>
	                 
	             
	         
	         
		</ccbaLcad>
		<ccceName><![CDATA[]]></ccceName>
		<ccbaPoss>
                <![CDATA[]]>
        </ccbaPoss>
		<ccbaAdmin>
               <![CDATA[]]>
		</ccbaAdmin>
		<ccbaCncl><![CDATA[N]]></ccbaCncl>
		<ccbaCndt><![CDATA[]]></ccbaCndt>
		<imageUrl>1624190.jpg</imageUrl>
		<content><![CDATA[망건은 갓을 쓰기 전에 머리카락이 흘러내리지 않도록 하기 위해 말총으로 엮어 만든 일종의 머리띠이다. 
 망건은 윗부분을 졸라매는 당(살춤), 아랫부분을 졸라매는 편자(선단), 그믈처럼 얽혀져 이마부분을 감싸는 앞, 뒤통수를 싸매는 뒤로 구성된다. 이 밖에 계급을 표시하거나 장식하기 위해 관자와 풍잠을 메달기도 한다. 망건의 재료로는 말의 꼬리털이나 사람의 머리카락을 사용하며, 만드는 과정은 편자짜기에서 앞, 뒤뜨기로 이어지며 당을 걸고 망건을 삶아서 부드럽게 한 다음 염색을 하고 조립해 완성한다.]]></content>
</item>	
</result>
