<?xml version="1.0" encoding="utf-8"?>







<result>	
<ccbaKdcd>17</ccbaKdcd>
<ccbaAsno>00950000</ccbaAsno>
<ccbaCtcd>50</ccbaCtcd>
<ccbaCpno>1273900950000</ccbaCpno>
<longitude>0</longitude>
<latitude>0</latitude>
<item>	
		<ccmaName><![CDATA[국가무형문화재]]></ccmaName>
		<crltsnoNm>95</crltsnoNm>
		<ccbaMnm1><![CDATA[제주민요]]></ccbaMnm1>
		<ccbaMnm2><![CDATA[濟州民謠]]></ccbaMnm2>
		<gcodeName><![CDATA[무형문화재]]></gcodeName>
		<bcodeName><![CDATA[전통 공연·예술]]></bcodeName>
		<mcodeName><![CDATA[음악]]></mcodeName>
		<scodeName><![CDATA[]]></scodeName>
		<ccbaQuan><![CDATA[]]></ccbaQuan>
		<ccbaAsdt><![CDATA[19891201]]></ccbaAsdt>
		<ccbaCtcdNm><![CDATA[제주특별자치도 ]]></ccbaCtcdNm>
		<ccsiName><![CDATA[서귀포시]]></ccsiName>
		<ccbaLcad>
			
	             
	                 
	                 
	                     <![CDATA[제주특별자치도 서귀포시]]>
	                 
	             
	         
	         
		</ccbaLcad>
		<ccceName><![CDATA[]]></ccceName>
		<ccbaPoss>
                <![CDATA[]]>
        </ccbaPoss>
		<ccbaAdmin>
               <![CDATA[(사)국가무형문화재 제주민요 보존회]]>
		</ccbaAdmin>
		<ccbaCncl><![CDATA[N]]></ccbaCncl>
		<ccbaCndt><![CDATA[]]></ccbaCndt>
		<imageUrl>1624232.jpg</imageUrl>
		<content><![CDATA[제주도는 흔히 바람과 돌과 여자가 많다고 하여 삼다도라고도 한다. 직업의 종류에 따라 여러 가지 민요도 많이 전해지고 있어 민요의 보물창고로 널리 알려져 있다. 
 제주도에서 불려지는 토속적인 민요와 통속적인 민요는 민요를 부르는 사람들의 직업 종류에 따라 여러 가지로 나뉘는데, 농사짓기소리, 고기잡이소리, 일할 때 부르는 소리, 의식에서 부르는 소리, 부녀요와 동요, 통속화된 잡요로 나눌 수 있다. 농사짓기소리로는 <사대소리>, <밭밟는소리>가 있고, 고기잡이소리로는 <노젓는소리>, <멸치후리는소리> 등이 있다. 일하면서 부르는 소리로는 <고래소리>, <가래질소리>, <방앗돌굴리는소리> 등이 있으며, 의식요에는 <행상소리>, <달구소리>, <꽃염불> 등이 있다. 부녀요와 동요로는 <시집살이노래>, <애기흥그는소리>, <원님노래> 등이 있다. 잡요로는 <오돌또기>, <이야홍타령>, <서우젯소리> 등이 있다. 
 제주민요는 일하면서 부르는 노동요가 많고 부녀자들이 부르는 민요가 흔하다는 점에서 주목된다. 노랫말도 특이한 제주도 사투리를 많이 사용하고 있으며, 경기지역 민요보다 구슬프다. 제주민요는 한스러운 느낌을 푸념하듯이 나타내어 색다른 정취를 자아낸다.

※ 보유자 없는 보유단체로 인정 : 2017.4.3.(사단법인 국가무형문화재 제주민요보존회)]]></content>
</item>	
</result>
