<?xml version="1.0" encoding="utf-8"?>







<result>	
<ccbaKdcd>17</ccbaKdcd>
<ccbaAsno>00920000</ccbaAsno>
<ccbaCtcd>ZZ</ccbaCtcd>
<ccbaCpno>1271100920000</ccbaCpno>
<longitude>0</longitude>
<latitude>0</latitude>
<item>	
		<ccmaName><![CDATA[국가무형문화재]]></ccmaName>
		<crltsnoNm>92</crltsnoNm>
		<ccbaMnm1><![CDATA[태평무]]></ccbaMnm1>
		<ccbaMnm2><![CDATA[太平舞]]></ccbaMnm2>
		<gcodeName><![CDATA[무형문화재]]></gcodeName>
		<bcodeName><![CDATA[전통 공연·예술]]></bcodeName>
		<mcodeName><![CDATA[춤]]></mcodeName>
		<scodeName><![CDATA[]]></scodeName>
		<ccbaQuan><![CDATA[]]></ccbaQuan>
		<ccbaAsdt><![CDATA[19881201]]></ccbaAsdt>
		<ccbaCtcdNm><![CDATA[기타]]></ccbaCtcdNm>
		<ccsiName><![CDATA[]]></ccsiName>
		<ccbaLcad>
			
	             
	                 
	                 
	                     <![CDATA[기타]]>
	                 
	             
	         
	         
		</ccbaLcad>
		<ccceName><![CDATA[]]></ccceName>
		<ccbaPoss>
                <![CDATA[]]>
        </ccbaPoss>
		<ccbaAdmin>
               <![CDATA[]]>
		</ccbaAdmin>
		<ccbaCncl><![CDATA[N]]></ccbaCncl>
		<ccbaCndt><![CDATA[]]></ccbaCndt>
		<imageUrl>1623341.jpg</imageUrl>
		<content><![CDATA[태평무는 나라의 평안과 태평성대를 기리는 뜻을 춤으로 표현한 것이다. 유래는 확실치 않으나 1900년대의 무용가이며 명고수였던 한성준이 경기 무속춤을 재구성하여 추었던 춤의 하나로 알려져 있다.  
 남녀가 왕과 왕비의 복장을 하여 궁중풍의 웅장하고 화려함을 보여 주며, 춤장단은 진쇠, 낙궁, 터벌림, 도살풀이 등으로 다른 춤장단에 비해 구성이 복잡하고 까다롭다. 장단의 변화와 함께 겹걸음, 잔걸음, 무릎들어 걷기, 뒷꿈치 꺾기 등 디딤새의 기교가 현란하면서도 조급하지 않은 절제미를 보여준다. 
 동작이 섬세하고 우아하며 동작 하나하나에 절도가 있는데, 이동안류의 춤은 서민적인 소박함과 귀족적인 정서가 혼합된 형태로 흥과 멋, 장중함이 조화를 이루고 있으며, 강선영류의 춤은 엄숙함과 장중함이 배어 있고 율동이 크면서도 팔사위가 우아하고 화려하여 춤의 기품을 느낄 수 있다. 
 태평무는 우리나라 춤 중에서 가장 기교적인 발짓춤이라 할 수 있는 공연예술로서 민속춤이 지닌 특징을 잘 표현해 주고 있으며 세계에 견줄 만큼 예술성이 높다.]]></content>
</item>	
</result>
