<?xml version="1.0" encoding="utf-8"?>







<result>	
<ccbaKdcd>17</ccbaKdcd>
<ccbaAsno>01370000</ccbaAsno>
<ccbaCtcd>ZZ</ccbaCtcd>
<ccbaCpno>127ZZ01370000</ccbaCpno>
<longitude>0</longitude>
<latitude>0</latitude>
<item>	
		<ccmaName><![CDATA[국가무형문화재]]></ccmaName>
		<crltsnoNm>137</crltsnoNm>
		<ccbaMnm1><![CDATA[장 담그기]]></ccbaMnm1>
		<ccbaMnm2><![CDATA[醬 담그기]]></ccbaMnm2>
		<gcodeName><![CDATA[무형문화재]]></gcodeName>
		<bcodeName><![CDATA[전통 생활관습]]></bcodeName>
		<mcodeName><![CDATA[식생활]]></mcodeName>
		<scodeName><![CDATA[]]></scodeName>
		<ccbaQuan><![CDATA[]]></ccbaQuan>
		<ccbaAsdt><![CDATA[20181227]]></ccbaAsdt>
		<ccbaCtcdNm><![CDATA[기타]]></ccbaCtcdNm>
		<ccsiName><![CDATA[]]></ccsiName>
		<ccbaLcad>
			
	         
	             <![CDATA[기타 ]]>
	         
		</ccbaLcad>
		<ccceName><![CDATA[]]></ccceName>
		<ccbaPoss>
                <![CDATA[]]>
        </ccbaPoss>
		<ccbaAdmin>
               <![CDATA[]]>
		</ccbaAdmin>
		<ccbaCncl><![CDATA[N]]></ccbaCncl>
		<ccbaCndt><![CDATA[]]></ccbaCndt>
		<imageUrl>2018122811081400.JPG</imageUrl>
		<content><![CDATA[‘장 담그기’는 콩을 사용하여 만든 식품인 장(醬) 그 자체의 효능을 넘어, 재료를 직접 준비해서 장을 만들고 발효시키는 전반적인 과정을 포괄하는 개념이다. 
두장(豆醬)문화권에 속한 우리나라에서는 삼국시대부터 장을 만들어서 먹은 것으로 알려져 있다. 또한, 조선시대 왕실에서는 장을 따로 보관하는 장고(醬庫)를 두었으며, ‘장고마마’라 불리는 상궁이 직접 장을 담그고 관리하는 등 전통적으로 우리나라의 장은 식생활에서 중요한 위치를 차지해 왔다.
우리나라의 ‘장 담그기’는 콩 재배, 메주 만들기, 장 만들기, 장 가르기, 숙성과 발효 등으로 이어지는 과정을 발전시켜왔다는 점에서 중국이나 일본과 구별되는 독특한 장 제조법을 가지고 있다. 또한, 메주를 띄우는 과정을 거친 후 된장과 간장 두 가지의 장을 만든다는 점, 전년도에 쓰고 남은 씨간장을 이용해 수년 동안 겹장의 형식을 거친다는 점 등은 한국의 장 담그기가 갖는 특징이자 독창적인 대목이다. 
 ‘장 담그기’는 고대부터 오랫동안 장을 담가 먹은 유구한 역사를 가지고 있다는 점, 우리나라 음식 조리법이나 식문화에 대한 연구 등 다양한 방향으로 연구될 수 있다는 점, 한국의 주거문화, 세시풍속, 기복신앙, 전통과학적 요소 등을 복합적으로 가지고 있다는 점, 세대 간 전승에 의해 모든 한국인들이 직간접적으로 동참하고 있다는 점이 높이 평가되어 국가무형문화재로 지정할 가치가 높은 것으로 평가받았다.
다만, ‘장 담그기’는 우리나라 전역에서 각 가정을 중심으로 현재도 자연스럽게 전승되고 있는 생활관습이자 문화라는 점에서, 특정 보유자나 보유단체를 인정하지 않는다.]]></content>
</item>	
</result>
