<?xml version="1.0" encoding="utf-8"?>







<result>	
<ccbaKdcd>17</ccbaKdcd>
<ccbaAsno>00350000</ccbaAsno>
<ccbaCtcd>ZZ</ccbaCtcd>
<ccbaCpno>1271100350000</ccbaCpno>
<longitude>0</longitude>
<latitude>0</latitude>
<item>	
		<ccmaName><![CDATA[국가무형문화재]]></ccmaName>
		<crltsnoNm>35</crltsnoNm>
		<ccbaMnm1><![CDATA[조각장]]></ccbaMnm1>
		<ccbaMnm2><![CDATA[彫刻匠]]></ccbaMnm2>
		<gcodeName><![CDATA[무형문화재]]></gcodeName>
		<bcodeName><![CDATA[전통기술]]></bcodeName>
		<mcodeName><![CDATA[미술]]></mcodeName>
		<scodeName><![CDATA[]]></scodeName>
		<ccbaQuan><![CDATA[]]></ccbaQuan>
		<ccbaAsdt><![CDATA[19700722]]></ccbaAsdt>
		<ccbaCtcdNm><![CDATA[기타]]></ccbaCtcdNm>
		<ccsiName><![CDATA[]]></ccsiName>
		<ccbaLcad>
			
	             
	                 
	                 
	                     <![CDATA[기타]]>
	                 
	             
	         
	         
		</ccbaLcad>
		<ccceName><![CDATA[]]></ccceName>
		<ccbaPoss>
                <![CDATA[]]>
        </ccbaPoss>
		<ccbaAdmin>
               <![CDATA[]]>
		</ccbaAdmin>
		<ccbaCncl><![CDATA[N]]></ccbaCncl>
		<ccbaCndt><![CDATA[]]></ccbaCndt>
		<imageUrl>1623173.jpg</imageUrl>
		<content><![CDATA[조각장은 금속에 조각을 하는 기능이나 그 기능을 가진 사람으로, 조이장이라고도 한다. 금속조각은 금속제 그릇이나 물건의 표면에 무늬를 새겨 장식하는 것을 말한다. 
출토된 유물에 의하면 금속조각은 청동기시대에 처음 발견되었고, 삼국시대에는 여러 가지 조각기법이 사용되었으며, 고려시대에 크게 발전하였다. 그 후 조선시대에는 경공장(京工匠)의 금속공예 분야가 세분화되면서 조각장이 따로 설정되어 있었다.
금속조각 기법으로는 평각(平刻)·투각·고각·육각·상감입사(象嵌入絲) 등이 있다. 평각이란 일명 음각이라고도 하는데 평면에 여러 가지 문양을 쪼아서 나타낸다. 투각은 바탕면의 문양에 따라 필요없는 부분을 정으로 쪼거나 오려서 빼낸다. 고각은 바탕면에 무늬를 도드라지게 튀어나오도록 한다. 육각은 가장 어려운 기법으로 기물의 외면과 내면에 정으로 두들기거나 오그려서 무늬를 나타낸다. 상감입사는 바탕에 홈을 파고 그 자리에 금·은·오동선 등을 넣은 후 빠지지 않게 다진다. 재료는 금·은·철·석·연·아연 등으로 다양하나 주로 은을 사용한다. 무늬는 산수·화조(花鳥)·구름과 용·덩굴무늬 등이 일반적이고, 조선말 이후에는 아름답거나 좋은 뜻을 지닌 문양을 주류를 이룬다.]]></content>
</item>	
</result>
