<?xml version="1.0" encoding="utf-8"?>







<result>	
<ccbaKdcd>17</ccbaKdcd>
<ccbaAsno>00640000</ccbaAsno>
<ccbaCtcd>ZZ</ccbaCtcd>
<ccbaCpno>1279900640000</ccbaCpno>
<longitude>0</longitude>
<latitude>0</latitude>
<item>	
		<ccmaName><![CDATA[국가무형문화재]]></ccmaName>
		<crltsnoNm>64</crltsnoNm>
		<ccbaMnm1><![CDATA[두석장]]></ccbaMnm1>
		<ccbaMnm2><![CDATA[豆錫匠]]></ccbaMnm2>
		<gcodeName><![CDATA[무형문화재]]></gcodeName>
		<bcodeName><![CDATA[전통기술]]></bcodeName>
		<mcodeName><![CDATA[공예]]></mcodeName>
		<scodeName><![CDATA[]]></scodeName>
		<ccbaQuan><![CDATA[]]></ccbaQuan>
		<ccbaAsdt><![CDATA[19801117]]></ccbaAsdt>
		<ccbaCtcdNm><![CDATA[기타]]></ccbaCtcdNm>
		<ccsiName><![CDATA[]]></ccsiName>
		<ccbaLcad>
			
	             
	                 
	                 
	                     <![CDATA[기타]]>
	                 
	             
	         
	         
		</ccbaLcad>
		<ccceName><![CDATA[]]></ccceName>
		<ccbaPoss>
                <![CDATA[]]>
        </ccbaPoss>
		<ccbaAdmin>
               <![CDATA[]]>
		</ccbaAdmin>
		<ccbaCncl><![CDATA[N]]></ccbaCncl>
		<ccbaCndt><![CDATA[]]></ccbaCndt>
		<imageUrl>1624353.jpg</imageUrl>
		<content><![CDATA[목가구의 결합부분을 보강하고 열고 닫을 수 잇는 자물쇠 등의 금속제 장식을 장석이라고 하며, 구리와 주석을 함금한 황동(놋쇠) 장석을 만드는 장인을 두석장이라 부른다. 장석의 재료로는 황동과 백동을 사용하며, 보다 사치스러운 장석으로 꾸미기 위해서는 백동을 쓴다. 주석이나 백동을 넣어 가열해 녹이고 이것을 망치로 두들겨 0.5㎜두께의 판철로 늘이고 면을 반듯하게 다듬는다. 여기에 본을 따라 작도와 정으로 오리고 줄로 다듬고 활비비와 정으로 문양을 새긴 뒤 사기분말을 묻힌 천으로 문질러 광택을 내 완성한다. 장석의 종류로는 장석을 붙이는 물건에 따라 농장석, 궤장석, 의걸이장석, 벼락닫이장석, 모반장석, 전통장석 등이 있으며, 문양은 팔봉, 사모, 아자, 나비, 박쥐, 붕어, 학 등이 있다. 자물쇠는 귀자쇠통, 비각쇠통, 거북장쇠통, 타래쇠통, 네모희자쇠통 등이 있다. 장석만으로는 하나의 완성품이 되지 못하기 때문에 소목장의 주문에 따라 특별 제작되었다.]]></content>
</item>	
</result>
