<?xml version="1.0" encoding="utf-8"?>







<result>	
<ccbaKdcd>17</ccbaKdcd>
<ccbaAsno>00550000</ccbaAsno>
<ccbaCtcd>ZZ</ccbaCtcd>
<ccbaCpno>1273600550000</ccbaCpno>
<longitude>0</longitude>
<latitude>0</latitude>
<item>	
		<ccmaName><![CDATA[국가무형문화재]]></ccmaName>
		<crltsnoNm>55</crltsnoNm>
		<ccbaMnm1><![CDATA[소목장]]></ccbaMnm1>
		<ccbaMnm2><![CDATA[小木匠]]></ccbaMnm2>
		<gcodeName><![CDATA[무형문화재]]></gcodeName>
		<bcodeName><![CDATA[전통기술]]></bcodeName>
		<mcodeName><![CDATA[공예]]></mcodeName>
		<scodeName><![CDATA[]]></scodeName>
		<ccbaQuan><![CDATA[]]></ccbaQuan>
		<ccbaAsdt><![CDATA[19750129]]></ccbaAsdt>
		<ccbaCtcdNm><![CDATA[기타]]></ccbaCtcdNm>
		<ccsiName><![CDATA[]]></ccsiName>
		<ccbaLcad>
			
	             
	                 
	                 
	                     <![CDATA[기타]]>
	                 
	             
	         
	         
		</ccbaLcad>
		<ccceName><![CDATA[]]></ccceName>
		<ccbaPoss>
                <![CDATA[]]>
        </ccbaPoss>
		<ccbaAdmin>
               <![CDATA[]]>
		</ccbaAdmin>
		<ccbaCncl><![CDATA[N]]></ccbaCncl>
		<ccbaCndt><![CDATA[]]></ccbaCndt>
		<imageUrl>1623873.jpg</imageUrl>
		<content><![CDATA[소목장은 건물의 창호, 목기, 목가구(장롱·궤·경대·책상·문갑 등)를 제작하는 목수를 말한다. 기록상으로 보면 목수는 신라때부터 있었고, 소목장이라는 명칭은 고려때부터 사용되었다. 조선 전기까지는 주로 왕실과 상류계층을 위한 목가구가 만들어졌으나, 조선 후기에는 민간에 널리 보급되어 자급자족에 따른 지역적 특성이 나타나게 되었다.
  장롱은 재료에 따라 귀목장롱·솔장롱·오동장롱이 있고 칠을 안한 백골 장롱, 칠을 한 칠장롱, 무늬가 없는 민장롱, 들기름을 먹인 종이를 바른 발림장롱으로 분류된다. 즐겨 사용하는 무늬는 삼호장·성티무늬·뇌문(번개무늬)·겹귀무늬·홑귀무늬 등이 있고 제작도구로는 톱 종류와 대패·등밀이·장도리·송곳·놋줄 등이 사용된다.
 소목장의 기능은 무늬가 있는 나무를 사용하여 자연스러운 미를 최대한 살려내는 전통 목공예기법으로 민속공예사적 가치가 있다.]]></content>
</item>	
</result>
