<?xml version="1.0" encoding="utf-8"?>







<result>	
<ccbaKdcd>17</ccbaKdcd>
<ccbaAsno>00770000</ccbaAsno>
<ccbaCtcd>ZZ</ccbaCtcd>
<ccbaCpno>1279900770000</ccbaCpno>
<longitude>0</longitude>
<latitude>0</latitude>
<item>	
		<ccmaName><![CDATA[국가무형문화재]]></ccmaName>
		<crltsnoNm>77</crltsnoNm>
		<ccbaMnm1><![CDATA[유기장]]></ccbaMnm1>
		<ccbaMnm2><![CDATA[鍮器匠]]></ccbaMnm2>
		<gcodeName><![CDATA[무형문화재]]></gcodeName>
		<bcodeName><![CDATA[전통기술]]></bcodeName>
		<mcodeName><![CDATA[공예]]></mcodeName>
		<scodeName><![CDATA[]]></scodeName>
		<ccbaQuan><![CDATA[]]></ccbaQuan>
		<ccbaAsdt><![CDATA[19830601]]></ccbaAsdt>
		<ccbaCtcdNm><![CDATA[기타]]></ccbaCtcdNm>
		<ccsiName><![CDATA[]]></ccsiName>
		<ccbaLcad>
			
	             
	                 
	                 
	                     <![CDATA[기타]]>
	                 
	             
	         
	         
		</ccbaLcad>
		<ccceName><![CDATA[]]></ccceName>
		<ccbaPoss>
                <![CDATA[]]>
        </ccbaPoss>
		<ccbaAdmin>
               <![CDATA[]]>
		</ccbaAdmin>
		<ccbaCncl><![CDATA[N]]></ccbaCncl>
		<ccbaCndt><![CDATA[]]></ccbaCndt>
		<imageUrl>1624385.jpg</imageUrl>
		<content><![CDATA[유기장은 놋쇠로 각종 기물을 만드는 기술과 그 기술을 가진 사람을 말한다. 우리나라 유기의 역사는 청동기시대부터 시작되었고 신라시대에는 유기를 만드는 국가의 전문기관이 있었다. 고려시대에는 더욱 발달하여 얇고 광택이 아름다운 유기를 만들었다. 조선 전기에는 기술이 퇴화한 듯하였으나 18세기에 이르러 다시 성행하여 사대부 귀족들은 안성지역에 유기를 주문하여 생산하도록 하였다. 
 유기는 대표적인 구리 합금 금속으로서 각 성분비율에 따라 여러 종류가 있는데, 구리에 주석을 섞는 비율에 따라 이름이 달라지기도 한다. 구리와 아연을 합금하여 만든 그릇은 황동유기라 하는데 노르스름한 빛깔에 은은한 광택이 난다. 구리에 니켈을 합금한 것은 백동유기라 하며 흰 빛을 띤다. 
유기의 종류는 제작기법에 따라 방짜와 주물, 반방짜 등이 있다. 방짜유기는 북한의 납청유기가 유명하다. 방짜유기는 녹인 쇳물로 바둑알 같이 둥근 놋쇠 덩어리를 만든 후 여러 명이 망치로 쳐서 그릇의 형태로 만든다. 방짜로는 징이나 꽹과리, 식기, 놋대야 등을 만들 수 있다. 주물유기는 쇳물을 일정한 틀에 부어 원하는 기물을 만들어 내는 방법으로, 안성의 맞춤유기는 ‘안성맞춤’이라는 속담이 생겨날 정도로 유명하게 되었다.  
 유기장은 지역별로 독특한 양상으로 발전하였고 실용성이 높은 고유의 공예품으로서 가치가 있는 전통적인 금속공예기술이다.]]></content>
</item>	
</result>
