<?xml version="1.0" encoding="utf-8"?>







<result>	
<ccbaKdcd>17</ccbaKdcd>
<ccbaAsno>01300000</ccbaAsno>
<ccbaCtcd>ZZ</ccbaCtcd>
<ccbaCpno>127ZZ01300000</ccbaCpno>
<longitude>0</longitude>
<latitude>0</latitude>
<item>	
		<ccmaName><![CDATA[국가무형문화재]]></ccmaName>
		<crltsnoNm>130</crltsnoNm>
		<ccbaMnm1><![CDATA[제다]]></ccbaMnm1>
		<ccbaMnm2><![CDATA[製茶]]></ccbaMnm2>
		<gcodeName><![CDATA[무형문화재]]></gcodeName>
		<bcodeName><![CDATA[전통 생활관습]]></bcodeName>
		<mcodeName><![CDATA[식생활]]></mcodeName>
		<scodeName><![CDATA[]]></scodeName>
		<ccbaQuan><![CDATA[]]></ccbaQuan>
		<ccbaAsdt><![CDATA[20160714]]></ccbaAsdt>
		<ccbaCtcdNm><![CDATA[기타]]></ccbaCtcdNm>
		<ccsiName><![CDATA[]]></ccsiName>
		<ccbaLcad>
			
	             
	                 
	                 
	                     <![CDATA[기타]]>
	                 
	             
	         
	         
		</ccbaLcad>
		<ccceName><![CDATA[]]></ccceName>
		<ccbaPoss>
                <![CDATA[]]>
        </ccbaPoss>
		<ccbaAdmin>
               <![CDATA[]]>
		</ccbaAdmin>
		<ccbaCncl><![CDATA[N]]></ccbaCncl>
		<ccbaCndt><![CDATA[]]></ccbaCndt>
		<imageUrl>2016101118032200.jpg</imageUrl>
		<content><![CDATA[‘제다’(製茶)는 차나무의 싹, 잎, 어린줄기를 찌거나 덖거나 발효 등을 거쳐 재료로 만든 후 비비기, 찧기, 압착, 건조 등의 공정을 통해 마실 수 있는 차(茶)로 만드는 전통기술을 말한다.
제다(製茶)에 관한 기록은 삼국시대부터 조선후기 다서(茶書)에 이르기까지 나타난다. 제다(製茶) 기법은 오랜 기간 동안 다양하게 변화․발전하여 오늘날에도 활발하게 전승·통용되고 있다. 차 제조 방법 및 음다 방식 등에서도 우리나라만의 고유성이 있다.

※ 국가무형문화재 ‘제다’는 한반도 남부 지방의 차산지에 기반을 두고 있으며, 차 제조 기술이 다양한 방식과 형태로 일반적으로 공유·전승되고 있으므로 보유자나 보유단체를 인정하지 않음.]]></content>
</item>	
</result>
