<?xml version="1.0" encoding="utf-8"?>







<result>	
<ccbaKdcd>17</ccbaKdcd>
<ccbaAsno>00040000</ccbaAsno>
<ccbaCtcd>ZZ</ccbaCtcd>
<ccbaCpno>1279900040000</ccbaCpno>
<longitude>126.670577967495</longitude>
<latitude>33.4371933829539</latitude>
<item>	
		<ccmaName><![CDATA[국가무형문화재]]></ccmaName>
		<crltsnoNm>4</crltsnoNm>
		<ccbaMnm1><![CDATA[갓일]]></ccbaMnm1>
		<ccbaMnm2><![CDATA[]]></ccbaMnm2>
		<gcodeName><![CDATA[무형문화재]]></gcodeName>
		<bcodeName><![CDATA[전통기술]]></bcodeName>
		<mcodeName><![CDATA[공예]]></mcodeName>
		<scodeName><![CDATA[]]></scodeName>
		<ccbaQuan><![CDATA[]]></ccbaQuan>
		<ccbaAsdt><![CDATA[19641224]]></ccbaAsdt>
		<ccbaCtcdNm><![CDATA[기타]]></ccbaCtcdNm>
		<ccsiName><![CDATA[]]></ccsiName>
		<ccbaLcad>
			
	             
	                 
	                 
	                     <![CDATA[기타]]>
	                 
	             
	         
	         
		</ccbaLcad>
		<ccceName><![CDATA[]]></ccceName>
		<ccbaPoss>
                <![CDATA[]]>
        </ccbaPoss>
		<ccbaAdmin>
               <![CDATA[]]>
		</ccbaAdmin>
		<ccbaCncl><![CDATA[N]]></ccbaCncl>
		<ccbaCndt><![CDATA[]]></ccbaCndt>
		<imageUrl>1624235.jpg</imageUrl>
		<content><![CDATA[갓은 조선시대 성인 남자들이 외출할 때 반드시 갖추어야 할 예복중의 하나로 원래는 햇볕, 비, 바람을 가리기 위한 실용적인 모자였으나 주로 양반의 사회적인 신분을 반영하는 용도로 사용되었다. 갓은 넓은 의미로 방갓형과 패랭이형 모두를 말하는데 일반적으로 흑립·칠립·평립이라고 부르며 갓일은 갓을 만드는 과정을 말한다.
 갓일은 총모자, 양태, 입자로 나뉜다. 총모자는 컵을 뒤집어 놓은 듯한 갓 대우 부분을 말꼬리털 또는 목덜미털을 사용해 만드는 것을 가리킨다. 양태는 대나무를 머리카락보다 잘게 쪼개서 레코드판처럼 둥글게 얽어내는 과정을 말하며, 입자는 총모자와 양태를 조립하면서 명주를 입히고 옻칠을 해서 제품을 완성시키는 것이다. 세 가지 과정은 서로 재료가 다르고 솜씨의 격차가 심하기 때문에 생산지를 달리하거나 따로 행해지는 것이 보통이다.
 우리 민족의 의생활에서 필수품목의 하나였던 갓은 의복의 변화와 단발령 이후 점차 수요가 줄어들어 현재 통영, 예천, 제주 등지에서만 명맥을 유지하고 있다.]]></content>
</item>	
</result>
