<?xml version="1.0" encoding="utf-8"?>







<result>	
<ccbaKdcd>17</ccbaKdcd>
<ccbaAsno>00790000</ccbaAsno>
<ccbaCtcd>ZZ</ccbaCtcd>
<ccbaCpno>1271100790000</ccbaCpno>
<longitude>0</longitude>
<latitude>0</latitude>
<item>	
		<ccmaName><![CDATA[국가무형문화재]]></ccmaName>
		<crltsnoNm>79</crltsnoNm>
		<ccbaMnm1><![CDATA[발탈]]></ccbaMnm1>
		<ccbaMnm2><![CDATA[]]></ccbaMnm2>
		<gcodeName><![CDATA[무형문화재]]></gcodeName>
		<bcodeName><![CDATA[전통 공연·예술]]></bcodeName>
		<mcodeName><![CDATA[연희]]></mcodeName>
		<scodeName><![CDATA[]]></scodeName>
		<ccbaQuan><![CDATA[]]></ccbaQuan>
		<ccbaAsdt><![CDATA[19830601]]></ccbaAsdt>
		<ccbaCtcdNm><![CDATA[기타]]></ccbaCtcdNm>
		<ccsiName><![CDATA[]]></ccsiName>
		<ccbaLcad>
			
	             
	                 
	                 
	                     <![CDATA[기타]]>
	                 
	             
	         
	         
		</ccbaLcad>
		<ccceName><![CDATA[]]></ccceName>
		<ccbaPoss>
                <![CDATA[]]>
        </ccbaPoss>
		<ccbaAdmin>
               <![CDATA[]]>
		</ccbaAdmin>
		<ccbaCncl><![CDATA[N]]></ccbaCncl>
		<ccbaCndt><![CDATA[]]></ccbaCndt>
		<imageUrl>1623301.jpg</imageUrl>
		<content><![CDATA[발탈은 발에 탈을 쓰고 노는 놀이이다. 유래에 대한 정확한 기록은 남아 있지 않지만 경기도 안성지방의 남사당패가 행하던 꼭두각시놀음이 변형되어 주로 중부지방에서 연희되었던 것으로 추측된다.
 발탈은 처음에는 허수아비 모양으로 만든 인형의 머리부분을 탈꾼의 발바닥에 씌우고 팔은 노끈으로 연결하여 당기거나 놓으면서 조종했다고 한다. 그 후 광무대 시절에 박춘재는 직접 손에 한삼을 끼고 공연하였으며, 남형우는 양팔 끝에 노끈을 연결시켜 위로 올린 것을 대나무에 연결하고 그 대나무를 양손으로 조종하면서 발탈놀이를 하였다. 초대 발탈 예능보유자인 이동안 씨는 두 가지 방법으로 다하여 왔으나 근래에는 손에 한삼을 끼고 하는 것은 손놀음이 불편할뿐 아니라 장시간 공연하기가 어려워 대나무로 양팔을 움직여서 공연하게 되었다.
 탈판의 구조는 검은 포장으로 가로 약 2m, 세로 약 1m 정도의 포장막을 4각으로 짜서 탈꾼은 그 속에 누워 발만 포장 앞으로 내놓는다. 탈꾼은 발의 움직임과 손의 움직임을 기본으로 하여 노래와 춤 그리고 재담 등을 하고, 포장막 밖에 서는 어릿광대가 탈꾼을 상대해 주고, 양옆에서 피리, 젓대, 해금, 북, 장구 등 삼현육각이 반주를 해준다.
 발탈놀이는 줄인형극과 장대인형극의 조정형식을 갖춘 인형극적 성격과 함께 가면극으로서의 성격도 가미되어 있다. 또한 이야기 속에는 잔재주나 장난기 뿐 아니라 사회를 보는 비판력과 관찰력이 예리하게 반영되어 있으며, 당시 짓눌렸던 서민들의 애환을 꾸밈없이 담고 있다는 데서 다른 지역의 탈놀이에 담긴 내재적 성격과 일치하고 있음을 알 수 있다.]]></content>
</item>	
</result>
