<?xml version="1.0" encoding="utf-8"?>







<result>	
<ccbaKdcd>17</ccbaKdcd>
<ccbaAsno>01080000</ccbaAsno>
<ccbaCtcd>ZZ</ccbaCtcd>
<ccbaCpno>1279901080000</ccbaCpno>
<longitude>127.832037048852</longitude>
<latitude>35.4923590344189</latitude>
<item>	
		<ccmaName><![CDATA[국가무형문화재]]></ccmaName>
		<crltsnoNm>108</crltsnoNm>
		<ccbaMnm1><![CDATA[목조각장]]></ccbaMnm1>
		<ccbaMnm2><![CDATA[木彫刻匠]]></ccbaMnm2>
		<gcodeName><![CDATA[무형문화재]]></gcodeName>
		<bcodeName><![CDATA[전통기술]]></bcodeName>
		<mcodeName><![CDATA[미술]]></mcodeName>
		<scodeName><![CDATA[]]></scodeName>
		<ccbaQuan><![CDATA[]]></ccbaQuan>
		<ccbaAsdt><![CDATA[19961231]]></ccbaAsdt>
		<ccbaCtcdNm><![CDATA[기타]]></ccbaCtcdNm>
		<ccsiName><![CDATA[]]></ccsiName>
		<ccbaLcad>
			
	             
	                 
	                 
	                     <![CDATA[기타]]>
	                 
	             
	         
	         
		</ccbaLcad>
		<ccceName><![CDATA[]]></ccceName>
		<ccbaPoss>
                <![CDATA[]]>
        </ccbaPoss>
		<ccbaAdmin>
               <![CDATA[]]>
		</ccbaAdmin>
		<ccbaCncl><![CDATA[N]]></ccbaCncl>
		<ccbaCndt><![CDATA[]]></ccbaCndt>
		<imageUrl>1624425.jpg</imageUrl>
		<content><![CDATA[목조각은 목재를 소재로 나무가 가진 양감과 질감을 표현하는 조각이다. 목조각의 재료로는 결이 아름답고 견실한 오동나무, 소나무, 전나무, 은행나무, 느티나무, 회화나무 등이 많이 사용되어 왔다. 
 우리나라는 삼국시대때 불교가 전해지면서부터 사찰 건축과 불상 등 불교 의식과 관련된 조각들이 제작되기 시작한 것으로 보이지만 여러 차례의 전란으로 인해 대부분 소실되거나 분실되어 전하는 것은 많지 않다.
 목조각의 제작과정을 살펴보면 먼저 잘 건조된 목재 위에 밑그림을 그린 뒤 목재의 필요 없는 부분을 쳐내는데 이것을 걷목이라고 한다. 걷목으로 대충의 행태가 드러나면 불상의 속을 걷어 내는데 이것을 건조 과정에서 생길 수 있는 갈라짐을 방지하기 위한 것이기도 하며, 종교적으로 복장을 넣기 위한 공간을 마련하는 것이기도 하다. 점차 세부 조각을 한 뒤 옻칠과 채색하여 완성한다.]]></content>
</item>	
</result>
