<?xml version="1.0" encoding="utf-8"?>







<result>	
<ccbaKdcd>17</ccbaKdcd>
<ccbaAsno>01290000</ccbaAsno>
<ccbaCtcd>ZZ</ccbaCtcd>
<ccbaCpno>127ZZ01290000</ccbaCpno>
<longitude>0</longitude>
<latitude>0</latitude>
<item>	
		<ccmaName><![CDATA[국가무형문화재]]></ccmaName>
		<crltsnoNm>129</crltsnoNm>
		<ccbaMnm1><![CDATA[아리랑]]></ccbaMnm1>
		<ccbaMnm2><![CDATA[]]></ccbaMnm2>
		<gcodeName><![CDATA[무형문화재]]></gcodeName>
		<bcodeName><![CDATA[전통 공연·예술]]></bcodeName>
		<mcodeName><![CDATA[음악]]></mcodeName>
		<scodeName><![CDATA[]]></scodeName>
		<ccbaQuan><![CDATA[]]></ccbaQuan>
		<ccbaAsdt><![CDATA[20150922]]></ccbaAsdt>
		<ccbaCtcdNm><![CDATA[기타]]></ccbaCtcdNm>
		<ccsiName><![CDATA[]]></ccsiName>
		<ccbaLcad>
			
	         
	             <![CDATA[기타 ]]>
	         
		</ccbaLcad>
		<ccceName><![CDATA[]]></ccceName>
		<ccbaPoss>
                <![CDATA[]]>
        </ccbaPoss>
		<ccbaAdmin>
               <![CDATA[]]>
		</ccbaAdmin>
		<ccbaCncl><![CDATA[N]]></ccbaCncl>
		<ccbaCndt><![CDATA[]]></ccbaCndt>
		<imageUrl>2016012616240700.jpg</imageUrl>
		<content><![CDATA[국가무형문화재 아리랑은 향토민요 또는 통속민요로 불리는 모든 아리랑계통 악곡으로, 한민족의 정서가 녹아 있는 노래이자 가장 널리 공유되고 있는 대표적인 문화상징 중의 하나이다. 또한, 아리랑은 소박하고 자연스러운 표현으로 민중의 희로애락과 염원을 노래하고 여러 세대에 걸쳐 생명력을 더하며 전승되어옴에 따라 무형문화재로서의 역사성, 예술성, 학술성 등의 가치가 탁월하다.

※ 2012.12.5. 유네스코 인류무형문화유산 대표목록에 등재 됨.
※ 아리랑은 전국적인 기반을 두고 지역과 세대를 초월해 광범위하게 전승되어 현대에 적용되고 있다는 점에서 국가무형문화재 아리랑 종목은 특정 보유자나 보유단체를 인정하지 않음.]]></content>
</item>	
</result>
