<?xml version="1.0" encoding="utf-8"?>







<result>	
<ccbaKdcd>17</ccbaKdcd>
<ccbaAsno>00880000</ccbaAsno>
<ccbaCtcd>ZZ</ccbaCtcd>
<ccbaCpno>1279900880000</ccbaCpno>
<longitude>0</longitude>
<latitude>0</latitude>
<item>	
		<ccmaName><![CDATA[국가무형문화재]]></ccmaName>
		<crltsnoNm>88</crltsnoNm>
		<ccbaMnm1><![CDATA[바디장]]></ccbaMnm1>
		<ccbaMnm2><![CDATA[바디匠]]></ccbaMnm2>
		<gcodeName><![CDATA[무형문화재]]></gcodeName>
		<bcodeName><![CDATA[전통기술]]></bcodeName>
		<mcodeName><![CDATA[공예]]></mcodeName>
		<scodeName><![CDATA[]]></scodeName>
		<ccbaQuan><![CDATA[]]></ccbaQuan>
		<ccbaAsdt><![CDATA[19880801]]></ccbaAsdt>
		<ccbaCtcdNm><![CDATA[기타]]></ccbaCtcdNm>
		<ccsiName><![CDATA[]]></ccsiName>
		<ccbaLcad>
			
	             
	                 
	                 
	                     <![CDATA[기타]]>
	                 
	             
	         
	         
		</ccbaLcad>
		<ccceName><![CDATA[]]></ccceName>
		<ccbaPoss>
                <![CDATA[]]>
        </ccbaPoss>
		<ccbaAdmin>
               <![CDATA[]]>
		</ccbaAdmin>
		<ccbaCncl><![CDATA[N]]></ccbaCncl>
		<ccbaCndt><![CDATA[]]></ccbaCndt>
		<imageUrl>1624413.jpg</imageUrl>
		<content><![CDATA[바디는 베를 짜는 베틀의 한 부분으로 이를 만드는 기술과 그 기술을 가진 사람을 바디장이라 한다. 옷은 엣부터 사람들의 의·식·주 생활에 있어서 중요한 부분을 차지해 왔으며, 신석기시대의 유적지에서 실을 뽑은 가락에 끼우는 방추차가 발견된 것으로 보아 이미 신석기시대에 베를 짜기 시작했음을 알 수 있다. 
 바디는 대나무의 껍질로 만드는데, 3~4년이 지난 대나무라야 껍질이 단단하고 두터워 재료로서 적합하다. 제작과정을 보면 바디살 만드는 과정, 기둥살(일명 날대) 만드는 과정, 마구리를 끼우는 과정, 그리고 갓 붙이는 과정 등으로 구분된다. 바디의 종류는 모시베, 명주베, 무명베, 삼베 등 짜는 옷감의 종류에 따라 다르기도 하고, 같은 모시베를 짜는 바디라 할지라도 베의 바탕 올이 가늘고 굵기에 따라 9새에서부터 18새까지 모두 다르다. 
 바디는 안동과 한산지방에서 제작된 것이 섬세하고 튼튼하여 명물로 인정받고 있으며, 한산 모시는 세계적으로 유명하여 각종 직조기술이 발달하였다. 또한 한국전쟁 이후 합성섬유의 발달로 바디제작이 많이 쇠퇴하기도 했으나 지금까지 전통이 전해지고 있는 곳이기도 하다.]]></content>
</item>	
</result>
