<?xml version="1.0" encoding="utf-8"?>







<result>	
<ccbaKdcd>17</ccbaKdcd>
<ccbaAsno>00420000</ccbaAsno>
<ccbaCtcd>ZZ</ccbaCtcd>
<ccbaCpno>1271100420000</ccbaCpno>
<longitude>0</longitude>
<latitude>0</latitude>
<item>	
		<ccmaName><![CDATA[국가무형문화재]]></ccmaName>
		<crltsnoNm>42</crltsnoNm>
		<ccbaMnm1><![CDATA[악기장]]></ccbaMnm1>
		<ccbaMnm2><![CDATA[樂器匠]]></ccbaMnm2>
		<gcodeName><![CDATA[무형문화재]]></gcodeName>
		<bcodeName><![CDATA[전통기술]]></bcodeName>
		<mcodeName><![CDATA[공예]]></mcodeName>
		<scodeName><![CDATA[]]></scodeName>
		<ccbaQuan><![CDATA[]]></ccbaQuan>
		<ccbaAsdt><![CDATA[19710224]]></ccbaAsdt>
		<ccbaCtcdNm><![CDATA[기타]]></ccbaCtcdNm>
		<ccsiName><![CDATA[]]></ccsiName>
		<ccbaLcad>
			
	             
	                 
	                 
	                     <![CDATA[기타]]>
	                 
	             
	         
	         
		</ccbaLcad>
		<ccceName><![CDATA[]]></ccceName>
		<ccbaPoss>
                <![CDATA[]]>
        </ccbaPoss>
		<ccbaAdmin>
               <![CDATA[]]>
		</ccbaAdmin>
		<ccbaCncl><![CDATA[N]]></ccbaCncl>
		<ccbaCndt><![CDATA[]]></ccbaCndt>
		<imageUrl>1623209.jpg</imageUrl>
		<content><![CDATA[악기장이란 전통음악에 쓰이는 악기를 만드는 기능 또는 그러한 기능을 가진 사람을 말한다. 고구려의 벽화 등을 통해 악기를 만드는 장인은 이미 삼국시대부터 있었을 것으로 짐작되며, 조선시대에는 궁중에 악기조성청이라는 독립된 기관을 설치하여 국가에서 필요한 악기를 제작하여 사용하였다. 
현재 우리나라 국악기는 약 60∼70종으로 가야금과 거문고가 가장 대표적이다. 현악기는 울림통을 오동나무로 하고 밑판을 밤나무와 소나무 등으로 제작 하는 것이 일반적이며, 장식품의 조각은 대추나무나 흑단, 향나무 등을 많이 이용한다. 현악기 이외에도 아쟁·대쟁·호금 등이 주류를 이루고 와공후·수공후·당비파·향비파·양금·금과술 등이 제작되고 있으나 거의 사용되지 않는다. 
※ 1995년 3월 16일 북 만드는 공예기술인 북메우기 종목을 악기장에 통합하였으며, 2012년 7월 23일 궁중의례 시 아악연주에 사용하는 편종·편경 제작 기능을 추가 지정하였다.]]></content>
</item>	
</result>
