<?xml version="1.0" encoding="utf-8"?>







<result>	
<ccbaKdcd>17</ccbaKdcd>
<ccbaAsno>01310000</ccbaAsno>
<ccbaCtcd>ZZ</ccbaCtcd>
<ccbaCpno>127ZZ01310000</ccbaCpno>
<longitude>0</longitude>
<latitude>0</latitude>
<item>	
		<ccmaName><![CDATA[국가무형문화재]]></ccmaName>
		<crltsnoNm>131</crltsnoNm>
		<ccbaMnm1><![CDATA[씨름]]></ccbaMnm1>
		<ccbaMnm2><![CDATA[씨름]]></ccbaMnm2>
		<gcodeName><![CDATA[무형문화재]]></gcodeName>
		<bcodeName><![CDATA[전통 놀이·무예]]></bcodeName>
		<mcodeName><![CDATA[놀이]]></mcodeName>
		<scodeName><![CDATA[]]></scodeName>
		<ccbaQuan><![CDATA[]]></ccbaQuan>
		<ccbaAsdt><![CDATA[20170104]]></ccbaAsdt>
		<ccbaCtcdNm><![CDATA[기타]]></ccbaCtcdNm>
		<ccsiName><![CDATA[]]></ccsiName>
		<ccbaLcad>
			
	             
	                 
	                 
	                     <![CDATA[기타]]>
	                 
	             
	         
	         
		</ccbaLcad>
		<ccceName><![CDATA[]]></ccceName>
		<ccbaPoss>
                <![CDATA[]]>
        </ccbaPoss>
		<ccbaAdmin>
               <![CDATA[]]>
		</ccbaAdmin>
		<ccbaCncl><![CDATA[N]]></ccbaCncl>
		<ccbaCndt><![CDATA[]]></ccbaCndt>
		<imageUrl>2017010410482800.jpg</imageUrl>
		<content><![CDATA[「씨름」은 두 사람이 샅바를 맞잡고 힘과 기술을 이용해 상대를 넘어뜨려 승부를 겨루는 경기로서, 한민족 특유의 공동체 문화를 바탕으로 유구한 역사를 거쳐 현재까지 전승되어 온 민속놀이이다.
「씨름」은 한국을 대표하는 세시풍속 놀이로서, 다양한 놀이의 형태가 오늘날까지 온 국민에 의해 활발히 전승되고 있다는 점, 고대 삼국 시대부터 근대 시대에 이르기까지 각종 유물, 문헌, 회화 등에서 명확한 역사성이 확인된다는 점, 씨름판의 구성과 기술 방식 등에서 우리나라만의 고유성과 표현미가 확연히 드러난다는 점, 한국 전통놀이의 속성을 이해하는 데 중요한 연구대상이라는 점 등이 국가무형문화재로 지정할 가치가 높은 것으로 평가받았다.]]></content>
</item>	
</result>
