<?xml version="1.0" encoding="utf-8"?>







<result>	
<ccbaKdcd>17</ccbaKdcd>
<ccbaAsno>01330000</ccbaAsno>
<ccbaCtcd>ZZ</ccbaCtcd>
<ccbaCpno>127ZZ01330000</ccbaCpno>
<longitude>0</longitude>
<latitude>0</latitude>
<item>	
		<ccmaName><![CDATA[국가무형문화재]]></ccmaName>
		<crltsnoNm>133</crltsnoNm>
		<ccbaMnm1><![CDATA[김치 담그기]]></ccbaMnm1>
		<ccbaMnm2><![CDATA[]]></ccbaMnm2>
		<gcodeName><![CDATA[무형문화재]]></gcodeName>
		<bcodeName><![CDATA[전통 생활관습]]></bcodeName>
		<mcodeName><![CDATA[식생활]]></mcodeName>
		<scodeName><![CDATA[]]></scodeName>
		<ccbaQuan><![CDATA[]]></ccbaQuan>
		<ccbaAsdt><![CDATA[20171115]]></ccbaAsdt>
		<ccbaCtcdNm><![CDATA[기타]]></ccbaCtcdNm>
		<ccsiName><![CDATA[]]></ccsiName>
		<ccbaLcad>
			
	             
	                 
	                 
	                     <![CDATA[기타]]>
	                 
	             
	         
	         
		</ccbaLcad>
		<ccceName><![CDATA[]]></ccceName>
		<ccbaPoss>
                <![CDATA[]]>
        </ccbaPoss>
		<ccbaAdmin>
               <![CDATA[]]>
		</ccbaAdmin>
		<ccbaCncl><![CDATA[N]]></ccbaCncl>
		<ccbaCndt><![CDATA[]]></ccbaCndt>
		<imageUrl>2018022616350400.jpg</imageUrl>
		<content><![CDATA[「김치 담그기」는 과거부터 현재까지 지역적, 사회적, 경제적 차이를 넘어 대한민국 국민 전체가 공동체로 참여하는 일상적 반복적 문화임. 김치는 지역을 막론하고 한국인의 식사에서는 빠질 수 없는 음식이고, 국제적으로도 그 우수성을 인정받아 한국을 대표하는 음식중의 하나로 자리매김하였다.
그리고 역사적으로 상당기간 한국문화의 중요한 구성요소로 협동과 나눔이라는 공동체 정신이 담겨진 문화로, 이러한 문화를 통해 개개인은 문중, 친․인척, 마을, 이웃, 新공동체와의 관계에서 결속을 갖게 되며 정체성을 형성하게 되었다. 
김치 담그기의 핵심인 ‘김장’은 자연과 인간이 함께 어우러져 살 수 있는 전통지식을 담고 있으며, 사회의 선을 유지하기 위해 강조하는 나눔, 결속, 화합 등의 정신은 현대사회까지 지속되고 있다. 
과거에는 축적된 경험과 지식을 바탕으로 어머니, 며느리 등 여성공동체 중심으로 세대간 전승이 이루어졌다면, 현대는 과학이 접목되고남성들도 김장에 참여하는 적극적인 주체로 변해가고 있고, 학교, 민간단체, 지방자치단체도 다양한 형태의 김장문화 전승활동에 적극 참여하고 있다. 
또한 김치에서 발생하는 다양한 발효균은 생물학적 다양성을 보여줌과 동시에 지역적 다양성을 보여줌으로써 자연환경에 따라 파생되는 문화다양성을 엿볼 수 있다. 

김치 담그기는 고도의 특별한 기술을 필요로 하기 보다는 우리나라 전역에서 전승되는 생활관습이고 문화라는 점에서 특정 보유자나 보유단체를 인정하지 않았다.]]></content>
</item>	
</result>
