<?xml version="1.0" encoding="utf-8"?>







<result>	
<ccbaKdcd>17</ccbaKdcd>
<ccbaAsno>01020000</ccbaAsno>
<ccbaCtcd>ZZ</ccbaCtcd>
<ccbaCpno>1273101020000</ccbaCpno>
<longitude>0</longitude>
<latitude>0</latitude>
<item>	
		<ccmaName><![CDATA[국가무형문화재]]></ccmaName>
		<crltsnoNm>102</crltsnoNm>
		<ccbaMnm1><![CDATA[배첩장]]></ccbaMnm1>
		<ccbaMnm2><![CDATA[褙貼匠]]></ccbaMnm2>
		<gcodeName><![CDATA[무형문화재]]></gcodeName>
		<bcodeName><![CDATA[전통기술]]></bcodeName>
		<mcodeName><![CDATA[미술]]></mcodeName>
		<scodeName><![CDATA[]]></scodeName>
		<ccbaQuan><![CDATA[]]></ccbaQuan>
		<ccbaAsdt><![CDATA[19960311]]></ccbaAsdt>
		<ccbaCtcdNm><![CDATA[기타]]></ccbaCtcdNm>
		<ccsiName><![CDATA[]]></ccsiName>
		<ccbaLcad>
			
	             
	                 
	                 
	                     <![CDATA[기타]]>
	                 
	             
	         
	         
		</ccbaLcad>
		<ccceName><![CDATA[]]></ccceName>
		<ccbaPoss>
                <![CDATA[]]>
        </ccbaPoss>
		<ccbaAdmin>
               <![CDATA[]]>
		</ccbaAdmin>
		<ccbaCncl><![CDATA[N]]></ccbaCncl>
		<ccbaCndt><![CDATA[]]></ccbaCndt>
		<imageUrl>1623604.jpg</imageUrl>
		<content><![CDATA[배첩이란 글씨나 그림에 종이, 비단 등을 붙여 족자·액자·병풍 등을 만들어서 아름다움은 물론 실용성 및 보존성을 높여주는 전통적인 서화처리법을 가리키며, 일제강점기에 들어온 말로 오늘날에는 “표구(表具)”라고도 한다. 배첩장은 조선 전기에 회화를 담당하던 국가기관인 도화서 소속으로 궁중의 서화처리를 전담하던 사람을 말한다.
 중국 한(漢)대가 기원으로 알려진 배첩은 당(唐)대에 한층 발전하여 정립되었다. 그것이 어떻게 우리나라에 유입되었는지는 알 수 없으나 고구려 고분 벽화의 병풍 그림으로 보아 삼국시대에 전해져 한국 배첩의 기초가 형성되었을 것으로 추정된다. 배첩은 통일신라와 고려를 거쳐 꾸준히 발전하였으며, 조선시대에는 배첩장이라는 전문가가 등장할 만큼 성황을 이루었다.
 배첩의 제작기법과 형태는 액자·병풍·족자·장정 및 고서화 처리의 다섯 가지이다. 액자는 비단 재단 ―그림 초배(初褙) ―재배(再褙) ―건조·액자틀 준비 ―조립의 작업과정을 거친다. 병풍의 한 폭 처리도 액자와 같다. 족자의 작업과정은 재단·초배·겹배·건조·삼배·건조·축목(軸木)·반달부착으로 이루어진다. 장정(裝幀)은 표지나 속지가 손상된 고서의 처리를 말한다. 고서화(古書畵) 처리는 손상된 고서화를 되살려내는 작업이기에 높은 안목과 세밀한 기술을 필요로 한다.]]></content>
</item>	
</result>
